value_chain_layer,major_segment,subsegment_name,subsegment_role,company_name,company_region,leader_level,selection_basis,evidence_ids,evidence_count,source_urls,confidence,limitations,record_id,data_as_of,first_seen_at,last_verified_at,event_date,event_start_at,event_end_at,time_precision,temporal_basis,source_publish_dates,source_retrieved_dates,current_validity,claim_nature,primary_evidence_id,evidence_grade_summary,verification_method,needs_refresh_after,risk_note
上游/设计支撑,EDA/IP,EDA软件,芯片设计软件、验证、仿真和全流程设计平台。,华大九天,中国大陆,国内龙头,国内EDA上市龙头，覆盖模拟/数字/制造/封装等EDA工具线。,E3-001;E3-002;E3-003;E3-004;E3-005;E3-006;E3-007;E3-008;E3-009;E3-010;E3-011;E3-787,12,https://news.qq.com/rain/a/20260525A057LW00 | https://m.southmoney.com/gupiao/glg/202606/65976984.html | https://ask.zol.com.cn/x/34204077.html | https://www.toutiao.com/article/7643692538171458100/ | https://www.123.com.cn/kline/a1289537.html | https://www.empyrean-tech.com/product/eda.html,high,同一公司可重复出现在不同环节；本行只表示其在该子环节具备龙头/代表性地位线索。,stage3::华大九天::EDA软件,2026-07-08,2026-07-08,2026-07-06,,,,unknown,检索快照,2022-04-19;2022-08-05;2022-10-28;2024-09-06;2026-05-05;2026-05-21;2026-05-25;2026-06-17,2026-07-05;2026-07-06,当前支持,事实判断,E3-001,A:1;B-:11,公开资料检索,2026-10-08,
上游/设计支撑,EDA/IP,EDA软件,芯片设计软件、验证、仿真和全流程设计平台。,广立微,中国大陆,细分龙头,测试芯片、成品率提升与EDA数据分析领域代表企业。,E3-001;E3-002;E3-003;E3-004;E3-006;E3-007;E3-008;E3-009;E3-011;E3-788,10,https://news.qq.com/rain/a/20260525A057LW00 | https://m.southmoney.com/gupiao/glg/202606/65976984.html | https://ask.zol.com.cn/x/34204077.html | https://www.toutiao.com/article/7643692538171458100/ | https://www.zhihu.com/question/528433341/answer/2447501822 | https://www.semitronix.com?cur_lang=en,high,同一公司可重复出现在不同环节；本行只表示其在该子环节具备龙头/代表性地位线索。,stage3::广立微::EDA软件,2026-07-08,2026-07-08,2026-07-06,,,,unknown,检索快照,2022-04-19;2022-10-28;2024-09-06;2026-05-05;2026-05-25;2026-06-17,2026-07-05;2026-07-06,当前支持,事实判断,E3-001,A:1;B-:9,公开资料检索,2026-10-08,
上游/设计支撑,EDA/IP,EDA软件,芯片设计软件、验证、仿真和全流程设计平台。,概伦电子,中国大陆,细分龙头,器件建模、PDK、良率提升等EDA点工具代表企业。,E3-001;E3-003;E3-004;E3-005;E3-006;E3-007;E3-008;E3-009;E3-011;E3-789,10,https://news.qq.com/rain/a/20260525A057LW00 | https://ask.zol.com.cn/x/34204077.html | https://www.toutiao.com/article/7643692538171458100/ | https://www.123.com.cn/kline/a1289537.html | https://www.zhihu.com/question/528433341/answer/2447501822 | https://www.primarius-tech.com/en/products,high,同一公司可重复出现在不同环节；本行只表示其在该子环节具备龙头/代表性地位线索。,stage3::概伦电子::EDA软件,2026-07-08,2026-07-08,2026-07-06,,,,unknown,检索快照,2022-04-19;2022-10-28;2024-09-06;2026-05-05;2026-05-21;2026-05-25,2026-07-05;2026-07-06,当前支持,事实判断,E3-001,A:1;B-:9,公开资料检索,2026-10-08,
上游/设计支撑,EDA/IP,EDA软件,芯片设计软件、验证、仿真和全流程设计平台。,Cadence,海外,全球龙头,全球EDA三巨头之一，模拟/数字设计和系统设计平台领先。,E3-003;E3-012;E3-013;E3-014;E3-015;E3-017;E3-018;E3-019;E3-020;E3-745,10,https://ask.zol.com.cn/x/34204077.html | https://www.hdinresearch.com/reports/161849 | https://newsletter.semianalysis.com/p/eda-market-primer | https://www.fairfieldmarketresearch.com/report/electronic-design-automation-eda-market | https://www.linkedin.com/pulse/in-depth-analysis-eda-electronic-market-size-share-forecast-5yo0e | https://www.cadence.com/en_US/home/tools.html,high,同一公司可重复出现在不同环节；本行只表示其在该子环节具备龙头/代表性地位线索。,stage3::Cadence::EDA软件,2026-07-08,2026-07-08,2026-07-06,,,,unknown,检索快照,2026-05-05,2026-07-05;2026-07-06,当前支持,事实判断,E3-003,A:1;B-:9,公开资料检索,2026-10-08,
上游/设计支撑,EDA/IP,EDA软件,芯片设计软件、验证、仿真和全流程设计平台。,Siemens EDA,海外,全球龙头,全球EDA三巨头之一，IC验证、DFT、PCB/封装设计工具领先。,E3-013;E3-018;E3-746,3,https://newsletter.semianalysis.com/p/eda-market-primer | https://www.siemens.com/en-us/products/ic/,medium,同一公司可重复出现在不同环节；本行只表示其在该子环节具备龙头/代表性地位线索。,stage3::Siemens EDA::EDA软件,2026-07-08,2026-07-08,2026-07-06,,,,unknown,检索快照,,2026-07-05;2026-07-06,当前支持,事实判断,E3-013,A:1;B-:2,公开资料检索,2026-10-08,
上游/设计支撑,EDA/IP,EDA软件,芯片设计软件、验证、仿真和全流程设计平台。,Synopsys,海外,全球龙头,全球EDA三巨头之一，覆盖设计、验证、IP和软件安全。,E3-003;E3-005;E3-012;E3-013;E3-014;E3-015;E3-018;E3-019;E3-743;E3-744,10,https://ask.zol.com.cn/x/34204077.html | https://www.123.com.cn/kline/a1289537.html | https://www.hdinresearch.com/reports/161849 | https://newsletter.semianalysis.com/p/eda-market-primer | https://www.fairfieldmarketresearch.com/report/electronic-design-automation-eda-market | https://www.synopsys.com/implementation-and-signoff.html | https://www.synopsys.com/designware-ip.html,high,同一公司可重复出现在不同环节；本行只表示其在该子环节具备龙头/代表性地位线索。,stage3::Synopsys::EDA软件,2026-07-08,2026-07-08,2026-07-06,,,,unknown,检索快照,2026-05-05;2026-05-21,2026-07-05;2026-07-06,当前支持,事实判断,E3-003,A:2;B-:8,公开资料检索,2026-10-08,
上游/设计支撑,EDA/IP,半导体IP/芯片定制,可复用IP核、接口IP、处理器IP和芯片定制服务。,芯原股份,中国大陆,国内龙头,国内半导体IP和一站式芯片定制服务代表企业。,E3-024;E3-025;E3-026;E3-027;E3-028;E3-029;E3-030;E3-031;E3-032;E3-033;E3-880,11,https://finance.sina.com.cn/stock/hkstock/ggscyd/2026-03-06/doc-inhpzvnr2508100.shtml | https://news.qq.com/rain/a/20260306A062JF00 | https://tech.hexun.com/2026-01-26/223273474.html | https://k.sina.com.cn/article_5952915720_162d249080670374e0.html | https://stock.stockstar.com/JC2026030900005408.shtml | https://www.verisilicon.com/cn/Home/About | https://static.cninfo.com.cn/finalpage/2025-04-26/1223311717.PDF,medium,同一公司可重复出现在不同环节；本行只表示其在该子环节具备龙头/代表性地位线索。 证据强度审计显示该判断主要依赖搜索结果或 B/B- 来源；已降为 medium，待补官网、公告、年报、招股书或权威市场份额报告后再恢复 high。,stage3::芯原股份::半导体IP/芯片定制,2026-07-08,2026-07-08,2026-07-08,,,,unknown,检索快照,2021-07-28;2021-09-24;2023-01-18;2024-12-05;2024-12-26;2026-01-26;2026-03-06;2026-03-09,2026-07-05;2026-07-08,当前支持,事实判断,E3-024,A:1;B:3;B-:7,公开资料检索,2026-10-08,
上游/设计支撑,EDA/IP,半导体IP/芯片定制,可复用IP核、接口IP、处理器IP和芯片定制服务。,Alphawave,海外,细分龙头,高速连接IP和chiplet互连IP代表企业。,E3-039;E3-749,2,https://www.eenewseurope.com/en/arm-grows-market-share-in-bouyant-ip-market | https://www.alphawave-semi.com/products/,medium,同一公司可重复出现在不同环节；本行只表示其在该子环节具备龙头/代表性地位线索。,stage3::Alphawave::半导体IP/芯片定制,2026-07-08,2026-07-08,2026-07-06,,,,unknown,检索快照,,2026-07-05;2026-07-06,当前支持,事实判断,E3-039,A:1;B-:1,公开资料检索,2026-10-08,
上游/设计支撑,EDA/IP,半导体IP/芯片定制,可复用IP核、接口IP、处理器IP和芯片定制服务。,Arm,海外,全球龙头,CPU/GPU/NPU处理器IP生态全球领先。,E3-034;E3-039;E3-040;E3-041;E3-044;E3-747,6,https://finance.yahoo.com/news/semiconductor-intellectual-property-research-report-141100391.html | https://www.eenewseurope.com/en/arm-grows-market-share-in-bouyant-ip-market | https://www.globenewswire.com/news-release/2026/03/02/3247502/28124/en/semiconductor-intellectual-property-research-report-2026-2035-a-13-54-billion-market-by-2030-with-arm-synopsys-cadence-design-systems-ceva-imagination-technologies-leading.html | https://iipla.org/news/semiconductor-ip-market-set-to-reach-13-54-billion-by-2030-led-by-arm-synopsys-and-cadence | https://www.arm.com/products/silicon-ip-cpu,high,同一公司可重复出现在不同环节；本行只表示其在该子环节具备龙头/代表性地位线索。,stage3::Arm::半导体IP/芯片定制,2026-07-08,2026-07-08,2026-07-06,,,,unknown,检索快照,,2026-07-05;2026-07-06,当前支持,事实判断,E3-034,A:1;B-:5,公开资料检索,2026-10-08,
上游/设计支撑,EDA/IP,半导体IP/芯片定制,可复用IP核、接口IP、处理器IP和芯片定制服务。,Cadence,海外,全球龙头,接口IP、验证IP和EDA平台协同能力领先。,E3-034;E3-039;E3-040;E3-041;E3-044;E3-745,6,https://finance.yahoo.com/news/semiconductor-intellectual-property-research-report-141100391.html | https://www.eenewseurope.com/en/arm-grows-market-share-in-bouyant-ip-market | https://www.globenewswire.com/news-release/2026/03/02/3247502/28124/en/semiconductor-intellectual-property-research-report-2026-2035-a-13-54-billion-market-by-2030-with-arm-synopsys-cadence-design-systems-ceva-imagination-technologies-leading.html | https://iipla.org/news/semiconductor-ip-market-set-to-reach-13-54-billion-by-2030-led-by-arm-synopsys-and-cadence | https://www.cadence.com/en_US/home/tools.html,high,同一公司可重复出现在不同环节；本行只表示其在该子环节具备龙头/代表性地位线索。,stage3::Cadence::半导体IP/芯片定制,2026-07-08,2026-07-08,2026-07-06,,,,unknown,检索快照,,2026-07-05;2026-07-06,当前支持,事实判断,E3-034,A:1;B-:5,公开资料检索,2026-10-08,
上游/设计支撑,EDA/IP,半导体IP/芯片定制,可复用IP核、接口IP、处理器IP和芯片定制服务。,Rambus,海外,细分龙头,高速内存和接口IP代表企业。,E3-039;E3-748,2,https://www.eenewseurope.com/en/arm-grows-market-share-in-bouyant-ip-market | https://www.rambus.com/interface-ip/,medium,同一公司可重复出现在不同环节；本行只表示其在该子环节具备龙头/代表性地位线索。,stage3::Rambus::半导体IP/芯片定制,2026-07-08,2026-07-08,2026-07-06,,,,unknown,检索快照,,2026-07-05;2026-07-06,当前支持,事实判断,E3-039,A:1;B-:1,公开资料检索,2026-10-08,
上游/设计支撑,EDA/IP,半导体IP/芯片定制,可复用IP核、接口IP、处理器IP和芯片定制服务。,Synopsys,海外,全球龙头,接口IP、基础IP和EDA协同生态领先。,E3-034;E3-039;E3-040;E3-041;E3-044;E3-743;E3-744,7,https://finance.yahoo.com/news/semiconductor-intellectual-property-research-report-141100391.html | https://www.eenewseurope.com/en/arm-grows-market-share-in-bouyant-ip-market | https://www.globenewswire.com/news-release/2026/03/02/3247502/28124/en/semiconductor-intellectual-property-research-report-2026-2035-a-13-54-billion-market-by-2030-with-arm-synopsys-cadence-design-systems-ceva-imagination-technologies-leading.html | https://iipla.org/news/semiconductor-ip-market-set-to-reach-13-54-billion-by-2030-led-by-arm-synopsys-and-cadence | https://www.synopsys.com/implementation-and-signoff.html | https://www.synopsys.com/designware-ip.html,high,同一公司可重复出现在不同环节；本行只表示其在该子环节具备龙头/代表性地位线索。,stage3::Synopsys::半导体IP/芯片定制,2026-07-08,2026-07-08,2026-07-06,,,,unknown,检索快照,,2026-07-05;2026-07-06,当前支持,事实判断,E3-034,A:2;B-:5,公开资料检索,2026-10-08,
中游/设计与产品,芯片设计/Fabless,AI/GPU/CPU算力芯片,AI训练/推理、GPU、CPU、DPU和定制加速芯片。,寒武纪,中国大陆,国内龙头,国内AI训练/推理芯片代表企业。,E3-046;E3-047;E3-048;E3-049;E3-050;E3-051;E3-052;E3-053;E3-054;E3-055;E3-056;E3-830,12,https://www.toutiao.com/article/7635494358225093120/ | https://k.sina.com.cn/article_5953466437_162dab0450670ah3uu.html | https://caifuhao.eastmoney.com/news/20260509213226480796680 | https://www.21jingji.com/article/20260502/herald/8354c215c4895ada25198e36e3253824.html | https://www.163.com/dy/article/KRTHICBL0550B1DU.html | data/reports/cninfo/688256_寒武纪_2024年年度报告.pdf,high,同一公司可重复出现在不同环节；本行只表示其在该子环节具备龙头/代表性地位线索。,stage3::寒武纪::AI/GPU/CPU算力芯片,2026-07-08,2026-07-08,2026-07-07,,,,unknown,检索快照,2026-01-26;2026-04-26;2026-05-02;2026-05-03;2026-05-09;2026-06-22;2026-07-02,2026-07-05;2026-07-07,当前支持,事实判断,E3-046,A:1;B:4;B-:7,公开资料检索,2026-10-08,
中游/设计与产品,芯片设计/Fabless,AI/GPU/CPU算力芯片,AI训练/推理、GPU、CPU、DPU和定制加速芯片。,海光信息,中国大陆,国内龙头,国产CPU/DCU算力芯片代表企业。,E3-046;E3-047;E3-048;E3-049;E3-050;E3-051;E3-052;E3-053;E3-054;E3-055;E3-056;E3-831,12,https://www.toutiao.com/article/7635494358225093120/ | https://k.sina.com.cn/article_5953466437_162dab0450670ah3uu.html | https://caifuhao.eastmoney.com/news/20260509213226480796680 | https://www.21jingji.com/article/20260502/herald/8354c215c4895ada25198e36e3253824.html | https://www.163.com/dy/article/KRTHICBL0550B1DU.html | data/reports/cninfo/688041_海光信息_海光信息技术股份有限公司2024年年度报告.pdf,high,同一公司可重复出现在不同环节；本行只表示其在该子环节具备龙头/代表性地位线索。,stage3::海光信息::AI/GPU/CPU算力芯片,2026-07-08,2026-07-08,2026-07-07,,,,unknown,检索快照,2026-01-26;2026-04-26;2026-05-02;2026-05-03;2026-05-09;2026-06-22;2026-07-02,2026-07-05;2026-07-07,当前支持,事实判断,E3-046,A:1;B:4;B-:7,公开资料检索,2026-10-08,
中游/设计与产品,芯片设计/Fabless,AI/GPU/CPU算力芯片,AI训练/推理、GPU、CPU、DPU和定制加速芯片。,海思,中国大陆,国内龙头,华为旗下芯片设计平台，覆盖AI、通信和SoC。,E3-054;E3-056;E3-781,3,https://news.zol.com.cn/1125/11250697.html | https://news.qq.com/rain/a/20260622A04YB500 | https://www.hisilicon.com/en/products/balong/balong-5000,medium,同一公司可重复出现在不同环节；本行只表示其在该子环节具备龙头/代表性地位线索。,stage3::海思::AI/GPU/CPU算力芯片,2026-07-08,2026-07-08,2026-07-06,,,,unknown,检索快照,2026-01-26;2026-06-22,2026-07-05;2026-07-06,当前支持,事实判断,E3-054,A:1;B-:2,公开资料检索,2026-10-08,
中游/设计与产品,芯片设计/Fabless,AI/GPU/CPU算力芯片,AI训练/推理、GPU、CPU、DPU和定制加速芯片。,澜起科技,中国大陆,细分龙头,内存接口芯片和CXL相关产品服务AI服务器。,E3-048;E3-052;E3-054;E3-832,4,https://caifuhao.eastmoney.com/news/20260509213226480796680 | https://news.zol.com.cn/1125/11250697.html | data/reports/cninfo/688008_澜起科技_澜起科技2024年年度报告.pdf,medium,同一公司可重复出现在不同环节；本行只表示其在该子环节具备龙头/代表性地位线索。,stage3::澜起科技::AI/GPU/CPU算力芯片,2026-07-08,2026-07-08,2026-07-07,,,,unknown,检索快照,2026-01-26;2026-05-09,2026-07-05;2026-07-07,当前支持,事实判断,E3-048,A:1;B:2;B-:1,公开资料检索,2026-10-08,
中游/设计与产品,芯片设计/Fabless,AI/GPU/CPU算力芯片,AI训练/推理、GPU、CPU、DPU和定制加速芯片。,AMD,海外,全球龙头,CPU/GPU/AI加速器主要供应商。,E3-057;E3-058;E3-059;E3-060;E3-066;E3-733,6,https://bigdatasupply.com/leading-ai-hardware-companies | https://www.weex.com/questions/article/what-stocks-make-ai-chips-a-2026-market-analysis-64437 | https://www.companieshistory.com/nvidia-competitors | https://siliconanalysts.com/analysis/amd-vs-nvidia-ai-gpu-market-share-2026 | https://www.fool.com/investing/2026/06/25/battle-of-the-artificial-intelligence-computing-co | https://www.amd.com/en/products/accelerators/instinct/mi300.html,high,同一公司可重复出现在不同环节；本行只表示其在该子环节具备龙头/代表性地位线索。,stage3::AMD::AI/GPU/CPU算力芯片,2026-07-08,2026-07-08,2026-07-06,,,,unknown,检索快照,,2026-07-05;2026-07-06,当前支持,事实判断,E3-057,A:1;B-:5,公开资料检索,2026-10-08,
中游/设计与产品,芯片设计/Fabless,AI/GPU/CPU算力芯片,AI训练/推理、GPU、CPU、DPU和定制加速芯片。,Broadcom,海外,全球龙头,网络芯片和定制AI ASIC代表企业。,E3-057;E3-058;E3-059;E3-063;E3-064;E3-065;E3-066;E3-067;E3-068;E3-734,10,https://bigdatasupply.com/leading-ai-hardware-companies | https://www.weex.com/questions/article/what-stocks-make-ai-chips-a-2026-market-analysis-64437 | https://www.companieshistory.com/nvidia-competitors | https://www.linkedin.com/posts/emir-bastug-142823291_after-nvidia-two-companies-are-quietly-winning-activity-7446900786808258560-F5W- | https://phemex.com/academy/marvell-vs-broadcom-ai-chip-stocks-2026 | https://www.broadcom.com/products/ethernet-connectivity/switching/strataxgs/bcm78900-series,high,同一公司可重复出现在不同环节；本行只表示其在该子环节具备龙头/代表性地位线索。,stage3::Broadcom::AI/GPU/CPU算力芯片,2026-07-08,2026-07-08,2026-07-06,,,,unknown,检索快照,,2026-07-05;2026-07-06,当前支持,事实判断,E3-057,A:1;B-:9,公开资料检索,2026-10-08,
中游/设计与产品,芯片设计/Fabless,AI/GPU/CPU算力芯片,AI训练/推理、GPU、CPU、DPU和定制加速芯片。,Marvell,海外,细分龙头,数据中心互连、网络和定制硅芯片代表企业。,E3-058;E3-063;E3-064;E3-066;E3-067;E3-068;E3-735,7,https://www.weex.com/questions/article/what-stocks-make-ai-chips-a-2026-market-analysis-64437 | https://www.linkedin.com/posts/emir-bastug-142823291_after-nvidia-two-companies-are-quietly-winning-activity-7446900786808258560-F5W- | https://phemex.com/academy/marvell-vs-broadcom-ai-chip-stocks-2026 | https://www.fool.com/investing/2026/06/25/battle-of-the-artificial-intelligence-computing-co | https://finance.yahoo.com/markets/stocks/articles/better-custom-asic-stock-marvell-173500258.html | https://www.marvell.com/products/data-center.html,high,同一公司可重复出现在不同环节；本行只表示其在该子环节具备龙头/代表性地位线索。,stage3::Marvell::AI/GPU/CPU算力芯片,2026-07-08,2026-07-08,2026-07-06,,,,unknown,检索快照,,2026-07-05;2026-07-06,当前支持,事实判断,E3-058,A:1;B-:6,公开资料检索,2026-10-08,
中游/设计与产品,芯片设计/Fabless,AI/GPU/CPU算力芯片,AI训练/推理、GPU、CPU、DPU和定制加速芯片。,NVIDIA,海外,全球龙头,AI GPU和加速计算生态全球领先。,E3-056;E3-057;E3-058;E3-059;E3-060;E3-063;E3-065;E3-066;E3-067;E3-732,10,https://news.qq.com/rain/a/20260622A04YB500 | https://bigdatasupply.com/leading-ai-hardware-companies | https://www.weex.com/questions/article/what-stocks-make-ai-chips-a-2026-market-analysis-64437 | https://www.companieshistory.com/nvidia-competitors | https://siliconanalysts.com/analysis/amd-vs-nvidia-ai-gpu-market-share-2026 | https://www.nvidia.com/en-us/data-center/h100/,high,同一公司可重复出现在不同环节；本行只表示其在该子环节具备龙头/代表性地位线索。,stage3::NVIDIA::AI/GPU/CPU算力芯片,2026-07-08,2026-07-08,2026-07-06,,,,unknown,检索快照,2026-06-22,2026-07-05;2026-07-06,当前支持,事实判断,E3-056,A:1;B-:9,公开资料检索,2026-10-08,
中游/设计与产品,芯片设计/Fabless,手机SoC/通信基带,移动SoC、蜂窝基带、射频前端和通信处理器。,MediaTek,中国台湾,全球龙头,移动SoC和连接芯片全球主要供应商。,E3-069;E3-070;E3-071;E3-072;E3-073;E3-075;E3-076;E3-079;E3-081;E3-082;E3-083;E3-084;E3-088;E3-089;E3-881,15,https://ask.zol.com.cn/q/3154661.html | https://www.ijiwei.com/n/980524 | https://www.iotworld.com.cn/html/News/202604/38817f03fbd6110a.shtml | https://www.cww.net.cn/article?id=610531 | https://www.sohu.com/a/1015400049_359616?scm=10001.1499_13-103000-0_8000.0-0.0-1-0-0-0.0_165 | https://www.mediatek.com/products/smartphones/mediatek-dimensity | https://www.mediatek.com/products/smartphones,medium,同一公司可重复出现在不同环节；本行只表示其在该子环节具备龙头/代表性地位线索。 证据强度审计显示该判断主要依赖搜索结果或 B/B- 来源；已降为 medium，待补官网、公告、年报、招股书或权威市场份额报告后再恢复 high。,stage3::MediaTek::手机SoC/通信基带,2026-07-08,2026-07-08,2026-07-08,,,,unknown,检索快照,2026-04-01;2026-04-14;2026-04-18;2026-04-21;2026-04-27;2026-05-22;2026-06-11,2026-07-05;2026-07-08,当前支持,事实判断,E3-069,A:1;A-:1;B:1;B-:12,公开资料检索,2026-10-08,
中游/设计与产品,芯片设计/Fabless,手机SoC/通信基带,移动SoC、蜂窝基带、射频前端和通信处理器。,卓胜微,中国大陆,细分龙头,射频前端芯片国内代表企业。,E3-077;E3-078;E3-080;E3-826,4,https://www.163.com/dy/article/KJ5O5BQP051480KF.html | https://m.163.com/dy/article/KJ5O5BQP051480KF.html | https://c.m.163.com/news/a/KJ5O5BQP051480KF.html | https://www.maxscend.com,medium,同一公司可重复出现在不同环节；本行只表示其在该子环节具备龙头/代表性地位线索。,stage3::卓胜微::手机SoC/通信基带,2026-07-08,2026-07-08,2026-07-06,,,,unknown,检索快照,2026-01-13,2026-07-05;2026-07-06,当前支持,事实判断,E3-077,A:1;B-:3,公开资料检索,2026-10-08,
中游/设计与产品,芯片设计/Fabless,手机SoC/通信基带,移动SoC、蜂窝基带、射频前端和通信处理器。,海思,中国大陆,国内龙头,移动SoC、通信芯片和终端芯片平台代表企业。,E3-069;E3-070;E3-072;E3-074;E3-075;E3-076;E3-077;E3-078;E3-079;E3-080;E3-781,11,https://ask.zol.com.cn/q/3154661.html | https://www.ijiwei.com/n/980524 | https://www.cww.net.cn/article?id=610531 | https://xincailiao.ofweek.com/tag-%E8%8A%AF%E7%89%87.HTM | https://www.oxiuba.com/news/938436.html | https://www.hisilicon.com/en/products/balong/balong-5000,high,同一公司可重复出现在不同环节；本行只表示其在该子环节具备龙头/代表性地位线索。,stage3::海思::手机SoC/通信基带,2026-07-08,2026-07-08,2026-07-06,,,,unknown,检索快照,2026-01-13;2026-03-13;2026-04-01;2026-04-14;2026-04-18;2026-05-22;2026-06-11,2026-07-05;2026-07-06,当前支持,事实判断,E3-069,A:1;B-:10,公开资料检索,2026-10-08,
中游/设计与产品,芯片设计/Fabless,手机SoC/通信基带,移动SoC、蜂窝基带、射频前端和通信处理器。,紫光展锐,中国大陆,国内龙头,手机SoC和蜂窝基带芯片国内代表企业。,E3-069;E3-070;E3-071;E3-072;E3-073;E3-075;E3-076;E3-077;E3-078;E3-079;E3-080;E3-081;E3-782,13,https://ask.zol.com.cn/q/3154661.html | https://www.ijiwei.com/n/980524 | https://www.iotworld.com.cn/html/News/202604/38817f03fbd6110a.shtml | https://www.cww.net.cn/article?id=610531 | https://www.sohu.com/a/1015400049_359616?scm=10001.1499_13-103000-0_8000.0-0.0-1-0-0-0.0_165 | https://www.unisoc.com/en_us/secy/5G.html,high,同一公司可重复出现在不同环节；本行只表示其在该子环节具备龙头/代表性地位线索。,stage3::紫光展锐::手机SoC/通信基带,2026-07-08,2026-07-08,2026-07-06,,,,unknown,检索快照,2026-01-13;2026-04-01;2026-04-14;2026-04-18;2026-04-21;2026-04-27;2026-05-22;2026-06-11,2026-07-05;2026-07-06,当前支持,事实判断,E3-069,A:1;B-:12,公开资料检索,2026-10-08,
中游/设计与产品,芯片设计/Fabless,手机SoC/通信基带,移动SoC、蜂窝基带、射频前端和通信处理器。,Apple,海外,细分龙头,自研A/M系列SoC代表终端厂商垂直整合能力。,E3-069;E3-070;E3-071;E3-072;E3-073;E3-076;E3-081;E3-082;E3-084;E3-088;E3-742,11,https://ask.zol.com.cn/q/3154661.html | https://www.ijiwei.com/n/980524 | https://www.iotworld.com.cn/html/News/202604/38817f03fbd6110a.shtml | https://www.cww.net.cn/article?id=610531 | https://www.sohu.com/a/1015400049_359616?scm=10001.1499_13-103000-0_8000.0-0.0-1-0-0-0.0_165 | https://www.apple.com/newsroom/2024/05/apple-introduces-m4-chip/,high,同一公司可重复出现在不同环节；本行只表示其在该子环节具备龙头/代表性地位线索。,stage3::Apple::手机SoC/通信基带,2026-07-08,2026-07-08,2026-07-06,,,,unknown,检索快照,2024-05-07;2026-04-14;2026-04-21;2026-04-27;2026-05-22;2026-06-11,2026-07-05;2026-07-06,当前支持,事实判断,E3-069,A:1;B-:10,公开资料检索,2026-10-08,
中游/设计与产品,芯片设计/Fabless,手机SoC/通信基带,移动SoC、蜂窝基带、射频前端和通信处理器。,Qualcomm,海外,全球龙头,手机SoC、基带和无线通信专利生态领先。,E3-069;E3-070;E3-071;E3-072;E3-073;E3-075;E3-076;E3-081;E3-082;E3-083;E3-084;E3-088;E3-089;E3-090;E3-873;E3-874,16,https://ask.zol.com.cn/q/3154661.html | https://www.ijiwei.com/n/980524 | https://www.iotworld.com.cn/html/News/202604/38817f03fbd6110a.shtml | https://www.cww.net.cn/article?id=610531 | https://www.sohu.com/a/1015400049_359616?scm=10001.1499_13-103000-0_8000.0-0.0-1-0-0-0.0_165 | https://www.qualcomm.com/snapdragon/products | https://www.qualcomm.com/snapdragon/products/5g-modems,medium,同一公司可重复出现在不同环节；本行只表示其在该子环节具备龙头/代表性地位线索。 证据强度审计显示该判断主要依赖搜索结果或 B/B- 来源；已降为 medium，待补官网、公告、年报、招股书或权威市场份额报告后再恢复 high。,stage3::Qualcomm::手机SoC/通信基带,2026-07-08,2026-07-08,2026-07-08,,,,unknown,检索快照,2026-04-01;2026-04-14;2026-04-21;2026-04-27;2026-05-22;2026-06-11,2026-07-05;2026-07-08,当前支持,事实判断,E3-069,A:2;A-:1;B:1;B-:12,公开资料检索,2026-10-08,
中游/设计与产品,芯片设计/Fabless,模拟/RF/MCU/传感器,模拟芯片、射频、MCU、CIS图像传感器等产品。,兆易创新,中国大陆,细分龙头,NOR Flash、MCU和存储控制相关产品代表企业。,E3-093;E3-094;E3-095;E3-096;E3-097;E3-098;E3-100;E3-101;E3-102;E3-104;E3-882,11,https://www.taoguba.com.cn/a/2ebDrHzxIYo | https://www.taoguba.com.cn/a/2ec2DHm336p | https://www.360doc.cn/relevant/879048448.html | https://xueqiu.com/4309961896/163634220 | https://caifuhao.eastmoney.com/news/20241020055858464630970 | data/reports/cninfo/603986_兆易创新_兆易创新2024年年度报告.pdf,medium,同一公司可重复出现在不同环节；本行只表示其在该子环节具备龙头/代表性地位线索。 证据强度审计显示该判断主要依赖搜索结果或 B/B- 来源；已降为 medium，待补官网、公告、年报、招股书或权威市场份额报告后再恢复 high。,stage3::兆易创新::模拟/RF/MCU/传感器,2026-07-08,2026-07-08,2026-07-08,,,,unknown,检索快照,2020-09-25;2020-11-19;2022-04-22;2022-08-05;2023-10-30;2024-10-20;2024-12-22;2025-01-28,2026-07-05;2026-07-08,当前支持,事实判断,E3-093,A:1;B:1;B-:9,公开资料检索,2026-10-08,
中游/设计与产品,芯片设计/Fabless,模拟/RF/MCU/传感器,模拟芯片、射频、MCU、CIS图像传感器等产品。,卓胜微,中国大陆,细分龙头,射频前端芯片国内代表企业。,E3-093;E3-094;E3-095;E3-096;E3-098;E3-099;E3-100;E3-101;E3-102;E3-826,10,https://www.taoguba.com.cn/a/2ebDrHzxIYo | https://www.taoguba.com.cn/a/2ec2DHm336p | https://www.360doc.cn/relevant/879048448.html | https://xueqiu.com/4309961896/163634220 | https://wglh.com/stock/comment/2536954/ | https://www.maxscend.com,high,同一公司可重复出现在不同环节；本行只表示其在该子环节具备龙头/代表性地位线索。,stage3::卓胜微::模拟/RF/MCU/传感器,2026-07-08,2026-07-08,2026-07-06,,,,unknown,检索快照,2020-09-25;2020-11-19;2022-03-23;2022-08-05;2023-10-30;2024-12-22;2025-01-28,2026-07-05;2026-07-06,当前支持,事实判断,E3-093,A:1;B-:9,公开资料检索,2026-10-08,
中游/设计与产品,芯片设计/Fabless,模拟/RF/MCU/传感器,模拟芯片、射频、MCU、CIS图像传感器等产品。,圣邦股份,中国大陆,细分龙头,模拟芯片国内代表企业。,E3-093;E3-094;E3-095;E3-096;E3-098;E3-099;E3-100;E3-101;E3-102;E3-103;E3-790,11,https://www.taoguba.com.cn/a/2ebDrHzxIYo | https://www.taoguba.com.cn/a/2ec2DHm336p | https://www.360doc.cn/relevant/879048448.html | https://xueqiu.com/4309961896/163634220 | https://wglh.com/stock/comment/2536954/ | https://www.sg-micro.com/products/power-management,high,同一公司可重复出现在不同环节；本行只表示其在该子环节具备龙头/代表性地位线索。,stage3::圣邦股份::模拟/RF/MCU/传感器,2026-07-08,2026-07-08,2026-07-06,,,,unknown,检索快照,2020-09-25;2020-10-30;2020-11-19;2022-03-23;2022-08-05;2023-10-30;2024-12-22;2025-01-28,2026-07-05;2026-07-06,当前支持,事实判断,E3-093,A:1;B-:10,公开资料检索,2026-10-08,
中游/设计与产品,芯片设计/Fabless,模拟/RF/MCU/传感器,模拟芯片、射频、MCU、CIS图像传感器等产品。,韦尔股份,中国大陆,国内龙头,CIS图像传感器和汽车/消费传感器代表企业。,E3-093;E3-094;E3-095;E3-096;E3-097;E3-098;E3-099;E3-100;E3-101;E3-102;E3-103;E3-884,12,https://www.taoguba.com.cn/a/2ebDrHzxIYo | https://www.taoguba.com.cn/a/2ec2DHm336p | https://www.360doc.cn/relevant/879048448.html | https://xueqiu.com/4309961896/163634220 | https://caifuhao.eastmoney.com/news/20241020055858464630970 | https://www.ovt.com/products/ | https://static.cninfo.com.cn/finalpage/2025-04-16/1223104428.pdf,medium,同一公司可重复出现在不同环节；本行只表示其在该子环节具备龙头/代表性地位线索。 证据强度审计显示该判断主要依赖搜索结果或 B/B- 来源；已降为 medium，待补官网、公告、年报、招股书或权威市场份额报告后再恢复 high。,stage3::韦尔股份::模拟/RF/MCU/传感器,2026-07-08,2026-07-08,2026-07-08,,,,unknown,检索快照,2020-09-25;2020-10-30;2020-11-19;2022-03-23;2022-08-05;2023-10-30;2024-10-20;2024-12-22;2025-01-28,2026-07-05;2026-07-08,当前支持,事实判断,E3-093,A:1;B:1;B-:10,公开资料检索,2026-10-08,
中游/设计与产品,芯片设计/Fabless,模拟/RF/MCU/传感器,模拟芯片、射频、MCU、CIS图像传感器等产品。,Analog Devices,海外,全球龙头,高性能模拟、信号链和电源管理全球龙头。,E3-106;E3-107;E3-108;E3-109;E3-111;E3-113;E3-115;E3-791,8,https://x.com/TheValueist/status/2057581300786106753 | https://www.businesswire.com/news/home/20200820005577/en/Global-Capacitive-Sensor-Markets-2020-2026-Featuring-Analog-Devices-Infineon-Technologies-NXP-Semiconductors-STMicroelectronics-and-Schneider-Electric-Among-Others---ResearchAndMarkets.com | https://www.microchipusa.com/manufacturer-articles/analog-devices-and-nxp-price-increases-in-2026 | https://www.analog.com/en/lp/001/ims.html | https://www.hudson-labs.com/research/analog-devices-competitors-adi-peer-comparison-2026 | https://www.analog.com/en/products.html,high,同一公司可重复出现在不同环节；本行只表示其在该子环节具备龙头/代表性地位线索。,stage3::Analog Devices::模拟/RF/MCU/传感器,2026-07-08,2026-07-08,2026-07-06,,,,unknown,检索快照,,2026-07-05;2026-07-06,当前支持,事实判断,E3-106,A:1;B-:7,公开资料检索,2026-10-08,
中游/设计与产品,芯片设计/Fabless,模拟/RF/MCU/传感器,模拟芯片、射频、MCU、CIS图像传感器等产品。,NXP,海外,细分龙头,汽车、MCU和安全连接芯片全球主要厂商。,E3-106;E3-107;E3-108;E3-111;E3-112;E3-113;E3-115;E3-792,8,https://x.com/TheValueist/status/2057581300786106753 | https://www.businesswire.com/news/home/20200820005577/en/Global-Capacitive-Sensor-Markets-2020-2026-Featuring-Analog-Devices-Infineon-Technologies-NXP-Semiconductors-STMicroelectronics-and-Schneider-Electric-Among-Others---ResearchAndMarkets.com | https://www.microchipusa.com/manufacturer-articles/analog-devices-and-nxp-price-increases-in-2026 | https://www.hudson-labs.com/research/analog-devices-competitors-adi-peer-comparison-2026 | https://seller.alibaba.com/blogs/2026/southeast-asia/electronics/ti-st-nxp-semiconductor-alternative-selection-guide-alibaba-b2b | https://www.nxp.com/products,high,同一公司可重复出现在不同环节；本行只表示其在该子环节具备龙头/代表性地位线索。,stage3::NXP::模拟/RF/MCU/传感器,2026-07-08,2026-07-08,2026-07-06,,,,unknown,检索快照,,2026-07-05;2026-07-06,当前支持,事实判断,E3-106,A:1;B-:7,公开资料检索,2026-10-08,
中游/设计与产品,芯片设计/Fabless,模拟/RF/MCU/传感器,模拟芯片、射频、MCU、CIS图像传感器等产品。,Texas Instruments,海外,全球龙头,模拟和嵌入式处理全球龙头。,E3-106;E3-111;E3-112;E3-113;E3-115;E3-793,6,https://x.com/TheValueist/status/2057581300786106753 | https://www.hudson-labs.com/research/analog-devices-competitors-adi-peer-comparison-2026 | https://seller.alibaba.com/blogs/2026/southeast-asia/electronics/ti-st-nxp-semiconductor-alternative-selection-guide-alibaba-b2b | https://www.skyquestt.com/report/analog-semiconductor-market/companies | https://x.com/TheValueist/status/2047125674524053990 | https://www.ti.com/products.html,high,同一公司可重复出现在不同环节；本行只表示其在该子环节具备龙头/代表性地位线索。,stage3::Texas Instruments::模拟/RF/MCU/传感器,2026-07-08,2026-07-08,2026-07-06,,,,unknown,检索快照,,2026-07-05;2026-07-06,当前支持,事实判断,E3-106,A:1;B-:5,公开资料检索,2026-10-08,
中游/制造,晶圆制造/Foundry-IDM,晶圆代工/Foundry,为Fabless客户提供逻辑、成熟制程、特色工艺晶圆制造。,TSMC,中国台湾,全球龙头,先进制程和晶圆代工份额全球领先。,E3-121;E3-122;E3-124;E3-129;E3-130;E3-131;E3-133;E3-135;E3-136;E3-137;E3-138;E3-140;E3-855,13,https://m.chinabgao.com/finance/info/90349.html | https://www.chinabgao.com/finance/info/90349.html | https://max.book118.com/html/2024/1221/6045013012011013.shtm | https://www.facebook.com/tungchenyuan/posts/global-foundry-market-reaches-new-high-as-tsmc-further-expands-its-leadin-the-fi/10242330764396301 | https://averroes.ai/blog/top-10-semiconductor-foundries | https://www.tsmc.com/english/dedicatedFoundry/technology/logic,medium,同一公司可重复出现在不同环节；本行只表示其在该子环节具备龙头/代表性地位线索。 证据强度审计显示该判断主要依赖搜索结果或 B/B- 来源；已降为 medium，待补官网、公告、年报、招股书或权威市场份额报告后再恢复 high。,stage3::TSMC::晶圆代工/Foundry,2026-07-08,2026-07-08,2026-07-08,,,,unknown,检索快照,2024-12-22;2026-02-04,2026-07-05;2026-07-08,当前支持,事实判断,E3-121,A:1;A-:2;B-:10,公开资料检索,2026-10-08,
中游/制造,晶圆制造/Foundry-IDM,晶圆代工/Foundry,为Fabless客户提供逻辑、成熟制程、特色工艺晶圆制造。,UMC,中国台湾,全球龙头,成熟制程晶圆代工全球主要厂商。,E3-118;E3-120;E3-127;E3-133;E3-137;E3-773,6,https://www.163.com/dy/article/KQDEOO6105119JRD.html | https://m.163.com/dy/article/KQDEOO6105119JRD.html | https://www.sohu.com/a/825270232_121798711 | https://www.linkedin.com/posts/jett-c-17972258_global-foundry-market-share-is-very-stable-activity-7332618315233665024--n2x | https://www.marketresearchfuture.com/reports/semiconductor-foundry-market/companies | https://www.umc.com/en/Services/Foundry_Services,high,同一公司可重复出现在不同环节；本行只表示其在该子环节具备龙头/代表性地位线索。,stage3::UMC::晶圆代工/Foundry,2026-07-08,2026-07-08,2026-07-06,,,,unknown,检索快照,2024-11-09;2026-04-13,2026-07-05;2026-07-06,当前支持,事实判断,E3-118,A:1;B-:5,公开资料检索,2026-10-08,
中游/制造,晶圆制造/Foundry-IDM,晶圆代工/Foundry,为Fabless客户提供逻辑、成熟制程、特色工艺晶圆制造。,中芯国际,中国大陆,国内龙头,中国大陆晶圆代工规模和制程能力领先。,E3-117;E3-118;E3-119;E3-120;E3-121;E3-122;E3-123;E3-124;E3-126;E3-127;E3-128;E3-129;E3-133;E3-137;E3-885,15,https://www.askci.com/news/chanye/20260617/084012278165681288028237_3.shtml | https://www.163.com/dy/article/KQDEOO6105119JRD.html | https://ee.ofweek.com/tag-%E6%99%B6%E5%9C%86.HTM | https://m.163.com/dy/article/KQDEOO6105119JRD.html | https://m.chinabgao.com/finance/info/90349.html | https://www.smics.com/en/site/technology | https://static.cninfo.com.cn/finalpage/2025-03-28/1222924320.PDF,medium,同一公司可重复出现在不同环节；本行只表示其在该子环节具备龙头/代表性地位线索。 证据强度审计显示该判断主要依赖搜索结果或 B/B- 来源；已降为 medium，待补官网、公告、年报、招股书或权威市场份额报告后再恢复 high。,stage3::中芯国际::晶圆代工/Foundry,2026-07-08,2026-07-08,2026-07-08,,,,unknown,检索快照,2023-02-10;2023-07-25;2023-08-10;2024-11-09;2024-12-22;2026-02-04;2026-04-13;2026-05-06;2026-06-17,2026-07-05;2026-07-08,当前支持,事实判断,E3-117,A:1;B:1;B-:13,公开资料检索,2026-10-08,
中游/制造,晶圆制造/Foundry-IDM,晶圆代工/Foundry,为Fabless客户提供逻辑、成熟制程、特色工艺晶圆制造。,华虹半导体,中国大陆,国内龙头,特色工艺和成熟制程代工代表企业。,E3-117;E3-118;E3-119;E3-120;E3-121;E3-122;E3-123;E3-124;E3-125;E3-127;E3-128;E3-138;E3-794,13,https://www.askci.com/news/chanye/20260617/084012278165681288028237_3.shtml | https://www.163.com/dy/article/KQDEOO6105119JRD.html | https://ee.ofweek.com/tag-%E6%99%B6%E5%9C%86.HTM | https://m.163.com/dy/article/KQDEOO6105119JRD.html | https://m.chinabgao.com/finance/info/90349.html | https://www.huahonggrace.com/html,high,同一公司可重复出现在不同环节；本行只表示其在该子环节具备龙头/代表性地位线索。,stage3::华虹半导体::晶圆代工/Foundry,2026-07-08,2026-07-08,2026-07-06,,,,unknown,检索快照,2023-07-25;2023-08-10;2024-11-09;2024-12-22;2025-02-21;2026-02-04;2026-04-13;2026-05-06;2026-06-17,2026-07-05;2026-07-06,当前支持,事实判断,E3-117,A:1;B-:12,公开资料检索,2026-10-08,
中游/制造,晶圆制造/Foundry-IDM,晶圆代工/Foundry,为Fabless客户提供逻辑、成熟制程、特色工艺晶圆制造。,晶合集成,中国大陆,细分龙头,显示驱动、CIS和成熟制程代工代表企业。,E3-118;E3-120;E3-123;E3-124;E3-127;E3-129;E3-886,7,https://www.163.com/dy/article/KQDEOO6105119JRD.html | https://m.163.com/dy/article/KQDEOO6105119JRD.html | https://www.163.com/dy/article/IBP9DG8M055634WF.html | https://max.book118.com/html/2024/1221/6045013012011013.shtm | https://www.sohu.com/a/825270232_121798711 | https://www.nexchip.com.cn/,medium,同一公司可重复出现在不同环节；本行只表示其在该子环节具备龙头/代表性地位线索。 证据强度审计显示该判断主要依赖搜索结果或 B/B- 来源；已降为 medium，待补官网、公告、年报、招股书或权威市场份额报告后再恢复 high。,stage3::晶合集成::晶圆代工/Foundry,2026-07-08,2026-07-08,2026-07-08,,,,unknown,检索快照,2023-08-10;2024-11-09;2024-12-22;2026-04-13,2026-07-05;2026-07-08,当前支持,事实判断,E3-118,A:1;B-:6,公开资料检索,2026-10-08,
中游/制造,晶圆制造/Foundry-IDM,晶圆代工/Foundry,为Fabless客户提供逻辑、成熟制程、特色工艺晶圆制造。,GlobalFoundries,海外,全球龙头,特色工艺和成熟制程代工全球主要厂商。,E3-124;E3-133;E3-137;E3-138;E3-774,5,https://max.book118.com/html/2024/1221/6045013012011013.shtm | https://www.linkedin.com/posts/jett-c-17972258_global-foundry-market-share-is-very-stable-activity-7332618315233665024--n2x | https://www.marketresearchfuture.com/reports/semiconductor-foundry-market/companies | https://www.forbes.com/sites/jonmarkman/2026/02/04/three-companies-set-to-dominate-2026-profits-in-ai-chips | https://gf.com/technology-platforms/,high,同一公司可重复出现在不同环节；本行只表示其在该子环节具备龙头/代表性地位线索。,stage3::GlobalFoundries::晶圆代工/Foundry,2026-07-08,2026-07-08,2026-07-06,,,,unknown,检索快照,2024-12-22,2026-07-05;2026-07-06,当前支持,事实判断,E3-124,A:1;B-:4,公开资料检索,2026-10-08,
中游/制造,晶圆制造/Foundry-IDM,晶圆代工/Foundry,为Fabless客户提供逻辑、成熟制程、特色工艺晶圆制造。,Samsung,海外,全球龙头,先进逻辑代工和存储制造综合能力领先。,E3-124;E3-130;E3-133;E3-135;E3-136;E3-137;E3-138;E3-772;E3-775,9,https://max.book118.com/html/2024/1221/6045013012011013.shtm | https://averroes.ai/blog/top-10-semiconductor-foundries | https://www.linkedin.com/posts/jett-c-17972258_global-foundry-market-share-is-very-stable-activity-7332618315233665024--n2x | https://www.facebook.com/Drinzio/posts/largest-semiconductor-companies-by-market-cap-march-2026the-global-semiconductor/1272165155063445 | https://www.linkedin.com/posts/ali-kamaly_largest-semiconductor-companies-by-market-activity-7472281061540945920-6oGC | https://semiconductor.samsung.com/foundry/advanced-package/ | https://semiconductor.samsung.com/foundry/,high,同一公司可重复出现在不同环节；本行只表示其在该子环节具备龙头/代表性地位线索。,stage3::Samsung::晶圆代工/Foundry,2026-07-08,2026-07-08,2026-07-06,,,,unknown,检索快照,2024-12-22,2026-07-05;2026-07-06,当前支持,事实判断,E3-124,A:2;B-:7,公开资料检索,2026-10-08,
中游/制造,晶圆制造/Foundry-IDM,IDM/特色工艺制造,自有设计与制造一体化，覆盖模拟、功率、汽车和特色工艺。,华润微,中国大陆,国内龙头,功率器件、模拟和特色工艺制造一体化代表企业。,E3-144;E3-146;E3-147;E3-149;E3-150;E3-151;E3-152;E3-860,8,https://caifuhao.eastmoney.com/news/20260510194758418680380 | https://news.qq.com/rain/a/20260213A02NGW00 | https://stock.stockstar.com/IG2024111300011448.shtml | https://www.doc88.com/p-03847126345476.html | https://www.doc88.com/p-59459540041498.html | https://www.crmicro.com/corporateStructure/,medium,同一公司可重复出现在不同环节；本行只表示其在该子环节具备龙头/代表性地位线索。 证据强度审计显示该判断主要依赖搜索结果或 B/B- 来源；已降为 medium，待补官网、公告、年报、招股书或权威市场份额报告后再恢复 high。,stage3::华润微::IDM/特色工艺制造,2026-07-08,2026-07-08,2026-07-08,,,,unknown,检索快照,2021-03-12;2021-04-08;2021-04-20;2024-03-02;2024-11-13;2026-02-13;2026-05-10,2026-07-05;2026-07-08,当前支持,事实判断,E3-144,A:1;B:1;B-:6,公开资料检索,2026-10-08,
中游/制造,晶圆制造/Foundry-IDM,IDM/特色工艺制造,自有设计与制造一体化，覆盖模拟、功率、汽车和特色工艺。,士兰微,中国大陆,国内龙头,IDM模式覆盖功率、模拟和特色工艺。,E3-141;E3-142;E3-143;E3-144;E3-147;E3-148;E3-151;E3-152;E3-862,9,https://www.baogao.com/jigou/1501471.html | http://www.hibor.com.cn/data/1d293a56169760d6ca28aad33a11ed72.html | https://hqq.hibor.com.cn/data/1d293a56169760d6ca28aad33a11ed72.html | https://caifuhao.eastmoney.com/news/20260510194758418680380 | https://stock.stockstar.com/IG2024111300011448.shtml | https://www.silan.com.cn/en/about.html,medium,同一公司可重复出现在不同环节；本行只表示其在该子环节具备龙头/代表性地位线索。 证据强度审计显示该判断主要依赖搜索结果或 B/B- 来源；已降为 medium，待补官网、公告、年报、招股书或权威市场份额报告后再恢复 high。,stage3::士兰微::IDM/特色工艺制造,2026-07-08,2026-07-08,2026-07-08,,,,unknown,检索快照,2021-04-08;2022-03-26;2024-03-02;2024-11-13;2026-05-10;2026-05-27,2026-07-05;2026-07-08,当前支持,事实判断,E3-141,A:1;B:1;B-:7,公开资料检索,2026-10-08,
中游/制造,晶圆制造/Foundry-IDM,IDM/特色工艺制造,自有设计与制造一体化，覆盖模拟、功率、汽车和特色工艺。,闻泰科技,中国大陆,国内龙头,通过Nexperia覆盖功率和分立器件IDM能力。,E3-144;E3-147;E3-151;E3-865,4,https://caifuhao.eastmoney.com/news/20260510194758418680380 | https://stock.stockstar.com/IG2024111300011448.shtml | http://www.southmoney.com/gupiao/bkjj/202403/49815512.html | https://www.nexperia.com/products,medium,同一公司可重复出现在不同环节；本行只表示其在该子环节具备龙头/代表性地位线索。,stage3::闻泰科技::IDM/特色工艺制造,2026-07-08,2026-07-08,2026-07-08,,,,unknown,检索快照,2024-03-02;2024-11-13;2026-05-10,2026-07-05;2026-07-08,当前支持,事实判断,E3-144,A:1;B:1;B-:2,公开资料检索,2026-10-08,
中游/制造,晶圆制造/Foundry-IDM,IDM/特色工艺制造,自有设计与制造一体化，覆盖模拟、功率、汽车和特色工艺。,Infineon,海外,全球龙头,功率、汽车和安全芯片IDM龙头。,E3-141;E3-142;E3-143;E3-156;E3-162;E3-778,6,https://www.baogao.com/jigou/1501471.html | http://www.hibor.com.cn/data/1d293a56169760d6ca28aad33a11ed72.html | https://hqq.hibor.com.cn/data/1d293a56169760d6ca28aad33a11ed72.html | https://pradeepstechpoints.wordpress.com/category/infineon-technologies | https://manufacturingdigital.com/top10/top-10-semiconductor-manufacturers | https://www.infineon.com/products/power,high,同一公司可重复出现在不同环节；本行只表示其在该子环节具备龙头/代表性地位线索。,stage3::Infineon::IDM/特色工艺制造,2026-07-08,2026-07-08,2026-07-06,,,,unknown,检索快照,2026-05-27,2026-07-05;2026-07-06,当前支持,事实判断,E3-141,A:1;B-:5,公开资料检索,2026-10-08,
中游/制造,晶圆制造/Foundry-IDM,IDM/特色工艺制造,自有设计与制造一体化，覆盖模拟、功率、汽车和特色工艺。,Intel,海外,全球龙头,CPU和先进制造IDM代表企业。,E3-153;E3-155;E3-158;E3-159;E3-160;E3-771,6,https://www.origin-ic.com/blog/top-10-semiconductor-companies-influencing-global-technology/49444 | https://www.richardelectronics.com/blog/categories/integrated%20circuit/top-10-integrated-circuits-ic-manufacturers-2026 | https://www.linkedin.com/posts/billjewell_semiconductor-intelligence-estimates-total-activity-7444840652833472512-1jwv | https://www.statista.com/topics/13320/integrated-device-manufacturers-idms | https://www.intel.com/content/www/us/en/newsroom/resources/press-kit-advanced-packaging.html,high,同一公司可重复出现在不同环节；本行只表示其在该子环节具备龙头/代表性地位线索。,stage3::Intel::IDM/特色工艺制造,2026-07-08,2026-07-08,2026-07-06,,,,unknown,检索快照,,2026-07-05;2026-07-06,当前支持,事实判断,E3-153,A:1;B-:5,公开资料检索,2026-10-08,
中游/制造,晶圆制造/Foundry-IDM,IDM/特色工艺制造,自有设计与制造一体化，覆盖模拟、功率、汽车和特色工艺。,Samsung,海外,全球龙头,存储、逻辑和代工综合IDM能力领先。,E3-153;E3-154;E3-155;E3-157;E3-158;E3-159;E3-160;E3-161;E3-162;E3-772;E3-775,11,https://www.origin-ic.com/blog/top-10-semiconductor-companies-influencing-global-technology/49444 | https://www.facebook.com/Drinzio/posts/largest-semiconductor-companies-by-market-cap-march-2026the-global-semiconductor/1272165155063445 | https://www.richardelectronics.com/blog/categories/integrated%20circuit/top-10-integrated-circuits-ic-manufacturers-2026 | https://de.avaq.com/technology/largest-semiconductor-companies | https://www.linkedin.com/posts/billjewell_semiconductor-intelligence-estimates-total-activity-7444840652833472512-1jwv | https://semiconductor.samsung.com/foundry/advanced-package/ | https://semiconductor.samsung.com/foundry/,high,同一公司可重复出现在不同环节；本行只表示其在该子环节具备龙头/代表性地位线索。,stage3::Samsung::IDM/特色工艺制造,2026-07-08,2026-07-08,2026-07-06,,,,unknown,检索快照,,2026-07-05;2026-07-06,当前支持,事实判断,E3-153,A:2;B-:9,公开资料检索,2026-10-08,
中游/制造,晶圆制造/Foundry-IDM,IDM/特色工艺制造,自有设计与制造一体化，覆盖模拟、功率、汽车和特色工艺。,Texas Instruments,海外,全球龙头,模拟和嵌入式芯片IDM龙头。,E3-153;E3-155;E3-160;E3-793,4,https://www.origin-ic.com/blog/top-10-semiconductor-companies-influencing-global-technology/49444 | https://www.richardelectronics.com/blog/categories/integrated%20circuit/top-10-integrated-circuits-ic-manufacturers-2026 | https://www.ti.com/products.html,medium,同一公司可重复出现在不同环节；本行只表示其在该子环节具备龙头/代表性地位线索。,stage3::Texas Instruments::IDM/特色工艺制造,2026-07-08,2026-07-08,2026-07-06,,,,unknown,检索快照,,2026-07-05;2026-07-06,当前支持,事实判断,E3-153,A:1;B-:3,公开资料检索,2026-10-08,
上游/制造支撑,半导体设备,光刻设备,光刻机、涂胶显影及图形化关键设备。,上海微电子,中国大陆,国内龙头,国产光刻机和图形化设备代表企业。,E3-165;E3-166;E3-168;E3-169;E3-170;E3-185;E3-919,7,https://caifuhao.eastmoney.com/news/20260615212802738037780 | https://www.huxiu.com/article/4824939.html | https://www.zhizhi88.com/articles/112686.html | https://www.askci.com/news/chanye/20260311/091529277319172974365734.shtml | https://caifuhao.eastmoney.com/news/20260608151303734063460 | https://www.smee.com.cn/product/product_35.html | https://www.smee.com.cn/eis.pub?service=homepageService&method=indexview&homepage=10&type_name=%E6%AD%A5%E8%BF%9B%E6%89%AB%E6%8F%8F%E6%8A%95%E5%BD%B1%E5%85%89%E5%88%BB%E6%9C%BA&contentid=95&ptype=%E9%9B%86%E6%88%90%E7%94%B5%E8%B7%AF%E8%A3%85%E5%A4%87,medium,同一公司可重复出现在不同环节；本行只表示其在该子环节具备龙头/代表性地位线索。 证据强度审计显示该判断主要依赖搜索结果或 B/B- 来源；已降为 medium，待补官网、公告、年报、招股书或权威市场份额报告后再恢复 high。,stage3::上海微电子::光刻设备,2026-07-08,2026-07-08,2026-07-08,,,,unknown,检索快照,2026-01-12;2026-03-11;2026-06-03;2026-06-08;2026-06-15,2026-07-05;2026-07-08,当前支持,事实判断,E3-165,A:1;B:2;B-:4,公开资料检索,2026-10-08,
上游/制造支撑,半导体设备,光刻设备,光刻机、涂胶显影及图形化关键设备。,芯源微,中国大陆,细分龙头,涂胶显影和清洗设备国产代表企业。,E3-171;E3-172;E3-173;E3-174;E3-175;E3-176;E3-906,7,https://zhuanlan.zhihu.com/p/461156252 | https://zhuanlan.zhihu.com/p/478423934 | https://www.hanghangcha.com/cms/detail/227550.html | https://www.doc88.com/p-90899866758445.html | https://finance.sina.com.cn/roll/2019-10-22/doc-iicezzrr3888047.shtml | https://static.cninfo.com.cn/finalpage/2025-04-26/1223330378.PDF,medium,同一公司可重复出现在不同环节；本行只表示其在该子环节具备龙头/代表性地位线索。 证据强度审计显示该判断主要依赖搜索结果或 B/B- 来源；已降为 medium，待补官网、公告、年报、招股书或权威市场份额报告后再恢复 high。,stage3::芯源微::光刻设备,2026-07-08,2026-07-08,2026-07-08,,,,unknown,检索快照,2019-10-22;2021-03-30;2022-01-23;2022-01-24;2022-03-09;2022-09-04,2026-07-05;2026-07-08,当前支持,事实判断,E3-171,A:1;B:1;B-:5,公开资料检索,2026-10-08,
上游/制造支撑,半导体设备,光刻设备,光刻机、涂胶显影及图形化关键设备。,ASML,海外,全球龙头,EUV/DUV光刻设备全球核心供应商。,E3-166;E3-168;E3-170;E3-180;E3-181;E3-875;E3-876,7,https://www.huxiu.com/article/4824939.html | https://www.zhizhi88.com/articles/112686.html | https://caifuhao.eastmoney.com/news/20260608151303734063460 | https://reports.valuates.com/market-reports/QYRE-Auto-23W9388/global-duv-lithography-systems | https://eu.36kr.com/en/p/3392244236306567 | https://www.asml.com/products/euv-lithography-systems | https://www.asml.com/products/duv-lithography-systems | https://www.asml.com/en/products/euv-lithography-systems | https://www.asml.com/en/products/duv-lithography-systems,medium,同一公司可重复出现在不同环节；本行只表示其在该子环节具备龙头/代表性地位线索。 证据强度审计显示该判断主要依赖搜索结果或 B/B- 来源；已降为 medium，待补官网、公告、年报、招股书或权威市场份额报告后再恢复 high。,stage3::ASML::光刻设备,2026-07-08,2026-07-08,2026-07-08,,,,unknown,检索快照,2026-01-12;2026-06-03;2026-06-08,2026-07-05;2026-07-08,当前支持,事实判断,E3-166,A:2;B:1;B-:4,公开资料检索,2026-10-08,
上游/制造支撑,半导体设备,光刻设备,光刻机、涂胶显影及图形化关键设备。,Canon,海外,全球龙头,i-line、KrF和纳米压印等光刻设备代表厂商。,E3-166;E3-180;E3-181;E3-757,4,https://www.huxiu.com/article/4824939.html | https://reports.valuates.com/market-reports/QYRE-Auto-23W9388/global-duv-lithography-systems | https://eu.36kr.com/en/p/3392244236306567 | https://global.canon/en/product/indtech/semicon/,medium,同一公司可重复出现在不同环节；本行只表示其在该子环节具备龙头/代表性地位线索。,stage3::Canon::光刻设备,2026-07-08,2026-07-08,2026-07-06,,,,unknown,检索快照,2026-01-12,2026-07-05;2026-07-06,当前支持,事实判断,E3-166,A:1;B-:3,公开资料检索,2026-10-08,
上游/制造支撑,半导体设备,光刻设备,光刻机、涂胶显影及图形化关键设备。,Nikon,海外,全球龙头,DUV/i-line等光刻设备全球主要供应商。,E3-166;E3-180;E3-181;E3-758,4,https://www.huxiu.com/article/4824939.html | https://reports.valuates.com/market-reports/QYRE-Auto-23W9388/global-duv-lithography-systems | https://eu.36kr.com/en/p/3392244236306567 | https://www.nikon.com/business/industrial-metrology/semiconductor-lithography-systems/,medium,同一公司可重复出现在不同环节；本行只表示其在该子环节具备龙头/代表性地位线索。,stage3::Nikon::光刻设备,2026-07-08,2026-07-08,2026-07-06,,,,unknown,检索快照,2026-01-12,2026-07-05;2026-07-06,当前支持,事实判断,E3-166,A:1;B-:3,公开资料检索,2026-10-08,
上游/制造支撑,半导体设备,刻蚀设备,等离子刻蚀、介质刻蚀、硅刻蚀和深硅刻蚀设备。,中微公司,中国大陆,国内龙头,介质刻蚀、MOCVD和高端刻蚀设备国产代表。,E3-189;E3-190;E3-192;E3-193;E3-194;E3-195;E3-196;E3-197;E3-198;E3-199;E3-200;E3-853,12,https://m.southmoney.com/touzilicai/gupiao/202601/63535376.html | https://caifuhao.eastmoney.com/news/20260510163530971088720 | https://m.southmoney.com/gupiao/glg/202606/65982276.html | https://news.china.com/socialgd/10000169/20260704/49588774_4.html | https://www.chinabgao.com/freereport/113724.html | https://www.amec-inc.com/index/Lists/index/catid/26.html,medium,同一公司可重复出现在不同环节；本行只表示其在该子环节具备龙头/代表性地位线索。 证据强度审计显示该判断主要依赖搜索结果或 B/B- 来源；已降为 medium，待补官网、公告、年报、招股书或权威市场份额报告后再恢复 high。,stage3::中微公司::刻蚀设备,2026-07-08,2026-07-08,2026-07-08,,,,unknown,检索快照,2020-01-14;2020-07-30;2022-03-01;2025-10-01;2025-10-13;2026-01-06;2026-01-31;2026-03-25;2026-05-10;2026-07-04,2026-07-05;2026-07-08,当前支持,事实判断,E3-189,A:1;B:3;B-:8,公开资料检索,2026-10-08,
上游/制造支撑,半导体设备,刻蚀设备,等离子刻蚀、介质刻蚀、硅刻蚀和深硅刻蚀设备。,北方华创,中国大陆,国内龙头,刻蚀、薄膜、清洗和热处理平台型设备企业。,E3-189;E3-190;E3-191;E3-192;E3-193;E3-194;E3-195;E3-196;E3-197;E3-199;E3-200;E3-850,12,https://m.southmoney.com/touzilicai/gupiao/202601/63535376.html | https://caifuhao.eastmoney.com/news/20260510163530971088720 | https://caifuhao.eastmoney.com/news/20260628112345439384360 | https://m.southmoney.com/gupiao/glg/202606/65982276.html | https://news.china.com/socialgd/10000169/20260704/49588774_4.html | https://www.naura.com/product/details_83_1602.html,medium,同一公司可重复出现在不同环节；本行只表示其在该子环节具备龙头/代表性地位线索。 证据强度审计显示该判断主要依赖搜索结果或 B/B- 来源；已降为 medium，待补官网、公告、年报、招股书或权威市场份额报告后再恢复 high。,stage3::北方华创::刻蚀设备,2026-07-08,2026-07-08,2026-07-08,,,,unknown,检索快照,2020-01-14;2022-03-01;2025-10-01;2025-10-13;2026-01-06;2026-01-31;2026-03-25;2026-05-10;2026-06-28;2026-07-04,2026-07-05;2026-07-08,当前支持,事实判断,E3-189,A:1;B:4;B-:7,公开资料检索,2026-10-08,
上游/制造支撑,半导体设备,刻蚀设备,等离子刻蚀、介质刻蚀、硅刻蚀和深硅刻蚀设备。,Applied Materials,海外,全球龙头,刻蚀、沉积和工艺设备综合龙头。,E3-194;E3-201;E3-202;E3-203;E3-209;E3-211;E3-750,7,https://www.chinabgao.com/freereport/113724.html | https://x.com/TheValueist/status/2055077019352768950 | https://www.skyquestt.com/report/semiconductor-etch-equipment-market/companies | https://www.nomadsemi.com/p/tokyo-electron-deep-dive-part-1 | https://www.snsinsider.com/blogs/semiconductor-capital-equipment-market | https://www.appliedmaterials.com/us/en/product-library.html,high,同一公司可重复出现在不同环节；本行只表示其在该子环节具备龙头/代表性地位线索。,stage3::Applied Materials::刻蚀设备,2026-07-08,2026-07-08,2026-07-06,,,,unknown,检索快照,2026-01-31,2026-07-05;2026-07-06,当前支持,事实判断,E3-194,A:1;B-:6,公开资料检索,2026-10-08,
上游/制造支撑,半导体设备,刻蚀设备,等离子刻蚀、介质刻蚀、硅刻蚀和深硅刻蚀设备。,Lam Research,海外,全球龙头,刻蚀和薄膜设备全球龙头。,E3-194;E3-202;E3-203;E3-204;E3-206;E3-209;E3-211;E3-752,8,https://www.chinabgao.com/freereport/113724.html | https://www.skyquestt.com/report/semiconductor-etch-equipment-market/companies | https://www.nomadsemi.com/p/tokyo-electron-deep-dive-part-1 | https://www.deepresearchglobal.com/p/lam-research-swot-analysis-report | https://www.yolegroup.com/industry-news/tokyo-electron-takes-aim-at-nand-etching-leader-lam-research | https://www.lamresearch.com/products/,high,同一公司可重复出现在不同环节；本行只表示其在该子环节具备龙头/代表性地位线索。,stage3::Lam Research::刻蚀设备,2026-07-08,2026-07-08,2026-07-06,,,,unknown,检索快照,2026-01-31,2026-07-05;2026-07-06,当前支持,事实判断,E3-194,A:1;B-:7,公开资料检索,2026-10-08,
上游/制造支撑,半导体设备,刻蚀设备,等离子刻蚀、介质刻蚀、硅刻蚀和深硅刻蚀设备。,Tokyo Electron,海外,全球龙头,刻蚀、涂胶显影和沉积设备全球主要厂商。,E3-194;E3-201;E3-202;E3-203;E3-206;E3-754,6,https://www.chinabgao.com/freereport/113724.html | https://x.com/TheValueist/status/2055077019352768950 | https://www.skyquestt.com/report/semiconductor-etch-equipment-market/companies | https://www.nomadsemi.com/p/tokyo-electron-deep-dive-part-1 | https://www.yolegroup.com/industry-news/tokyo-electron-takes-aim-at-nand-etching-leader-lam-research | https://www.tel.com/product/,high,同一公司可重复出现在不同环节；本行只表示其在该子环节具备龙头/代表性地位线索。,stage3::Tokyo Electron::刻蚀设备,2026-07-08,2026-07-08,2026-07-06,,,,unknown,检索快照,2026-01-31,2026-07-05;2026-07-06,当前支持,事实判断,E3-194,A:1;B-:5,公开资料检索,2026-10-08,
上游/制造支撑,半导体设备,薄膜沉积设备,PVD、CVD、ALD、外延等薄膜工艺设备。,中微公司,中国大陆,细分龙头,MOCVD和先进工艺设备代表企业。,E3-213;E3-214;E3-218;E3-219;E3-221;E3-222;E3-223;E3-224;E3-854,9,https://semi.ofweek.com/recommendfriends-30684435.html | https://semi.ofweek.com/tag-%E8%AE%BE%E5%A4%87.HTM | https://finance.sina.com.cn/jjxw/2026-05-19/doc-inhykxfq0126020.shtml | https://www.hangyan.co/charts/3477174482760632153 | https://www.sgpjbg.com/hyshuju/90c71dc46f5ab218aa5d3c1b5ef1f4b1.html | https://www.amec-inc.com/index/Lists/index/catid/30.html,medium,同一公司可重复出现在不同环节；本行只表示其在该子环节具备龙头/代表性地位线索。 证据强度审计显示该判断主要依赖搜索结果或 B/B- 来源；已降为 medium，待补官网、公告、年报、招股书或权威市场份额报告后再恢复 high。,stage3::中微公司::薄膜沉积设备,2026-07-08,2026-07-08,2026-07-08,,,,unknown,检索快照,2022-05-20;2023-02-28;2023-08-24;2024-10-12;2026-04-11;2026-05-09;2026-05-19,2026-07-05;2026-07-08,当前支持,事实判断,E3-213,A:1;B:1;B-:7,公开资料检索,2026-10-08,
上游/制造支撑,半导体设备,薄膜沉积设备,PVD、CVD、ALD、外延等薄膜工艺设备。,北方华创,中国大陆,国内龙头,PVD、CVD、ALD等薄膜设备国产平台型企业。,E3-213;E3-214;E3-216;E3-217;E3-218;E3-219;E3-221;E3-222;E3-224;E3-851,10,https://semi.ofweek.com/recommendfriends-30684435.html | https://semi.ofweek.com/tag-%E8%AE%BE%E5%A4%87.HTM | https://www.chinabgao.com/finance/info/94431.html | https://m.chinabgao.com/finance/info/94431.html | https://finance.sina.com.cn/jjxw/2026-05-19/doc-inhykxfq0126020.shtml | https://www.naura.com/product/semiconductor.html,medium,同一公司可重复出现在不同环节；本行只表示其在该子环节具备龙头/代表性地位线索。 证据强度审计显示该判断主要依赖搜索结果或 B/B- 来源；已降为 medium，待补官网、公告、年报、招股书或权威市场份额报告后再恢复 high。,stage3::北方华创::薄膜沉积设备,2026-07-08,2026-07-08,2026-07-08,,,,unknown,检索快照,2023-02-28;2023-08-24;2024-10-12;2026-02-26;2026-04-11;2026-05-09;2026-05-19,2026-07-05;2026-07-08,当前支持,事实判断,E3-213,A:1;B:1;B-:8,公开资料检索,2026-10-08,
上游/制造支撑,半导体设备,薄膜沉积设备,PVD、CVD、ALD、外延等薄膜工艺设备。,拓荆科技,中国大陆,国内龙头,PECVD、ALD、SACVD等薄膜沉积设备代表企业。,E3-213;E3-214;E3-215;E3-216;E3-217;E3-218;E3-219;E3-220;E3-221;E3-222;E3-223;E3-224;E3-887,13,https://semi.ofweek.com/recommendfriends-30684435.html | https://semi.ofweek.com/tag-%E8%AE%BE%E5%A4%87.HTM | https://www.baogao.com/jigou/1501614.html | https://www.chinabgao.com/finance/info/94431.html | https://m.chinabgao.com/finance/info/94431.html | https://www.piotech.cn/product.html | https://static.cninfo.com.cn/finalpage/2025-04-25/1223286833.PDF,medium,同一公司可重复出现在不同环节；本行只表示其在该子环节具备龙头/代表性地位线索。 证据强度审计显示该判断主要依赖搜索结果或 B/B- 来源；已降为 medium，待补官网、公告、年报、招股书或权威市场份额报告后再恢复 high。,stage3::拓荆科技::薄膜沉积设备,2026-07-08,2026-07-08,2026-07-08,,,,unknown,检索快照,2022-05-20;2023-02-28;2023-06-17;2023-08-24;2024-10-12;2026-02-26;2026-04-11;2026-05-09;2026-05-19;2026-05-31,2026-07-05;2026-07-08,当前支持,事实判断,E3-213,A:1;B:2;B-:10,公开资料检索,2026-10-08,
上游/制造支撑,半导体设备,薄膜沉积设备,PVD、CVD、ALD、外延等薄膜工艺设备。,ASM International,海外,细分龙头,ALD和外延沉积设备全球代表厂商。,E3-225;E3-226;E3-231;E3-756,4,https://www.businesswire.com/news/home/20230103005545/en/Outlook-on-the-Deposition-Equipment-Global-Market-to-2027---Featuring-Applied-Materials-Tokyo-Electron-Lam-Research-ASM-International-and-Veeco-Instruments-Among-Others---ResearchAndMarkets.com | https://www.prnewswire.com/news-releases/worldwide-semiconductor-etch-and-deposition-industry-to-2026---featuring-lam-research-tokyo-electron-and-asm-international-among-others-301267802.html | https://uk.finance.yahoo.com/news/ald-equipment-market-outlook-report-122400794.html | https://www.asm.com/,medium,同一公司可重复出现在不同环节；本行只表示其在该子环节具备龙头/代表性地位线索。,stage3::ASM International::薄膜沉积设备,2026-07-08,2026-07-08,2026-07-06,,,,unknown,检索快照,,2026-07-05;2026-07-06,当前支持,事实判断,E3-225,A:1;B-:3,公开资料检索,2026-10-08,
上游/制造支撑,半导体设备,薄膜沉积设备,PVD、CVD、ALD、外延等薄膜工艺设备。,Applied Materials,海外,全球龙头,沉积设备和材料工程解决方案全球龙头。,E3-225;E3-227;E3-228;E3-231;E3-233;E3-750,6,https://www.businesswire.com/news/home/20230103005545/en/Outlook-on-the-Deposition-Equipment-Global-Market-to-2027---Featuring-Applied-Materials-Tokyo-Electron-Lam-Research-ASM-International-and-Veeco-Instruments-Among-Others---ResearchAndMarkets.com | https://koalagains.com/stocks/NASDAQ/AMAT | https://www.snsinsider.com/blogs/semiconductor-capital-equipment-market | https://uk.finance.yahoo.com/news/ald-equipment-market-outlook-report-122400794.html | https://www.linkedin.com/pulse/global-semiconductor-cvd-equipment-market-forecast-2026-k2tie | https://www.appliedmaterials.com/us/en/product-library.html,high,同一公司可重复出现在不同环节；本行只表示其在该子环节具备龙头/代表性地位线索。,stage3::Applied Materials::薄膜沉积设备,2026-07-08,2026-07-08,2026-07-06,,,,unknown,检索快照,,2026-07-05;2026-07-06,当前支持,事实判断,E3-225,A:1;B-:5,公开资料检索,2026-10-08,
上游/制造支撑,半导体设备,薄膜沉积设备,PVD、CVD、ALD、外延等薄膜工艺设备。,Lam Research,海外,全球龙头,沉积、刻蚀和清洗工艺设备全球主要厂商。,E3-225;E3-226;E3-228;E3-230;E3-233;E3-752,6,https://www.businesswire.com/news/home/20230103005545/en/Outlook-on-the-Deposition-Equipment-Global-Market-to-2027---Featuring-Applied-Materials-Tokyo-Electron-Lam-Research-ASM-International-and-Veeco-Instruments-Among-Others---ResearchAndMarkets.com | https://www.prnewswire.com/news-releases/worldwide-semiconductor-etch-and-deposition-industry-to-2026---featuring-lam-research-tokyo-electron-and-asm-international-among-others-301267802.html | https://www.snsinsider.com/blogs/semiconductor-capital-equipment-market | https://www.skyquestt.com/report/semiconductor-capital-equipment-market/companies | https://www.linkedin.com/pulse/global-semiconductor-cvd-equipment-market-forecast-2026-k2tie | https://www.lamresearch.com/products/,high,同一公司可重复出现在不同环节；本行只表示其在该子环节具备龙头/代表性地位线索。,stage3::Lam Research::薄膜沉积设备,2026-07-08,2026-07-08,2026-07-06,,,,unknown,检索快照,,2026-07-05;2026-07-06,当前支持,事实判断,E3-225,A:1;B-:5,公开资料检索,2026-10-08,
上游/制造支撑,半导体设备,薄膜沉积设备,PVD、CVD、ALD、外延等薄膜工艺设备。,Tokyo Electron,海外,全球龙头,沉积、涂胶显影和热处理设备全球主要厂商。,E3-225;E3-226;E3-231;E3-233;E3-754,5,https://www.businesswire.com/news/home/20230103005545/en/Outlook-on-the-Deposition-Equipment-Global-Market-to-2027---Featuring-Applied-Materials-Tokyo-Electron-Lam-Research-ASM-International-and-Veeco-Instruments-Among-Others---ResearchAndMarkets.com | https://www.prnewswire.com/news-releases/worldwide-semiconductor-etch-and-deposition-industry-to-2026---featuring-lam-research-tokyo-electron-and-asm-international-among-others-301267802.html | https://uk.finance.yahoo.com/news/ald-equipment-market-outlook-report-122400794.html | https://www.linkedin.com/pulse/global-semiconductor-cvd-equipment-market-forecast-2026-k2tie | https://www.tel.com/product/,high,同一公司可重复出现在不同环节；本行只表示其在该子环节具备龙头/代表性地位线索。,stage3::Tokyo Electron::薄膜沉积设备,2026-07-08,2026-07-08,2026-07-06,,,,unknown,检索快照,,2026-07-05;2026-07-06,当前支持,事实判断,E3-225,A:1;B-:4,公开资料检索,2026-10-08,
上游/制造支撑,半导体设备,清洗/CMP/热处理设备,清洗、CMP抛光、热处理和相关晶圆制程设备。,北方华创,中国大陆,细分龙头,热处理、清洗和平台型设备能力覆盖广。,E3-237;E3-238;E3-242;E3-852,4,https://caifuhao.eastmoney.com/news/20260515114810189162350 | https://news.cnpowder.com.cn/87990.html | https://news.china.com/socialgd/10000169/20260704/49588774_5.html | https://www.naura.com/product/details_83_147.html,medium,同一公司可重复出现在不同环节；本行只表示其在该子环节具备龙头/代表性地位线索。,stage3::北方华创::清洗/CMP/热处理设备,2026-07-08,2026-07-08,2026-07-08,,,,unknown,检索快照,2026-02-27;2026-05-15;2026-07-04,2026-07-05;2026-07-08,当前支持,事实判断,E3-237,A:1;B:1;B-:2,公开资料检索,2026-10-08,
上游/制造支撑,半导体设备,清洗/CMP/热处理设备,清洗、CMP抛光、热处理和相关晶圆制程设备。,华海清科,中国大陆,国内龙头,CMP设备国产代表企业。,E3-238;E3-239;E3-240;E3-243;E3-244;E3-245;E3-246;E3-247;E3-888,9,"https://news.cnpowder.com.cn/87990.html | https://news.qq.com/rain/a/20260617A05DRC00 | https://www.caiwennews.com/article/1485573.shtml | http://gubapost.eastmoney.com/news,688082,1270973984.html | https://caifuhao.eastmoney.com/news/20231031161847322520370 | https://www.hwatsing.com/product.aspx?FId=t3:7:3 | https://static.cninfo.com.cn/finalpage/2025-04-29/1223387671.PDF",medium,同一公司可重复出现在不同环节；本行只表示其在该子环节具备龙头/代表性地位线索。 证据强度审计显示该判断主要依赖搜索结果或 B/B- 来源；已降为 medium，待补官网、公告、年报、招股书或权威市场份额报告后再恢复 high。,stage3::华海清科::清洗/CMP/热处理设备,2026-07-08,2026-07-08,2026-07-08,,,,unknown,检索快照,2022-08-05;2023-01-17;2023-02-20;2023-11-01;2026-02-27;2026-06-17,2026-07-05;2026-07-08,当前支持,事实判断,E3-238,A:1;B:2;B-:6,公开资料检索,2026-10-08,
上游/制造支撑,半导体设备,清洗/CMP/热处理设备,清洗、CMP抛光、热处理和相关晶圆制程设备。,盛美上海,中国大陆,国内龙头,半导体清洗和电镀设备国产代表企业。,E3-237;E3-238;E3-239;E3-240;E3-241;E3-242;E3-243;E3-248;E3-889,9,"https://caifuhao.eastmoney.com/news/20260515114810189162350 | https://news.cnpowder.com.cn/87990.html | https://news.qq.com/rain/a/20260617A05DRC00 | https://www.caiwennews.com/article/1485573.shtml | https://guba.eastmoney.com/news,688596,1719729392.html | https://www.acmrcsh.com/product/wafer-cleaning-equipment/ | https://static.cninfo.com.cn/finalpage/2025-02-27/1222651596.PDF",medium,同一公司可重复出现在不同环节；本行只表示其在该子环节具备龙头/代表性地位线索。 证据强度审计显示该判断主要依赖搜索结果或 B/B- 来源；已降为 medium，待补官网、公告、年报、招股书或权威市场份额报告后再恢复 high。,stage3::盛美上海::清洗/CMP/热处理设备,2026-07-08,2026-07-08,2026-07-08,,,,unknown,检索快照,2022-04-20;2023-01-17;2026-02-27;2026-05-15;2026-06-03;2026-06-17;2026-07-04,2026-07-05;2026-07-08,当前支持,事实判断,E3-237,A:1;B:3;B-:5,公开资料检索,2026-10-08,
上游/制造支撑,半导体设备,清洗/CMP/热处理设备,清洗、CMP抛光、热处理和相关晶圆制程设备。,Applied Materials,海外,全球龙头,CMP和多类工艺设备全球综合龙头。,E3-238;E3-251;E3-254;E3-750,4,https://news.cnpowder.com.cn/87990.html | https://jeez-semicon.com/blog/Top-CMP-Machine-Manufacturers-Applied-Materials-Ebara-the-Global-Equipment-Landscape | https://ir.appliedmaterials.com/news-releases/news-release-details/applied-materials-partners-screen-bring-advanced-wafer-cleaning | https://www.appliedmaterials.com/us/en/product-library.html,medium,同一公司可重复出现在不同环节；本行只表示其在该子环节具备龙头/代表性地位线索。,stage3::Applied Materials::清洗/CMP/热处理设备,2026-07-08,2026-07-08,2026-07-06,,,,unknown,检索快照,2026-02-27,2026-07-05;2026-07-06,当前支持,事实判断,E3-238,A:1;B-:3,公开资料检索,2026-10-08,
上游/制造支撑,半导体设备,清洗/CMP/热处理设备,清洗、CMP抛光、热处理和相关晶圆制程设备。,Ebara,海外,全球龙头,CMP设备和真空设备全球主要供应商。,E3-238;E3-251;E3-260;E3-760,4,https://news.cnpowder.com.cn/87990.html | https://jeez-semicon.com/blog/Top-CMP-Machine-Manufacturers-Applied-Materials-Ebara-the-Global-Equipment-Landscape | https://www.linx-consulting.com/wp-content/uploads/2018/04/Michael-Wedlake-Business-of-Cleans.pdf | https://www.ebara.com/en/business/precision-machinery/,medium,同一公司可重复出现在不同环节；本行只表示其在该子环节具备龙头/代表性地位线索。,stage3::Ebara::清洗/CMP/热处理设备,2026-07-08,2026-07-08,2026-07-06,,,,unknown,检索快照,2026-02-27,2026-07-05;2026-07-06,当前支持,事实判断,E3-238,A:1;B-:3,公开资料检索,2026-10-08,
上游/制造支撑,半导体设备,清洗/CMP/热处理设备,清洗、CMP抛光、热处理和相关晶圆制程设备。,SCREEN,海外,全球龙头,晶圆清洗设备全球龙头之一。,E3-250;E3-254;E3-759,3,https://www.sphericalinsights.com/blogs/top-25-companies-in-global-wafer-cleaning-equipment-market-2026-2035-spherical-insights-analysis | https://ir.appliedmaterials.com/news-releases/news-release-details/applied-materials-partners-screen-bring-advanced-wafer-cleaning | https://www.screen.co.jp/spe/en/products/,medium,同一公司可重复出现在不同环节；本行只表示其在该子环节具备龙头/代表性地位线索。,stage3::SCREEN::清洗/CMP/热处理设备,2026-07-08,2026-07-08,2026-07-06,,,,unknown,检索快照,,2026-07-05;2026-07-06,当前支持,事实判断,E3-250,A:1;B-:2,公开资料检索,2026-10-08,
上游/制造支撑,半导体设备,量测检测设备,缺陷检测、薄膜量测、CD量测和过程控制设备。,中科飞测,中国大陆,国内龙头,半导体检测和量测设备国产代表企业。,E3-261;E3-262;E3-263;E3-264;E3-265;E3-266;E3-267;E3-268;E3-269;E3-270;E3-890,11,https://www.vzkoo.com/document/4627160631030583296.html | https://www.baogaobox.com/reports/260118000091002.html | http://www.eeo.com.cn/2026/0406/828896.shtml | https://www.vzkoo.com/read/4628353325014716416.html | https://www.toutiao.com/article/7313435908529717794/ | https://www.skyverse.cn/products | https://static.cninfo.com.cn/finalpage/2025-04-04/1223006264.PDF,medium,同一公司可重复出现在不同环节；本行只表示其在该子环节具备龙头/代表性地位线索。 证据强度审计显示该判断主要依赖搜索结果或 B/B- 来源；已降为 medium，待补官网、公告、年报、招股书或权威市场份额报告后再恢复 high。,stage3::中科飞测::量测检测设备,2026-07-08,2026-07-08,2026-07-08,,,,unknown,检索快照,2022-12-14;2023-05-21;2023-05-22;2023-08-24;2023-09-06;2023-12-17;2026-01-16;2026-01-19;2026-01-22;2026-04-06,2026-07-05;2026-07-08,当前支持,事实判断,E3-261,A:1;B:1;B-:9,公开资料检索,2026-10-08,
上游/制造支撑,半导体设备,量测检测设备,缺陷检测、薄膜量测、CD量测和过程控制设备。,精测电子,中国大陆,细分龙头,显示和半导体检测设备国产代表企业。,E3-269;E3-795,2,https://www.sgpjbg.com/hyshuju/fe39441654f2d7438394f6e404eb2577.html | https://jingceelectronic.com/about-us,medium-low,同一公司可重复出现在不同环节；本行只表示其在该子环节具备龙头/代表性地位线索。,stage3::精测电子::量测检测设备,2026-07-08,2026-07-08,2026-07-06,,,,unknown,检索快照,2023-08-24,2026-07-05;2026-07-06,当前支持,事实判断,E3-269,A:1;B-:1,公开资料检索,2026-10-08,
上游/制造支撑,半导体设备,量测检测设备,缺陷检测、薄膜量测、CD量测和过程控制设备。,Applied Materials,海外,全球龙头,过程控制和工艺设备综合供应商。,E3-266;E3-267;E3-273;E3-276;E3-281;E3-282;E3-750,7,http://stock.finance.sina.com.cn/stock/go.php/vReport_Show/kind/lastest/rptid/738012730442/index.phtml | https://www.mingridapan.com/gupiaofenxi/277346.html | https://www.linkedin.com/pulse/global-semiconductor-metrology-inspection-equipment-y3oyf | https://www.globalsmt.net/advanced-packaging/global-semiconductor-inspection-equipment-market-is-thriving-worldwide-with-kla-tencor-applied-materials-hitachi-high-technologies-asml | https://www.tradingview.com/news/zacks:dded64d6f094b:0-kla-vs-applied-materials-which-chip-equipment-stock-wins-now | https://www.appliedmaterials.com/us/en/product-library.html,high,同一公司可重复出现在不同环节；本行只表示其在该子环节具备龙头/代表性地位线索。,stage3::Applied Materials::量测检测设备,2026-07-08,2026-07-08,2026-07-06,,,,unknown,检索快照,2023-05-21;2023-05-22,2026-07-05;2026-07-06,当前支持,事实判断,E3-266,A:1;B:1;B-:5,公开资料检索,2026-10-08,
上游/制造支撑,半导体设备,量测检测设备,缺陷检测、薄膜量测、CD量测和过程控制设备。,KLA,海外,全球龙头,过程控制、检测和量测设备全球龙头。,E3-266;E3-267;E3-268;E3-269;E3-273;E3-274;E3-276;E3-281;E3-282;E3-877,10,http://stock.finance.sina.com.cn/stock/go.php/vReport_Show/kind/lastest/rptid/738012730442/index.phtml | https://www.mingridapan.com/gupiaofenxi/277346.html | https://www.toutiao.com/article/7275527318146564664/ | https://www.sgpjbg.com/hyshuju/fe39441654f2d7438394f6e404eb2577.html | https://www.linkedin.com/pulse/global-semiconductor-metrology-inspection-equipment-y3oyf | https://www.kla.com/,medium,同一公司可重复出现在不同环节；本行只表示其在该子环节具备龙头/代表性地位线索。 证据强度审计显示该判断主要依赖搜索结果或 B/B- 来源；已降为 medium，待补官网、公告、年报、招股书或权威市场份额报告后再恢复 high。,stage3::KLA::量测检测设备,2026-07-08,2026-07-08,2026-07-08,,,,unknown,检索快照,2023-05-21;2023-05-22;2023-08-24;2023-09-06,2026-07-05;2026-07-08,当前支持,事实判断,E3-266,A:1;B:1;B-:8,公开资料检索,2026-10-08,
上游/制造支撑,半导体设备,量测检测设备,缺陷检测、薄膜量测、CD量测和过程控制设备。,Onto Innovation,海外,细分龙头,量测、检测和先进封装过程控制代表厂商。,E3-272;E3-796,2,https://ontoinnovation.com/product-categories/metrology | https://ontoinnovation.com/products/,medium-low,同一公司可重复出现在不同环节；本行只表示其在该子环节具备龙头/代表性地位线索。,stage3::Onto Innovation::量测检测设备,2026-07-08,2026-07-08,2026-07-06,,,,unknown,检索快照,,2026-07-05;2026-07-06,当前支持,事实判断,E3-272,A:1;B-:1,公开资料检索,2026-10-08,
上游/制造支撑,半导体设备,测试设备,SoC、存储、模拟和功率器件测试机及分选设备。,华峰测控,中国大陆,国内龙头,模拟和功率半导体测试设备国产代表企业。,E3-283;E3-284;E3-285;E3-286;E3-287;E3-288;E3-289;E3-290;E3-293;E3-294;E3-891,11,http://www.southmoney.com/bandaoti/202502/349267.html | http://www.southmoney.com/bandaoti/202412/186345.html | https://m.southmoney.com/hangqing/202512/63013158.html | http://news.xunjk.com/news/zhws/2023/0708/533304.html | https://www.doc88.com/p-48247169514345.html | https://www.hftc.com.cn/en/products/product | https://static.cninfo.com.cn/finalpage/2025-03-14/1222788332.PDF,medium,同一公司可重复出现在不同环节；本行只表示其在该子环节具备龙头/代表性地位线索。 证据强度审计显示该判断主要依赖搜索结果或 B/B- 来源；已降为 medium，待补官网、公告、年报、招股书或权威市场份额报告后再恢复 high。,stage3::华峰测控::测试设备,2026-07-08,2026-07-08,2026-07-08,,,,unknown,检索快照,2020-09-17;2021-02-23;2021-07-05;2022-08-15;2023-07-08;2024-12-11;2025-01-03;2025-02-21;2025-04-27;2025-12-19,2026-07-05;2026-07-08,当前支持,事实判断,E3-283,A:1;B:2;B-:8,公开资料检索,2026-10-08,
上游/制造支撑,半导体设备,测试设备,SoC、存储、模拟和功率器件测试机及分选设备。,长川科技,中国大陆,国内龙头,测试机、分选机和探针台国产代表企业。,E3-283;E3-284;E3-285;E3-286;E3-289;E3-290;E3-291;E3-292;E3-293;E3-294;E3-892,11,http://www.southmoney.com/bandaoti/202502/349267.html | http://www.southmoney.com/bandaoti/202412/186345.html | https://m.southmoney.com/hangqing/202512/63013158.html | http://news.xunjk.com/news/zhws/2023/0708/533304.html | https://www.toutiao.com/article/7497936185612862002/ | https://www.hzcctech.com/product | https://static.cninfo.com.cn/finalpage/2025-04-29/1223380487.PDF,medium,同一公司可重复出现在不同环节；本行只表示其在该子环节具备龙头/代表性地位线索。 证据强度审计显示该判断主要依赖搜索结果或 B/B- 来源；已降为 medium，待补官网、公告、年报、招股书或权威市场份额报告后再恢复 high。,stage3::长川科技::测试设备,2026-07-08,2026-07-08,2026-07-08,,,,unknown,检索快照,2020-09-17;2022-08-15;2022-11-10;2022-12-14;2023-07-08;2024-12-11;2025-01-03;2025-02-21;2025-04-27;2025-12-19,2026-07-05;2026-07-08,当前支持,事实判断,E3-283,A:1;B:1;B-:9,公开资料检索,2026-10-08,
上游/制造支撑,半导体设备,测试设备,SoC、存储、模拟和功率器件测试机及分选设备。,Advantest,海外,全球龙头,半导体ATE测试设备全球龙头。,E3-288;E3-289;E3-293;E3-295;E3-296;E3-297;E3-301;E3-302;E3-879,9,https://data.eastmoney.com/report/zw_stock.jshtml?infocode=AP202102231464518366 | https://www.toutiao.com/article/7497936185612862002/ | http://stock.finance.sina.com.cn/stock/go.php/vReport_Show/kind/lastest/rptid/713920101874/index.phtml | https://www.fortunebusinessinsights.com/semiconductor-test-equipment-market-113809 | https://www.advantest.com/en/news/2026/20260514.html | https://www.advantest.com/en/products/semiconductor-test-system/soc/,medium,同一公司可重复出现在不同环节；本行只表示其在该子环节具备龙头/代表性地位线索。 证据强度审计显示该判断主要依赖搜索结果或 B/B- 来源；已降为 medium，待补官网、公告、年报、招股书或权威市场份额报告后再恢复 high。,stage3::Advantest::测试设备,2026-07-08,2026-07-08,2026-07-08,,,,unknown,检索快照,2021-02-23;2022-08-15;2025-04-27,2026-07-05;2026-07-08,当前支持,事实判断,E3-288,A:1;B:2;B-:6,公开资料检索,2026-10-08,
上游/制造支撑,半导体设备,测试设备,SoC、存储、模拟和功率器件测试机及分选设备。,Cohu,海外,细分龙头,测试、分选和接口解决方案全球主要厂商。,E3-295;E3-297;E3-301;E3-797,4,https://www.fortunebusinessinsights.com/semiconductor-test-equipment-market-113809 | https://www.linkedin.com/pulse/testing-equipment-semiconductor-market-20262033-cbiuf | https://www.cohu.com/products/semiconductor-test/,medium,同一公司可重复出现在不同环节；本行只表示其在该子环节具备龙头/代表性地位线索。,stage3::Cohu::测试设备,2026-07-08,2026-07-08,2026-07-06,,,,unknown,检索快照,,2026-07-05;2026-07-06,当前支持,事实判断,E3-295,A:1;B-:3,公开资料检索,2026-10-08,
上游/制造支撑,半导体设备,测试设备,SoC、存储、模拟和功率器件测试机及分选设备。,Teradyne,海外,全球龙头,SoC、存储和系统级测试设备全球龙头。,E3-288;E3-289;E3-293;E3-295;E3-297;E3-301;E3-305;E3-878,8,https://data.eastmoney.com/report/zw_stock.jshtml?infocode=AP202102231464518366 | https://www.toutiao.com/article/7497936185612862002/ | http://stock.finance.sina.com.cn/stock/go.php/vReport_Show/kind/lastest/rptid/713920101874/index.phtml | https://www.fortunebusinessinsights.com/semiconductor-test-equipment-market-113809 | https://www.linkedin.com/pulse/testing-equipment-semiconductor-market-20262033-cbiuf | https://www.teradyne.com/semiconductor-testing/,medium,同一公司可重复出现在不同环节；本行只表示其在该子环节具备龙头/代表性地位线索。 证据强度审计显示该判断主要依赖搜索结果或 B/B- 来源；已降为 medium，待补官网、公告、年报、招股书或权威市场份额报告后再恢复 high。,stage3::Teradyne::测试设备,2026-07-08,2026-07-08,2026-07-08,,,,unknown,检索快照,2021-02-23;2022-08-15;2025-04-27,2026-07-05;2026-07-08,当前支持,事实判断,E3-288,A:1;B:2;B-:5,公开资料检索,2026-10-08,
上游/制造支撑,半导体材料,硅片,半导体级硅片、外延片和相关晶圆基材。,GlobalWafers,中国台湾,全球龙头,半导体硅片全球主要供应商。,E3-313;E3-316;E3-318;E3-324;E3-893,5,https://finance.sina.com.cn/roll/2023-10-11/doc-imzqtftm2760025.shtml | https://www.wkzk.com/chart/13941.html | https://finance.yahoo.com/news/silicon-epi-wafers-market-grow-120600829.html | https://www.sas-globalwafers.com/products-2/,medium,同一公司可重复出现在不同环节；本行只表示其在该子环节具备龙头/代表性地位线索。 证据强度审计显示该判断主要依赖搜索结果或 B/B- 来源；已降为 medium，待补官网、公告、年报、招股书或权威市场份额报告后再恢复 high。,stage3::GlobalWafers::硅片,2026-07-08,2026-07-08,2026-07-08,,,,unknown,检索快照,2022-01-12;2023-10-11,2026-07-05;2026-07-08,当前支持,事实判断,E3-313,A:1;B:1;B-:3,公开资料检索,2026-10-08,
上游/制造支撑,半导体材料,硅片,半导体级硅片、外延片和相关晶圆基材。,TCL中环,中国大陆,国内龙头,大尺寸硅片和半导体材料布局代表企业。,E3-307;E3-308;E3-309;E3-310;E3-311;E3-312;E3-315;E3-317;E3-894,9,https://www.askci.com/news/chanye/20260427/090131277725169070387740_3.shtml | https://design.eccn.com/design_2026051219184330.htm | https://laoyaoba.com/n/1035004 | http://www.zqrb.cn/gscy/ggkx/2026-01-22/A1769011397903.html | https://c.m.163.com/news/a/KUVOKTB50512B07B.html | https://www.tzeco.com/index.php/index/products.html | https://static.cninfo.com.cn/finalpage/2025-04-26/1223330188.PDF,medium,同一公司可重复出现在不同环节；本行只表示其在该子环节具备龙头/代表性地位线索。 证据强度审计显示该判断主要依赖搜索结果或 B/B- 来源；已降为 medium，待补官网、公告、年报、招股书或权威市场份额报告后再恢复 high。,stage3::TCL中环::硅片,2026-07-08,2026-07-08,2026-07-08,,,,unknown,检索快照,2022-09-08;2022-10-19;2026-01-22;2026-04-27;2026-05-13;2026-06-09,2026-07-05;2026-07-08,当前支持,事实判断,E3-307,A:1;B:1;B-:7,公开资料检索,2026-10-08,
上游/制造支撑,半导体材料,硅片,半导体级硅片、外延片和相关晶圆基材。,沪硅产业,中国大陆,国内龙头,中国大陆半导体硅片代表企业。,E3-307;E3-308;E3-309;E3-311;E3-312;E3-313;E3-314;E3-315;E3-316;E3-317;E3-895,11,"https://www.askci.com/news/chanye/20260427/090131277725169070387740_3.shtml | https://design.eccn.com/design_2026051219184330.htm | https://laoyaoba.com/n/1035004 | https://c.m.163.com/news/a/KUVOKTB50512B07B.html | https://guba.eastmoney.com/news,002129,1723045989.html | https://www.nsig.com/product.html | https://static.cninfo.com.cn/finalpage/2025-04-24/1223237698.PDF",medium,同一公司可重复出现在不同环节；本行只表示其在该子环节具备龙头/代表性地位线索。 证据强度审计显示该判断主要依赖搜索结果或 B/B- 来源；已降为 medium，待补官网、公告、年报、招股书或权威市场份额报告后再恢复 high。,stage3::沪硅产业::硅片,2026-07-08,2026-07-08,2026-07-08,,,,unknown,检索快照,2021-09-17;2022-01-12;2022-09-08;2022-10-19;2023-10-11;2026-04-27;2026-05-13;2026-06-09,2026-07-05;2026-07-08,当前支持,事实判断,E3-307,A:1;B:2;B-:8,公开资料检索,2026-10-08,
上游/制造支撑,半导体材料,硅片,半导体级硅片、外延片和相关晶圆基材。,立昂微,中国大陆,细分龙头,硅片、功率半导体和射频芯片制造布局代表企业。,E3-308;E3-309;E3-311;E3-312;E3-313;E3-314;E3-315;E3-316;E3-317;E3-896,10,"https://design.eccn.com/design_2026051219184330.htm | https://laoyaoba.com/n/1035004 | https://c.m.163.com/news/a/KUVOKTB50512B07B.html | https://guba.eastmoney.com/news,002129,1723045989.html | https://finance.sina.com.cn/roll/2023-10-11/doc-imzqtftm2760025.shtml | https://www.lionmicro.com/products.html | https://static.cninfo.com.cn/finalpage/2025-04-29/1223380678.PDF",medium,同一公司可重复出现在不同环节；本行只表示其在该子环节具备龙头/代表性地位线索。 证据强度审计显示该判断主要依赖搜索结果或 B/B- 来源；已降为 medium，待补官网、公告、年报、招股书或权威市场份额报告后再恢复 high。,stage3::立昂微::硅片,2026-07-08,2026-07-08,2026-07-08,,,,unknown,检索快照,2021-09-17;2022-01-12;2022-09-08;2022-10-19;2023-10-11;2026-05-13;2026-06-09,2026-07-05;2026-07-08,当前支持,事实判断,E3-308,A:1;B:2;B-:7,公开资料检索,2026-10-08,
上游/制造支撑,半导体材料,硅片,半导体级硅片、外延片和相关晶圆基材。,SUMCO,海外,全球龙头,半导体硅片全球龙头。,E3-321;E3-329;E3-761,3,https://www.envisioning.com/research/stratum/japan__silicon-wafer-production | https://www.sumcosi.com/english/products/,medium,同一公司可重复出现在不同环节；本行只表示其在该子环节具备龙头/代表性地位线索。,stage3::SUMCO::硅片,2026-07-08,2026-07-08,2026-07-06,,,,unknown,检索快照,,2026-07-05;2026-07-06,当前支持,事实判断,E3-321,A:1;B-:2,公开资料检索,2026-10-08,
上游/制造支撑,半导体材料,硅片,半导体级硅片、外延片和相关晶圆基材。,Shin-Etsu,海外,全球龙头,半导体硅片全球龙头。,E3-318;E3-321;E3-324;E3-329;E3-762,5,https://finance.yahoo.com/news/silicon-epi-wafers-market-grow-120600829.html | https://www.envisioning.com/research/stratum/japan__silicon-wafer-production | https://www.shinetsu.co.jp/en/products/category/semiconductor-silicon/,high,同一公司可重复出现在不同环节；本行只表示其在该子环节具备龙头/代表性地位线索。,stage3::Shin-Etsu::硅片,2026-07-08,2026-07-08,2026-07-06,,,,unknown,检索快照,,2026-07-05;2026-07-06,当前支持,事实判断,E3-318,A:1;B-:4,公开资料检索,2026-10-08,
上游/制造支撑,半导体材料,硅片,半导体级硅片、外延片和相关晶圆基材。,Siltronic,海外,全球龙头,半导体硅片全球主要供应商。,E3-318;E3-324;E3-763,3,https://finance.yahoo.com/news/silicon-epi-wafers-market-grow-120600829.html | https://www.siltronic.com/en/products.html,medium,同一公司可重复出现在不同环节；本行只表示其在该子环节具备龙头/代表性地位线索。,stage3::Siltronic::硅片,2026-07-08,2026-07-08,2026-07-06,,,,unknown,检索快照,,2026-07-05;2026-07-06,当前支持,事实判断,E3-318,A:1;B-:2,公开资料检索,2026-10-08,
上游/制造支撑,半导体材料,光刻胶/配套材料,光刻胶、显影液、BARC和光刻配套材料。,南大光电,中国大陆,细分龙头,ArF光刻胶、电子特气和MO源材料代表企业。,E3-330;E3-331;E3-332;E3-333;E3-334;E3-335;E3-336;E3-337;E3-338;E3-339;E3-340;E3-341;E3-897,13,https://caifuhao.eastmoney.com/news/20260627203138995183600 | https://www.163.com/dy/article/KJAL2D8C05198CJN.html | https://m.southmoney.com/Special/gainiangu/202601/63632980.html | https://www.163.com/dy/article/KILLS4B805198CJN.html | https://www.chinairn.com/news/20260627/181856807.shtml | https://www.natachem.com/product/23.html | https://static.cninfo.com.cn/finalpage/2025-04-03/1222992364.PDF,medium,同一公司可重复出现在不同环节；本行只表示其在该子环节具备龙头/代表性地位线索。 证据强度审计显示该判断主要依赖搜索结果或 B/B- 来源；已降为 medium，待补官网、公告、年报、招股书或权威市场份额报告后再恢复 high。,stage3::南大光电::光刻胶/配套材料,2026-07-08,2026-07-08,2026-07-08,,,,unknown,检索快照,2021-09-30;2022-03-15;2024-04-23;2024-06-13;2024-06-17;2025-08-21;2026-01-07;2026-01-09;2026-01-15;2026-05-01;2026-06-27,2026-07-05;2026-07-08,当前支持,事实判断,E3-330,A:1;B:2;B-:10,公开资料检索,2026-10-08,
上游/制造支撑,半导体材料,光刻胶/配套材料,光刻胶、显影液、BARC和光刻配套材料。,彤程新材,中国大陆,国内龙头,半导体光刻胶和电子材料国产代表企业。,E3-330;E3-331;E3-332;E3-333;E3-334;E3-336;E3-337;E3-338;E3-339;E3-340;E3-341;E3-898,12,https://caifuhao.eastmoney.com/news/20260627203138995183600 | https://www.163.com/dy/article/KJAL2D8C05198CJN.html | https://m.southmoney.com/Special/gainiangu/202601/63632980.html | https://www.163.com/dy/article/KILLS4B805198CJN.html | https://www.chinairn.com/news/20260627/181856807.shtml | https://www.rachem.com/business/electronic-materials/ | https://static.cninfo.com.cn/finalpage/2025-04-18/1223159664.pdf,medium,同一公司可重复出现在不同环节；本行只表示其在该子环节具备龙头/代表性地位线索。 证据强度审计显示该判断主要依赖搜索结果或 B/B- 来源；已降为 medium，待补官网、公告、年报、招股书或权威市场份额报告后再恢复 high。,stage3::彤程新材::光刻胶/配套材料,2026-07-08,2026-07-08,2026-07-08,,,,unknown,检索快照,2021-09-30;2022-03-15;2024-04-23;2024-06-13;2024-06-17;2025-08-21;2026-01-07;2026-01-09;2026-01-15;2026-06-27,2026-07-05;2026-07-08,当前支持,事实判断,E3-330,A:1;B:2;B-:9,公开资料检索,2026-10-08,
上游/制造支撑,半导体材料,光刻胶/配套材料,光刻胶、显影液、BARC和光刻配套材料。,晶瑞电材,中国大陆,细分龙头,光刻胶和湿电子化学品国产代表企业。,E3-330;E3-332;E3-333;E3-334;E3-336;E3-337;E3-338;E3-339;E3-340;E3-341;E3-899,11,https://caifuhao.eastmoney.com/news/20260627203138995183600 | https://m.southmoney.com/Special/gainiangu/202601/63632980.html | https://www.163.com/dy/article/KILLS4B805198CJN.html | https://www.chinairn.com/news/20260627/181856807.shtml | https://gongkong.ofweek.com/tag-%E5%BD%A4%E7%A8%8B%E6%96%B0%E6%9D%90.HTM | https://www.jingrui-chem.com/product/ | https://static.cninfo.com.cn/finalpage/2025-04-24/1223245750.PDF,medium,同一公司可重复出现在不同环节；本行只表示其在该子环节具备龙头/代表性地位线索。 证据强度审计显示该判断主要依赖搜索结果或 B/B- 来源；已降为 medium，待补官网、公告、年报、招股书或权威市场份额报告后再恢复 high。,stage3::晶瑞电材::光刻胶/配套材料,2026-07-08,2026-07-08,2026-07-08,,,,unknown,检索快照,2021-09-30;2022-03-15;2024-04-23;2024-06-13;2024-06-17;2025-08-21;2026-01-07;2026-01-09;2026-06-27,2026-07-05;2026-07-08,当前支持,事实判断,E3-330,A:1;B:2;B-:8,公开资料检索,2026-10-08,
上游/制造支撑,半导体材料,光刻胶/配套材料,光刻胶、显影液、BARC和光刻配套材料。,DuPont,海外,全球龙头,光刻胶、CMP和电子材料全球主要供应商。,E3-342;E3-347;E3-764,3,https://www.linkedin.com/pulse/photoresist-semiconductor-lighting-market-sblze | https://www.prnewswire.com/news-releases/global-next-generation-lithography-materials-market-report-to-2031---players-include-tokyo-ohka-kogyo-jsr-dupont-de-nemours-and-shin-etsu-chemical-301717274.html | https://www.dupont.com/electronic-materials.html,medium,同一公司可重复出现在不同环节；本行只表示其在该子环节具备龙头/代表性地位线索。,stage3::DuPont::光刻胶/配套材料,2026-07-08,2026-07-08,2026-07-06,,,,unknown,检索快照,,2026-07-05;2026-07-06,当前支持,事实判断,E3-342,A:1;B-:2,公开资料检索,2026-10-08,
上游/制造支撑,半导体材料,光刻胶/配套材料,光刻胶、显影液、BARC和光刻配套材料。,JSR,海外,全球龙头,半导体光刻胶全球核心供应商。,E3-330;E3-342;E3-346;E3-347;E3-353;E3-901,6,https://caifuhao.eastmoney.com/news/20260627203138995183600 | https://www.linkedin.com/pulse/photoresist-semiconductor-lighting-market-sblze | https://www.einnews.com/amp/pr_news/924117490/photoresist-market-to-register-10-50-cagr-through-2035-amid-global-semiconductor-industry-expansion | https://www.prnewswire.com/news-releases/global-next-generation-lithography-materials-market-report-to-2031---players-include-tokyo-ohka-kogyo-jsr-dupont-de-nemours-and-shin-etsu-chemical-301717274.html | https://www.envisioning.com/research/stratum/japan__euv-photoresists | https://www.jsr.co.jp/jsr_e/products/category/semicon.shtml | https://www.jsr.co.jp/jsr_e/products/semiconductor/ | https://www.jsr.co.jp/jsr_e/products/em/,medium,同一公司可重复出现在不同环节；本行只表示其在该子环节具备龙头/代表性地位线索。 证据强度审计显示该判断主要依赖搜索结果或 B/B- 来源；已降为 medium，待补官网、公告、年报、招股书或权威市场份额报告后再恢复 high。,stage3::JSR::光刻胶/配套材料,2026-07-08,2026-07-08,2026-07-08,,,,unknown,检索快照,2026-06-27,2026-07-05;2026-07-08,当前支持,事实判断,E3-330,A:1;B:1;B-:4,公开资料检索,2026-10-08,
上游/制造支撑,半导体材料,光刻胶/配套材料,光刻胶、显影液、BARC和光刻配套材料。,Shin-Etsu,海外,全球龙头,光刻胶、硅片和电子材料综合供应商。,E3-330;E3-346;E3-347;E3-353;E3-762,5,https://caifuhao.eastmoney.com/news/20260627203138995183600 | https://www.einnews.com/amp/pr_news/924117490/photoresist-market-to-register-10-50-cagr-through-2035-amid-global-semiconductor-industry-expansion | https://www.prnewswire.com/news-releases/global-next-generation-lithography-materials-market-report-to-2031---players-include-tokyo-ohka-kogyo-jsr-dupont-de-nemours-and-shin-etsu-chemical-301717274.html | https://www.envisioning.com/research/stratum/japan__euv-photoresists | https://www.shinetsu.co.jp/en/products/category/semiconductor-silicon/,high,同一公司可重复出现在不同环节；本行只表示其在该子环节具备龙头/代表性地位线索。,stage3::Shin-Etsu::光刻胶/配套材料,2026-07-08,2026-07-08,2026-07-06,,,,unknown,检索快照,2026-06-27,2026-07-05;2026-07-06,当前支持,事实判断,E3-330,A:1;B:1;B-:3,公开资料检索,2026-10-08,
上游/制造支撑,半导体材料,光刻胶/配套材料,光刻胶、显影液、BARC和光刻配套材料。,TOK,海外,全球龙头,光刻胶和高纯化学品全球核心供应商。,E3-346;E3-347;E3-353;E3-765,4,https://www.einnews.com/amp/pr_news/924117490/photoresist-market-to-register-10-50-cagr-through-2035-amid-global-semiconductor-industry-expansion | https://www.prnewswire.com/news-releases/global-next-generation-lithography-materials-market-report-to-2031---players-include-tokyo-ohka-kogyo-jsr-dupont-de-nemours-and-shin-etsu-chemical-301717274.html | https://www.envisioning.com/research/stratum/japan__euv-photoresists | https://www.tok.co.jp/eng/products/,medium,同一公司可重复出现在不同环节；本行只表示其在该子环节具备龙头/代表性地位线索。,stage3::TOK::光刻胶/配套材料,2026-07-08,2026-07-08,2026-07-06,,,,unknown,检索快照,,2026-07-05;2026-07-06,当前支持,事实判断,E3-346,A:1;B-:3,公开资料检索,2026-10-08,
上游/制造支撑,半导体材料,电子气体/湿电子化学品,电子特气、高纯化学品、清洗和蚀刻用湿化学品。,华特气体,中国大陆,国内龙头,电子特气国产代表企业。,E3-354;E3-355;E3-356;E3-357;E3-358;E3-359;E3-361;E3-362;E3-363;E3-364;E3-902,11,https://m.163.com/dy/article/L0J4D4O50512B07B.html | https://news.qq.com/rain/a/20260629A02RYV00 | https://c.m.163.com/news/a/L0J4D4O50512B07B.html | https://www.chinabgao.com/top/brand/125352.html | https://news.qq.com/rain/a/20260427A02NP500 | https://www.huategas.com/products/electronic-special-gases.html | https://static.cninfo.com.cn/finalpage/2025-04-10/1223044748.PDF,medium,同一公司可重复出现在不同环节；本行只表示其在该子环节具备龙头/代表性地位线索。 证据强度审计显示该判断主要依赖搜索结果或 B/B- 来源；已降为 medium，待补官网、公告、年报、招股书或权威市场份额报告后再恢复 high。,stage3::华特气体::电子气体/湿电子化学品,2026-07-08,2026-07-08,2026-07-08,,,,unknown,检索快照,2020-06-26;2020-06-29;2021-12-01;2024-05-28;2026-01-08;2026-04-27;2026-06-29,2026-07-05;2026-07-08,当前支持,事实判断,E3-354,A:1;B:1;B-:9,公开资料检索,2026-10-08,
上游/制造支撑,半导体材料,电子气体/湿电子化学品,电子特气、高纯化学品、清洗和蚀刻用湿化学品。,南大光电,中国大陆,细分龙头,电子特气、MO源和光刻胶多材料平台。,E3-354;E3-355;E3-356;E3-357;E3-359;E3-798,6,https://m.163.com/dy/article/L0J4D4O50512B07B.html | https://news.qq.com/rain/a/20260629A02RYV00 | https://c.m.163.com/news/a/L0J4D4O50512B07B.html | https://www.chinabgao.com/top/brand/125352.html | https://m.163.com/dy/article/L0J8HG130519C6T9.html | http://sonatamaterials.com/Nata-Overview,high,同一公司可重复出现在不同环节；本行只表示其在该子环节具备龙头/代表性地位线索。,stage3::南大光电::电子气体/湿电子化学品,2026-07-08,2026-07-08,2026-07-06,,,,unknown,检索快照,2026-01-08;2026-06-29,2026-07-05;2026-07-06,当前支持,事实判断,E3-354,A:1;B-:5,公开资料检索,2026-10-08,
上游/制造支撑,半导体材料,电子气体/湿电子化学品,电子特气、高纯化学品、清洗和蚀刻用湿化学品。,江化微,中国大陆,细分龙头,湿电子化学品国产代表企业。,E3-354;E3-355;E3-356;E3-365;E3-903,5,https://m.163.com/dy/article/L0J4D4O50512B07B.html | https://news.qq.com/rain/a/20260629A02RYV00 | https://c.m.163.com/news/a/L0J4D4O50512B07B.html | http://blog.eastmoney.com/lf1364/blog_757692401.html | https://www.jianghuamem.com/products.html | https://www.jianghuamem.com/product.html | https://static.cninfo.com.cn/finalpage/2025-03-22/1222869366.PDF,medium,同一公司可重复出现在不同环节；本行只表示其在该子环节具备龙头/代表性地位线索。 证据强度审计显示该判断主要依赖搜索结果或 B/B- 来源；已降为 medium，待补官网、公告、年报、招股书或权威市场份额报告后再恢复 high。,stage3::江化微::电子气体/湿电子化学品,2026-07-08,2026-07-08,2026-07-08,,,,unknown,检索快照,2019-04-26;2026-06-29,2026-07-05;2026-07-08,当前支持,事实判断,E3-354,A:1;B:1;B-:3,公开资料检索,2026-10-08,
上游/制造支撑,半导体材料,电子气体/湿电子化学品,电子特气、高纯化学品、清洗和蚀刻用湿化学品。,金宏气体,中国大陆,细分龙头,电子大宗气体和特种气体国产代表企业。,E3-354;E3-355;E3-356;E3-357;E3-358;E3-359;E3-360;E3-362;E3-363;E3-364;E3-799,11,https://m.163.com/dy/article/L0J4D4O50512B07B.html | https://news.qq.com/rain/a/20260629A02RYV00 | https://c.m.163.com/news/a/L0J4D4O50512B07B.html | https://www.chinabgao.com/top/brand/125352.html | https://news.qq.com/rain/a/20260427A02NP500 | https://jh-gas.com/ja/gas-cat/electronic-specialty-gases,high,同一公司可重复出现在不同环节；本行只表示其在该子环节具备龙头/代表性地位线索。,stage3::金宏气体::电子气体/湿电子化学品,2026-07-08,2026-07-08,2026-07-06,,,,unknown,检索快照,2020-06-26;2020-06-29;2021-12-01;2022-02-09;2026-01-08;2026-04-27;2026-06-29,2026-07-05;2026-07-06,当前支持,事实判断,E3-354,A:1;B-:10,公开资料检索,2026-10-08,
上游/制造支撑,半导体材料,电子气体/湿电子化学品,电子特气、高纯化学品、清洗和蚀刻用湿化学品。,Air Liquide,海外,全球龙头,半导体电子气体全球核心供应商。,E3-362;E3-363;E3-368;E3-370;E3-372;E3-375;E3-376;E3-377;E3-767,9,https://zhuanlan.zhihu.com/p/151607219 | https://zhuanlan.zhihu.com/p/150801963 | https://dataintelo.com/report/global-bulk-chemical-delivery-system-bcds-for-semiconductor-market | https://www.lincolninternational.com/perspectives/semiconductor-gas-market-heating-up | https://www.airliquide.com/group/press-releases-news/2026-03-25/air-liquide-inaugurates-its-first-advanced-materials-manufacturing-plant-taiwan-strengthening-next | https://electronics.airliquide.com/,high,同一公司可重复出现在不同环节；本行只表示其在该子环节具备龙头/代表性地位线索。,stage3::Air Liquide::电子气体/湿电子化学品,2026-07-08,2026-07-08,2026-07-06,,,,unknown,检索快照,2020-06-26;2020-06-29,2026-07-05;2026-07-06,当前支持,事实判断,E3-362,A:1;B-:8,公开资料检索,2026-10-08,
上游/制造支撑,半导体材料,电子气体/湿电子化学品,电子特气、高纯化学品、清洗和蚀刻用湿化学品。,Entegris,海外,全球龙头,电子材料、过滤和高纯化学品全球供应商。,E3-373;E3-766,2,https://cen.acs.org/business/mergers-&-acquisitions/Versum-Entegris-form-electronic-chemicals/97/web/2019/01 | https://www.entegris.com/en/home/products.html,medium,同一公司可重复出现在不同环节；本行只表示其在该子环节具备龙头/代表性地位线索。,stage3::Entegris::电子气体/湿电子化学品,2026-07-08,2026-07-08,2026-07-06,,,,unknown,检索快照,,2026-07-05;2026-07-06,当前支持,事实判断,E3-373,A:1;B-:1,公开资料检索,2026-10-08,
上游/制造支撑,半导体材料,电子气体/湿电子化学品,电子特气、高纯化学品、清洗和蚀刻用湿化学品。,Linde,海外,全球龙头,电子气体和工业气体全球龙头。,E3-362;E3-363;E3-366;E3-368;E3-370;E3-374;E3-375;E3-768,8,https://zhuanlan.zhihu.com/p/151607219 | https://zhuanlan.zhihu.com/p/150801963 | https://www.linde-gas.com/industries/electronics/gases-and-services/wet-chemicals | https://dataintelo.com/report/global-bulk-chemical-delivery-system-bcds-for-semiconductor-market | https://www.lincolninternational.com/perspectives/semiconductor-gas-market-heating-up | https://www.linde-gas.com/industries/electronics,high,同一公司可重复出现在不同环节；本行只表示其在该子环节具备龙头/代表性地位线索。,stage3::Linde::电子气体/湿电子化学品,2026-07-08,2026-07-08,2026-07-06,,,,unknown,检索快照,2020-06-26;2020-06-29,2026-07-05;2026-07-06,当前支持,事实判断,E3-362,A:1;B-:7,公开资料检索,2026-10-08,
上游/制造支撑,半导体材料,靶材,溅射靶材、金属材料和先进制程薄膜材料。,有研新材,中国大陆,细分龙头,高纯金属材料和靶材国产代表企业。,E3-380;E3-904,2,https://caifuhao.eastmoney.com/news/20260625224118952011010 | https://www.gritek.com/products.html | https://static.cninfo.com.cn/finalpage/2025-04-30/1223408404.PDF,medium-low,同一公司可重复出现在不同环节；本行只表示其在该子环节具备龙头/代表性地位线索。,stage3::有研新材::靶材,2026-07-08,2026-07-08,2026-07-08,,,,unknown,检索快照,2026-06-25,2026-07-05;2026-07-08,当前支持,事实判断,E3-380,A:1;B:1,公开资料检索,2026-10-08,
上游/制造支撑,半导体材料,靶材,溅射靶材、金属材料和先进制程薄膜材料。,江丰电子,中国大陆,国内龙头,高纯溅射靶材国产代表企业。,E3-378;E3-379;E3-380;E3-381;E3-382;E3-383;E3-384;E3-385;E3-386;E3-387;E3-388;E3-389;E3-905,13,https://www.toutiao.com/article/7649364063440405042/ | https://www.baogao.com/jigou/1503036.html | https://caifuhao.eastmoney.com/news/20260625224118952011010 | https://www.vzkoo.com/read/4634884411844726784.html | https://cfi.cn/p20260630000244.html | https://www.kfmic.com/product.html | https://static.cninfo.com.cn/finalpage/2025-04-16/1223102295.PDF,medium,同一公司可重复出现在不同环节；本行只表示其在该子环节具备龙头/代表性地位线索。 证据强度审计显示该判断主要依赖搜索结果或 B/B- 来源；已降为 medium，待补官网、公告、年报、招股书或权威市场份额报告后再恢复 high。,stage3::江丰电子::靶材,2026-07-08,2026-07-08,2026-07-08,,,,unknown,检索快照,2018-04-26;2018-07-31;2018-08-31;2021-03-30;2023-01-08;2024-11-21;2026-02-09;2026-06-09;2026-06-25;2026-06-29;2026-06-30,2026-07-05;2026-07-08,当前支持,事实判断,E3-378,A:1;B:3;B-:9,公开资料检索,2026-10-08,
上游/制造支撑,半导体材料,靶材,溅射靶材、金属材料和先进制程薄膜材料。,JX Advanced Metals,海外,全球龙头,半导体靶材和高纯金属材料全球核心供应商。,E3-390;E3-393;E3-395;E3-396;E3-800,5,https://www.jx-nmm.com/english/newsrelease/fy2026/20260601_02.html | https://www.linkedin.com/pulse/global-titanium-sputtering-target-market-13pve | https://www.jx-nmm.com/english/products/sputtering | https://www.youtube.com/watch?v=e61rkwUPHBg | https://www.jx-nmm.com/english/products/sputtering/semiconductor_st,high,同一公司可重复出现在不同环节；本行只表示其在该子环节具备龙头/代表性地位线索。,stage3::JX Advanced Metals::靶材,2026-07-08,2026-07-08,2026-07-06,,,,unknown,检索快照,,2026-07-05;2026-07-06,当前支持,事实判断,E3-390,A:1;B-:4,公开资料检索,2026-10-08,
上游/制造支撑,半导体材料,靶材,溅射靶材、金属材料和先进制程薄膜材料。,Materion,海外,细分龙头,高性能材料和靶材全球供应商。,E3-393;E3-400;E3-801,3,https://www.linkedin.com/pulse/global-titanium-sputtering-target-market-13pve | https://www.materion.com/en/products/electronic-materials/thin-film-deposition-materials/specialty-sputtering-targets,medium,同一公司可重复出现在不同环节；本行只表示其在该子环节具备龙头/代表性地位线索。,stage3::Materion::靶材,2026-07-08,2026-07-08,2026-07-06,,,,unknown,检索快照,,2026-07-05;2026-07-06,当前支持,事实判断,E3-393,A:1;B-:2,公开资料检索,2026-10-08,
上游/制造支撑,半导体材料,靶材,溅射靶材、金属材料和先进制程薄膜材料。,Tosoh,海外,全球龙头,溅射靶材和电子材料全球主要供应商。,E3-393;E3-396;E3-401;E3-802,4,https://www.linkedin.com/pulse/global-titanium-sputtering-target-market-13pve | https://www.youtube.com/watch?v=e61rkwUPHBg | https://www.tosohsmd.com/our-products/semiconductor-targets,medium,同一公司可重复出现在不同环节；本行只表示其在该子环节具备龙头/代表性地位线索。,stage3::Tosoh::靶材,2026-07-08,2026-07-08,2026-07-06,,,,unknown,检索快照,,2026-07-05;2026-07-06,当前支持,事实判断,E3-393,A:1;B-:3,公开资料检索,2026-10-08,
上游/制造支撑,半导体材料,CMP材料,CMP抛光液、抛光垫和相关平坦化材料。,安集科技,中国大陆,国内龙头,CMP抛光液和湿电子化学品国产代表企业。,E3-402;E3-403;E3-404;E3-405;E3-406;E3-407;E3-409;E3-410;E3-411;E3-412;E3-413;E3-803,12,https://news.cnpowder.com.cn/88387.html | https://news.qq.com/rain/a/20260311A03LX000 | https://www.sohu.com/a/998016629_122263607?scm=10001.8085_13-8085_13.0.0-0-0-0-0.0 | https://news.qq.com/rain/a/20260311A03D5Q00 | https://news.cnpowder.com.cn/88193.html | https://www.anjimicro.com/en/jiejuefangan.html,high,同一公司可重复出现在不同环节；本行只表示其在该子环节具备龙头/代表性地位线索。,stage3::安集科技::CMP材料,2026-07-08,2026-07-08,2026-07-06,,,,unknown,检索快照,2019-07-09;2020-10-29;2021-06-29;2022-06-28;2022-07-01;2026-03-10;2026-03-11;2026-03-19;2026-03-20;2026-06-09,2026-07-05;2026-07-06,当前支持,事实判断,E3-402,A:1;B-:11,公开资料检索,2026-10-08,
上游/制造支撑,半导体材料,CMP材料,CMP抛光液、抛光垫和相关平坦化材料。,鼎龙股份,中国大陆,细分龙头,CMP抛光垫和半导体材料国产代表企业。,E3-402;E3-403;E3-404;E3-405;E3-406;E3-408;E3-412;E3-907,8,https://news.cnpowder.com.cn/88387.html | https://news.qq.com/rain/a/20260311A03LX000 | https://www.sohu.com/a/998016629_122263607?scm=10001.8085_13-8085_13.0.0-0-0-0-0.0 | https://news.qq.com/rain/a/20260311A03D5Q00 | https://news.cnpowder.com.cn/88193.html | https://static.cninfo.com.cn/finalpage/2025-04-29/1223367500.PDF,medium,同一公司可重复出现在不同环节；本行只表示其在该子环节具备龙头/代表性地位线索。 证据强度审计显示该判断主要依赖搜索结果或 B/B- 来源；已降为 medium，待补官网、公告、年报、招股书或权威市场份额报告后再恢复 high。,stage3::鼎龙股份::CMP材料,2026-07-08,2026-07-08,2026-07-08,,,,unknown,检索快照,2019-06-27;2022-06-28;2026-03-10;2026-03-11;2026-03-19;2026-03-20,2026-07-05;2026-07-08,当前支持,事实判断,E3-402,A:1;B:1;B-:6,公开资料检索,2026-10-08,
上游/制造支撑,半导体材料,CMP材料,CMP抛光液、抛光垫和相关平坦化材料。,DuPont,海外,全球龙头,CMP垫、光刻胶和电子材料全球主要供应商。,E3-403;E3-404;E3-414;E3-418;E3-421;E3-764,6,https://news.qq.com/rain/a/20260311A03LX000 | https://www.sohu.com/a/998016629_122263607?scm=10001.8085_13-8085_13.0.0-0-0-0-0.0 | https://www.semiconductor-digest.com/the-future-of-cmp-more-process-steps-more-growth-ahead | https://jeez-semicon.com/blog/top-cmp-slurry-manufacturers-suppliers-in-2026-a-complete-procurement-guide | https://www.dupont.com/electronic-materials.html,high,同一公司可重复出现在不同环节；本行只表示其在该子环节具备龙头/代表性地位线索。,stage3::DuPont::CMP材料,2026-07-08,2026-07-08,2026-07-06,,,,unknown,检索快照,2026-03-11;2026-03-19,2026-07-05;2026-07-06,当前支持,事实判断,E3-403,A:1;B-:5,公开资料检索,2026-10-08,
上游/制造支撑,半导体材料,CMP材料,CMP抛光液、抛光垫和相关平坦化材料。,Entegris,海外,全球龙头,CMP材料、过滤和电子材料全球供应商。,E3-414;E3-418;E3-421;E3-766,4,https://www.semiconductor-digest.com/the-future-of-cmp-more-process-steps-more-growth-ahead | https://jeez-semicon.com/blog/top-cmp-slurry-manufacturers-suppliers-in-2026-a-complete-procurement-guide | https://www.entegris.com/en/home/products.html,medium,同一公司可重复出现在不同环节；本行只表示其在该子环节具备龙头/代表性地位线索。,stage3::Entegris::CMP材料,2026-07-08,2026-07-08,2026-07-06,,,,unknown,检索快照,,2026-07-05;2026-07-06,当前支持,事实判断,E3-414,A:1;B-:3,公开资料检索,2026-10-08,
上游/制造支撑,半导体材料,CMP材料,CMP抛光液、抛光垫和相关平坦化材料。,Fujimi,海外,细分龙头,CMP抛光材料全球代表供应商。,E3-418;E3-804,2,https://jeez-semicon.com/blog/top-cmp-slurry-manufacturers-suppliers-in-2026-a-complete-procurement-guide | https://www.fujimiinc.co.jp/english/service/index.html,medium-low,同一公司可重复出现在不同环节；本行只表示其在该子环节具备龙头/代表性地位线索。,stage3::Fujimi::CMP材料,2026-07-08,2026-07-08,2026-07-06,,,,unknown,检索快照,,2026-07-05;2026-07-06,当前支持,事实判断,E3-418,A:1;B-:1,公开资料检索,2026-10-08,
上游/制造支撑,半导体材料,封装材料/IC载板,ABF载板、BT载板、封装基板和封装材料。,Nan Ya PCB,中国台湾,细分龙头,IC载板全球主要供应商。,E3-438;E3-439;E3-445;E3-448;E3-917,5,https://semiconductorinsight.com/report/abf-substrate-market | https://x.com/jukan05/status/2017424430323175849 | https://www.edge-ai-vision.com/2023/11/advanced-ic-substrates-taiwanese-companies-lead-the-market | https://www.nanyapcb.com.tw/en/product/index/2 | https://www.nanyapcb.com.tw/en/products | https://www.nanyapcb.com.tw/nypcb/english/index,medium,同一公司可重复出现在不同环节；本行只表示其在该子环节具备龙头/代表性地位线索。 证据强度审计显示该判断主要依赖搜索结果或 B/B- 来源；已降为 medium，待补官网、公告、年报、招股书或权威市场份额报告后再恢复 high。,stage3::Nan Ya PCB::封装材料/IC载板,2026-07-08,2026-07-08,2026-07-08,,,,unknown,检索快照,,2026-07-05;2026-07-08,当前支持,事实判断,E3-438,A:1;B-:4,公开资料检索,2026-10-08,
上游/制造支撑,半导体材料,封装材料/IC载板,ABF载板、BT载板、封装基板和封装材料。,Unimicron,中国台湾,全球龙头,IC载板和PCB全球主要供应商。,E3-438;E3-439;E3-442;E3-443;E3-444;E3-445;E3-446;E3-448;E3-449;E3-918,10,https://semiconductorinsight.com/report/abf-substrate-market | https://x.com/jukan05/status/2017424430323175849 | https://www.wonderfulpcb.com/blog/top-abf-substrate-manufacturers-and-market-leaders | https://www.linkedin.com/pulse/top-10-key-players-abf-substrate-market-driving-l2npf | https://tspasemiconductor.substack.com/p/ai-server-build-up-substrate-industry | https://www.unimicron.com/en/product/technology.aspx?kind=1,medium,同一公司可重复出现在不同环节；本行只表示其在该子环节具备龙头/代表性地位线索。 证据强度审计显示该判断主要依赖搜索结果或 B/B- 来源；已降为 medium，待补官网、公告、年报、招股书或权威市场份额报告后再恢复 high。,stage3::Unimicron::封装材料/IC载板,2026-07-08,2026-07-08,2026-07-08,,,,unknown,检索快照,,2026-07-05;2026-07-08,当前支持,事实判断,E3-438,A:1;B-:9,公开资料检索,2026-10-08,
上游/制造支撑,半导体材料,封装材料/IC载板,ABF载板、BT载板、封装基板和封装材料。,兴森科技,中国大陆,国内龙头,IC载板和封装基板国产代表企业。,E3-426;E3-428;E3-433;E3-434;E3-436;E3-437;E3-807,7,https://m.southmoney.com/Special/gainiangu/202606/66035982.html | https://www.toutiao.com/article/7642158785812873755/ | https://www.toutiao.com/article/7300194645546451465/ | https://www.hangyan.co/charts/2822390314520545238 | https://www.valuelist.cn/639448.html | https://en.chinafastprint.com/product/ic,high,同一公司可重复出现在不同环节；本行只表示其在该子环节具备龙头/代表性地位线索。,stage3::兴森科技::封装材料/IC载板,2026-07-08,2026-07-08,2026-07-06,,,,unknown,检索快照,2022-04-23;2023-11-12;2024-02-22;2024-10-12;2026-03-25;2026-05-21,2026-07-05;2026-07-06,当前支持,事实判断,E3-426,A:1;B-:6,公开资料检索,2026-10-08,
上游/制造支撑,半导体材料,封装材料/IC载板,ABF载板、BT载板、封装基板和封装材料。,深南电路,中国大陆,国内龙头,封装基板和PCB制造国产代表企业。,E3-426;E3-427;E3-428;E3-432;E3-434;E3-435;E3-437;E3-808,8,https://m.southmoney.com/Special/gainiangu/202606/66035982.html | https://www.ofweek.com/pcb/recommendfriends-30553968.html | https://www.toutiao.com/article/7642158785812873755/ | https://m.bilibili.com/opus/832561646355349543 | https://www.hangyan.co/charts/2822390314520545238 | https://www.scc.com.cn/scc/en/gysn/index.html,high,同一公司可重复出现在不同环节；本行只表示其在该子环节具备龙头/代表性地位线索。,stage3::深南电路::封装材料/IC载板,2026-07-08,2026-07-08,2026-07-06,,,,unknown,检索快照,2021-07-09;2022-04-23;2023-08-23;2024-10-12;2026-01-19;2026-03-25;2026-05-21,2026-07-05;2026-07-06,当前支持,事实判断,E3-426,A:1;B-:7,公开资料检索,2026-10-08,
上游/制造支撑,半导体材料,封装材料/IC载板,ABF载板、BT载板、封装基板和封装材料。,生益科技,中国大陆,细分龙头,覆铜板和电子材料国产代表企业。,E3-428;E3-429;E3-431;E3-908,4,https://www.toutiao.com/article/7642158785812873755/ | https://www.jiemian.com/article/14586369.html | https://news.qq.com/rain/a/20260615A03DUH00 | https://static.cninfo.com.cn/finalpage/2025-04-26/1223317223.PDF,medium,同一公司可重复出现在不同环节；本行只表示其在该子环节具备龙头/代表性地位线索。,stage3::生益科技::封装材料/IC载板,2026-07-08,2026-07-08,2026-07-08,,,,unknown,检索快照,2026-05-21;2026-06-15,2026-07-05;2026-07-08,当前支持,事实判断,E3-428,A:1;B-:3,公开资料检索,2026-10-08,
上游/制造支撑,半导体材料,封装材料/IC载板,ABF载板、BT载板、封装基板和封装材料。,Ibiden,海外,全球龙头,ABF载板全球核心供应商。,E3-438;E3-439;E3-442;E3-444;E3-445;E3-446;E3-448;E3-449;E3-805,9,https://semiconductorinsight.com/report/abf-substrate-market | https://x.com/jukan05/status/2017424430323175849 | https://www.wonderfulpcb.com/blog/top-abf-substrate-manufacturers-and-market-leaders | https://tspasemiconductor.substack.com/p/ai-server-build-up-substrate-industry | https://www.edge-ai-vision.com/2023/11/advanced-ic-substrates-taiwanese-companies-lead-the-market | https://www.ibiden.com/product/electronics/merchandise/fliptippkg,high,同一公司可重复出现在不同环节；本行只表示其在该子环节具备龙头/代表性地位线索。,stage3::Ibiden::封装材料/IC载板,2026-07-08,2026-07-08,2026-07-06,,,,unknown,检索快照,,2026-07-05;2026-07-06,当前支持,事实判断,E3-438,A:1;B-:8,公开资料检索,2026-10-08,
上游/制造支撑,半导体材料,封装材料/IC载板,ABF载板、BT载板、封装基板和封装材料。,Shinko Electric,海外,全球龙头,高端封装基板全球主要供应商。,E3-438;E3-442;E3-446;E3-806,4,https://semiconductorinsight.com/report/abf-substrate-market | https://www.wonderfulpcb.com/blog/top-abf-substrate-manufacturers-and-market-leaders | https://www.shinko.co.jp/english/product/package,medium,同一公司可重复出现在不同环节；本行只表示其在该子环节具备龙头/代表性地位线索。,stage3::Shinko Electric::封装材料/IC载板,2026-07-08,2026-07-08,2026-07-06,,,,unknown,检索快照,,2026-07-05;2026-07-06,当前支持,事实判断,E3-438,A:1;B-:3,公开资料检索,2026-10-08,
中游/封装测试,先进封装,2.5D/3D/Chiplet先进封装,CoWoS、Fan-out、Foveros、Chiplet和异构集成。,ASE,中国台湾,全球龙头,全球OSAT和先进封装龙头。,E3-452;E3-466;E3-470;E3-471;E3-769,5,https://www.askci.com/reports/20180509/1528133704839068.shtml | https://www.facebook.com/moomoosingapore/posts/after-cowos-comes-copos-and-the-advanced-packaging-supply-chain-is-already-rotat/1442353124579581 | https://www.globenewswire.com/news-release/2026/06/16/3312731/0/en/advanced-packaging-market-size-to-worth-106-71-billion-by-2035-research-by-sns-insider.html | https://www.linkedin.com/pulse/uk-advanced-packaging-market-positioned-long-term-industry-b6ldc | https://www.aseglobal.com/en/technology/advanced_packaging,high,同一公司可重复出现在不同环节；本行只表示其在该子环节具备龙头/代表性地位线索。,stage3::ASE::2.5D/3D/Chiplet先进封装,2026-07-08,2026-07-08,2026-07-06,,,,unknown,检索快照,2026-05-29,2026-07-05;2026-07-06,当前支持,事实判断,E3-452,A:1;B-:4,公开资料检索,2026-10-08,
中游/封装测试,先进封装,2.5D/3D/Chiplet先进封装,CoWoS、Fan-out、Foveros、Chiplet和异构集成。,TSMC,中国台湾,全球龙头,CoWoS和先进逻辑封装产能全球核心。,E3-450;E3-451;E3-455;E3-462;E3-463;E3-464;E3-465;E3-466;E3-467;E3-468;E3-470;E3-471;E3-856,13,https://licai.cofool.com/user/guide_view_3362515.html | https://m.gelonghui.com/p/5310914 | https://caifuhao.eastmoney.com/news/20260619090719638980480 | https://www.snsinsider.com/reports/advanced-packaging-market-4306 | https://semiwiki.com/forum/threads/cowos-capacity-set-to-skyrocket-by-2026-massive-growth-in-advanced-packaging.21773 | https://3dfabric.tsmc.com/english/dedicatedFoundry/technology/3DFabric.htm,medium,同一公司可重复出现在不同环节；本行只表示其在该子环节具备龙头/代表性地位线索。 证据强度审计显示该判断主要依赖搜索结果或 B/B- 来源；已降为 medium，待补官网、公告、年报、招股书或权威市场份额报告后再恢复 high。,stage3::TSMC::2.5D/3D/Chiplet先进封装,2026-07-08,2026-07-08,2026-07-08,,,,unknown,检索快照,2026-05-06;2026-05-25;2026-06-19,2026-07-05;2026-07-08,当前支持,事实判断,E3-450,A:1;B:1;B-:11,公开资料检索,2026-10-08,
中游/封装测试,先进封装,2.5D/3D/Chiplet先进封装,CoWoS、Fan-out、Foveros、Chiplet和异构集成。,华天科技,中国大陆,国内龙头,国内封测和先进封装能力代表企业。,E3-450;E3-451;E3-452;E3-453;E3-455;E3-456;E3-457;E3-458;E3-459;E3-460;E3-461;E3-872,12,https://licai.cofool.com/user/guide_view_3362515.html | https://m.gelonghui.com/p/5310914 | https://www.askci.com/reports/20180509/1528133704839068.shtml | https://caifuhao.eastmoney.com/news/20260621113322249676380 | https://caifuhao.eastmoney.com/news/20260619090719638980480 | https://static.cninfo.com.cn/finalpage/2025-08-19/1224503005.pdf,medium,同一公司可重复出现在不同环节；本行只表示其在该子环节具备龙头/代表性地位线索。 证据强度审计显示该判断主要依赖搜索结果或 B/B- 来源；已降为 medium，待补官网、公告、年报、招股书或权威市场份额报告后再恢复 high。,stage3::华天科技::2.5D/3D/Chiplet先进封装,2026-07-08,2026-07-08,2026-07-08,,,,unknown,检索快照,2023-05-17;2023-07-19;2023-11-04;2024-05-15;2024-09-20;2024-11-10;2026-05-06;2026-05-25;2026-05-29;2026-06-19;2026-06-21,2026-07-05;2026-07-08,当前支持,事实判断,E3-450,A:1;B:4;B-:7,公开资料检索,2026-10-08,
中游/封装测试,先进封装,2.5D/3D/Chiplet先进封装,CoWoS、Fan-out、Foveros、Chiplet和异构集成。,甬矽电子,中国大陆,细分龙头,先进封装和系统级封装代表企业。,E3-450;E3-451;E3-453;E3-458;E3-459;E3-909,6,https://licai.cofool.com/user/guide_view_3362515.html | https://m.gelonghui.com/p/5310914 | https://caifuhao.eastmoney.com/news/20260621113322249676380 | https://xueqiu.com/7824196356/265647424 | https://finance.sina.com.cn/wm/2024-05-15/doc-inavhrkn0670268.shtml | https://static.cninfo.com.cn/finalpage/2025-04-23/1223218861.PDF,medium,同一公司可重复出现在不同环节；本行只表示其在该子环节具备龙头/代表性地位线索。 证据强度审计显示该判断主要依赖搜索结果或 B/B- 来源；已降为 medium，待补官网、公告、年报、招股书或权威市场份额报告后再恢复 high。,stage3::甬矽电子::2.5D/3D/Chiplet先进封装,2026-07-08,2026-07-08,2026-07-08,,,,unknown,检索快照,2023-11-04;2024-05-15;2026-05-06;2026-05-25;2026-06-21,2026-07-05;2026-07-08,当前支持,事实判断,E3-450,A:1;B:2;B-:3,公开资料检索,2026-10-08,
中游/封装测试,先进封装,2.5D/3D/Chiplet先进封装,CoWoS、Fan-out、Foveros、Chiplet和异构集成。,通富微电,中国大陆,国内龙头,AMD等客户协同和先进封装能力代表企业。,E3-450;E3-451;E3-452;E3-453;E3-455;E3-456;E3-457;E3-458;E3-459;E3-460;E3-461;E3-910,12,https://licai.cofool.com/user/guide_view_3362515.html | https://m.gelonghui.com/p/5310914 | https://www.askci.com/reports/20180509/1528133704839068.shtml | https://caifuhao.eastmoney.com/news/20260621113322249676380 | https://caifuhao.eastmoney.com/news/20260619090719638980480 | https://static.cninfo.com.cn/finalpage/2025-04-12/1223070267.PDF,medium,同一公司可重复出现在不同环节；本行只表示其在该子环节具备龙头/代表性地位线索。 证据强度审计显示该判断主要依赖搜索结果或 B/B- 来源；已降为 medium，待补官网、公告、年报、招股书或权威市场份额报告后再恢复 high。,stage3::通富微电::2.5D/3D/Chiplet先进封装,2026-07-08,2026-07-08,2026-07-08,,,,unknown,检索快照,2023-05-17;2023-07-19;2023-11-04;2024-05-15;2024-09-20;2024-11-10;2026-05-06;2026-05-25;2026-05-29;2026-06-19;2026-06-21,2026-07-05;2026-07-08,当前支持,事实判断,E3-450,A:1;B:4;B-:7,公开资料检索,2026-10-08,
中游/封装测试,先进封装,2.5D/3D/Chiplet先进封装,CoWoS、Fan-out、Foveros、Chiplet和异构集成。,长电科技,中国大陆,国内龙头,中国大陆封测和先进封装代表企业。,E3-450;E3-451;E3-452;E3-453;E3-455;E3-456;E3-457;E3-458;E3-459;E3-460;E3-461;E3-870,12,https://licai.cofool.com/user/guide_view_3362515.html | https://m.gelonghui.com/p/5310914 | https://www.askci.com/reports/20180509/1528133704839068.shtml | https://caifuhao.eastmoney.com/news/20260621113322249676380 | https://caifuhao.eastmoney.com/news/20260619090719638980480 | https://pdf.dfcfw.com/pdf/H2_AN202604091821102756_1.pdf,medium,同一公司可重复出现在不同环节；本行只表示其在该子环节具备龙头/代表性地位线索。 证据强度审计显示该判断主要依赖搜索结果或 B/B- 来源；已降为 medium，待补官网、公告、年报、招股书或权威市场份额报告后再恢复 high。,stage3::长电科技::2.5D/3D/Chiplet先进封装,2026-07-08,2026-07-08,2026-07-08,,,,unknown,检索快照,2023-05-17;2023-07-19;2023-11-04;2024-05-15;2024-09-20;2024-11-10;2026-05-06;2026-05-25;2026-05-29;2026-06-19;2026-06-21,2026-07-05;2026-07-08,当前支持,事实判断,E3-450,A-:1;B:4;B-:7,公开资料检索,2026-10-08,
中游/封装测试,先进封装,2.5D/3D/Chiplet先进封装,CoWoS、Fan-out、Foveros、Chiplet和异构集成。,Amkor,海外,全球龙头,全球OSAT和先进封装主要厂商。,E3-452;E3-466;E3-470;E3-471;E3-770,5,https://www.askci.com/reports/20180509/1528133704839068.shtml | https://www.facebook.com/moomoosingapore/posts/after-cowos-comes-copos-and-the-advanced-packaging-supply-chain-is-already-rotat/1442353124579581 | https://www.globenewswire.com/news-release/2026/06/16/3312731/0/en/advanced-packaging-market-size-to-worth-106-71-billion-by-2035-research-by-sns-insider.html | https://www.linkedin.com/pulse/uk-advanced-packaging-market-positioned-long-term-industry-b6ldc | https://amkor.com/packaging/advanced-packaging/,high,同一公司可重复出现在不同环节；本行只表示其在该子环节具备龙头/代表性地位线索。,stage3::Amkor::2.5D/3D/Chiplet先进封装,2026-07-08,2026-07-08,2026-07-06,,,,unknown,检索快照,2026-05-29,2026-07-05;2026-07-06,当前支持,事实判断,E3-452,A:1;B-:4,公开资料检索,2026-10-08,
中游/封装测试,先进封装,2.5D/3D/Chiplet先进封装,CoWoS、Fan-out、Foveros、Chiplet和异构集成。,Intel,海外,细分龙头,Foveros、EMIB等先进封装技术代表。,E3-465;E3-466;E3-471;E3-771,4,https://tspasemiconductor.substack.com/p/how-do-advanced-packaging-equipment | https://www.facebook.com/moomoosingapore/posts/after-cowos-comes-copos-and-the-advanced-packaging-supply-chain-is-already-rotat/1442353124579581 | https://www.linkedin.com/pulse/uk-advanced-packaging-market-positioned-long-term-industry-b6ldc | https://www.intel.com/content/www/us/en/newsroom/resources/press-kit-advanced-packaging.html,medium,同一公司可重复出现在不同环节；本行只表示其在该子环节具备龙头/代表性地位线索。,stage3::Intel::2.5D/3D/Chiplet先进封装,2026-07-08,2026-07-08,2026-07-06,,,,unknown,检索快照,,2026-07-05;2026-07-06,当前支持,事实判断,E3-465,A:1;B-:3,公开资料检索,2026-10-08,
中游/封装测试,先进封装,2.5D/3D/Chiplet先进封装,CoWoS、Fan-out、Foveros、Chiplet和异构集成。,SK hynix,海外,细分龙头,HBM堆叠与先进封装能力服务AI存储。,E3-450;E3-451;E3-453;E3-455;E3-471;E3-916,6,https://licai.cofool.com/user/guide_view_3362515.html | https://m.gelonghui.com/p/5310914 | https://caifuhao.eastmoney.com/news/20260621113322249676380 | https://caifuhao.eastmoney.com/news/20260619090719638980480 | https://www.linkedin.com/pulse/uk-advanced-packaging-market-positioned-long-term-industry-b6ldc | https://news.skhynix.com/sk-hynix-begins-mass-production-of-hbm3e/,medium,同一公司可重复出现在不同环节；本行只表示其在该子环节具备龙头/代表性地位线索。 证据强度审计显示该判断主要依赖搜索结果或 B/B- 来源；已降为 medium，待补官网、公告、年报、招股书或权威市场份额报告后再恢复 high。,stage3::SK hynix::2.5D/3D/Chiplet先进封装,2026-07-08,2026-07-08,2026-07-08,,,,unknown,检索快照,2026-05-06;2026-05-25;2026-06-19;2026-06-21,2026-07-05;2026-07-08,当前支持,事实判断,E3-450,A-:1;B:2;B-:3,公开资料检索,2026-10-08,
中游/封装测试,先进封装,2.5D/3D/Chiplet先进封装,CoWoS、Fan-out、Foveros、Chiplet和异构集成。,Samsung,海外,全球龙头,先进封装和存储/逻辑制造协同能力领先。,E3-465;E3-772;E3-775,3,https://tspasemiconductor.substack.com/p/how-do-advanced-packaging-equipment | https://semiconductor.samsung.com/foundry/advanced-package/ | https://semiconductor.samsung.com/foundry/,medium,同一公司可重复出现在不同环节；本行只表示其在该子环节具备龙头/代表性地位线索。,stage3::Samsung::2.5D/3D/Chiplet先进封装,2026-07-08,2026-07-08,2026-07-06,,,,unknown,检索快照,,2026-07-05;2026-07-06,当前支持,事实判断,E3-465,A:2;B-:1,公开资料检索,2026-10-08,
中游/封装测试,传统封装测试/OSAT,传统OSAT封装测试,传统封装、测试和后段制造服务。,ASE,中国台湾,全球龙头,全球OSAT龙头。,E3-477;E3-485;E3-486;E3-488;E3-489;E3-491;E3-493;E3-494;E3-495;E3-769,10,https://www.vzkoo.com/tag-question/1693795148703734?type=hot | https://www.marketresearchreports.com/blog/top-10-osat-companies-world-updated-2026 | https://semiconductorx.com/packaging-osat.html | https://www.utmel.com/blog/categories/semiconductor/top-10-osat-outsourced-semiconductor-assembly-and-test-companies | https://x.com/trendforce/status/1941165263505826170 | https://www.aseglobal.com/en/technology/advanced_packaging,high,同一公司可重复出现在不同环节；本行只表示其在该子环节具备龙头/代表性地位线索。,stage3::ASE::传统OSAT封装测试,2026-07-08,2026-07-08,2026-07-06,,,,unknown,检索快照,2023-10-16,2026-07-05;2026-07-06,当前支持,事实判断,E3-477,A:1;A-:1;B-:8,公开资料检索,2026-10-08,
中游/封装测试,传统封装测试/OSAT,传统OSAT封装测试,传统封装、测试和后段制造服务。,Powertech,中国台湾,全球龙头,存储封测和OSAT全球主要厂商。,E3-486;E3-493;E3-494;E3-809,4,https://semiconductorx.com/packaging-osat.html | https://www.linkedin.com/pulse/growth-insights-outsourced-semiconductor-assembly-test-hzj8e | https://www.pti.com.tw,medium,同一公司可重复出现在不同环节；本行只表示其在该子环节具备龙头/代表性地位线索。,stage3::Powertech::传统OSAT封装测试,2026-07-08,2026-07-08,2026-07-06,,,,unknown,检索快照,,2026-07-05;2026-07-06,当前支持,事实判断,E3-486,A:1;B-:3,公开资料检索,2026-10-08,
中游/封装测试,传统封装测试/OSAT,传统OSAT封装测试,传统封装、测试和后段制造服务。,华天科技,中国大陆,国内龙头,中国大陆封测龙头之一。,E3-475;E3-476;E3-480;E3-482;E3-483;E3-484;E3-871,7,http://www.leadingir.com/hotspot/view/3317.html | https://www.163.com/dy/article/J57CUA86051480KF.html | https://www.toutiao.com/article/7257326718040834594/ | https://www.51credit.com/wenda/877788.html | https://www.sgpjbg.com/hyshuju/c469605a3d042b83af95baa4ee6571e5.html | https://static.cninfo.com.cn/finalpage/2026-04-10/1225091662.PDF,medium,同一公司可重复出现在不同环节；本行只表示其在该子环节具备龙头/代表性地位线索。 证据强度审计显示该判断主要依赖搜索结果或 B/B- 来源；已降为 medium，待补官网、公告、年报、招股书或权威市场份额报告后再恢复 high。,stage3::华天科技::传统OSAT封装测试,2026-07-08,2026-07-08,2026-07-08,,,,unknown,检索快照,2021-04-20;2021-12-15;2022-01-01;2023-07-19;2024-05-02;2024-06-21,2026-07-05;2026-07-08,当前支持,事实判断,E3-475,A:1;B-:6,公开资料检索,2026-10-08,
中游/封装测试,传统封装测试/OSAT,传统OSAT封装测试,传统封装、测试和后段制造服务。,晶方科技,中国大陆,细分龙头,CIS晶圆级封装代表企业。,E3-475;E3-476;E3-480;E3-481;E3-482;E3-484;E3-810,7,http://www.leadingir.com/hotspot/view/3317.html | https://www.163.com/dy/article/J57CUA86051480KF.html | https://www.toutiao.com/article/7257326718040834594/ | http://www.southmoney.com/gupiao/bkjj/202303/36556686.html | https://www.51credit.com/wenda/877788.html | http://www.wlcsp.com/EN,high,同一公司可重复出现在不同环节；本行只表示其在该子环节具备龙头/代表性地位线索。,stage3::晶方科技::传统OSAT封装测试,2026-07-08,2026-07-08,2026-07-06,,,,unknown,检索快照,2021-04-20;2021-12-15;2023-03-27;2023-07-19;2024-05-02;2024-06-21,2026-07-05;2026-07-06,当前支持,事实判断,E3-475,A:1;B-:6,公开资料检索,2026-10-08,
中游/封装测试,传统封装测试/OSAT,传统OSAT封装测试,传统封装、测试和后段制造服务。,通富微电,中国大陆,国内龙头,中国大陆封测龙头之一，覆盖CPU/GPU等封装测试。,E3-475;E3-476;E3-480;E3-481;E3-482;E3-483;E3-484;E3-811,8,http://www.leadingir.com/hotspot/view/3317.html | https://www.163.com/dy/article/J57CUA86051480KF.html | https://www.toutiao.com/article/7257326718040834594/ | http://www.southmoney.com/gupiao/bkjj/202303/36556686.html | https://www.51credit.com/wenda/877788.html | https://en.tfme.com/news/1070.html,high,同一公司可重复出现在不同环节；本行只表示其在该子环节具备龙头/代表性地位线索。,stage3::通富微电::传统OSAT封装测试,2026-07-08,2026-07-08,2026-07-06,,,,unknown,检索快照,2021-04-20;2021-12-15;2022-01-01;2023-03-27;2023-07-19;2024-05-02;2024-06-21,2026-07-05;2026-07-06,当前支持,事实判断,E3-475,A-:1;B-:7,公开资料检索,2026-10-08,
中游/封装测试,传统封装测试/OSAT,传统OSAT封装测试,传统封装、测试和后段制造服务。,长电科技,中国大陆,国内龙头,中国大陆封测规模龙头。,E3-474;E3-475;E3-476;E3-477;E3-478;E3-479;E3-480;E3-481;E3-482;E3-483;E3-484;E3-485;E3-486;E3-489;E3-491;E3-493;E3-494;E3-869,18,https://xueqiu.com/8795442020/295337428 | http://www.leadingir.com/hotspot/view/3317.html | https://www.163.com/dy/article/J57CUA86051480KF.html | https://www.vzkoo.com/tag-question/1693795148703734?type=hot | https://www.doc88.com/p-30429835255944.html | https://pdf.dfcfw.com/pdf/H2_AN202604091821102756_1.pdf,medium,同一公司可重复出现在不同环节；本行只表示其在该子环节具备龙头/代表性地位线索。 证据强度审计显示该判断主要依赖搜索结果或 B/B- 来源；已降为 medium，待补官网、公告、年报、招股书或权威市场份额报告后再恢复 high。,stage3::长电科技::传统OSAT封装测试,2026-07-08,2026-07-08,2026-07-08,,,,unknown,检索快照,2021-04-20;2021-12-15;2022-01-01;2023-03-27;2023-07-19;2023-10-16;2024-05-02;2024-06-21;2024-06-27;2024-08-26;2024-09-19,2026-07-05;2026-07-08,当前支持,事实判断,E3-474,A-:2;B-:16,公开资料检索,2026-10-08,
中游/封装测试,传统封装测试/OSAT,传统OSAT封装测试,传统封装、测试和后段制造服务。,Amkor,海外,全球龙头,全球OSAT主要厂商。,E3-485;E3-486;E3-488;E3-489;E3-490;E3-491;E3-493;E3-494;E3-495;E3-770,10,https://www.marketresearchreports.com/blog/top-10-osat-companies-world-updated-2026 | https://semiconductorx.com/packaging-osat.html | https://www.utmel.com/blog/categories/semiconductor/top-10-osat-outsourced-semiconductor-assembly-and-test-companies | https://x.com/trendforce/status/1941165263505826170 | https://www.linkedin.com/posts/kumar-priyadarshi-b0a2a7a2_top-10-osat-outsourced-semiconductor-assembly-activity-7312043723415072769-EOep | https://amkor.com/packaging/advanced-packaging/,high,同一公司可重复出现在不同环节；本行只表示其在该子环节具备龙头/代表性地位线索。,stage3::Amkor::传统OSAT封装测试,2026-07-08,2026-07-08,2026-07-06,,,,unknown,检索快照,,2026-07-05;2026-07-06,当前支持,事实判断,E3-485,A:1;A-:1;B-:8,公开资料检索,2026-10-08,
中游/产品与制造,存储/HBM,DRAM/HBM,DRAM、HBM高带宽存储及AI服务器存储产品。,兆易创新,中国大陆,细分龙头,存储和MCU设计代表企业，覆盖Nor Flash等产品。,E3-498;E3-500;E3-501;E3-502;E3-505;E3-883,6,https://finance.stockstar.com/IG2026030300007548.shtml | https://finance.sina.com.cn/wm/2026-05-26/doc-inhzffsk2837263.shtml | https://stock.finance.sina.com.cn/stock/go.php/vReport_Show/kind/search/rptid/820920732177/index.phtml | https://bydrug.pharmcube.com/news/detail/38a8c54c904b0c6da7b9c81107f62be2 | https://cj.sina.com.cn/articles/view/1899684203/713ae16b001016n0m?finpagefr=p_103 | data/reports/cninfo/603986_兆易创新_兆易创新2024年年度报告.pdf,medium,同一公司可重复出现在不同环节；本行只表示其在该子环节具备龙头/代表性地位线索。 证据强度审计显示该判断主要依赖搜索结果或 B/B- 来源；已降为 medium，待补官网、公告、年报、招股书或权威市场份额报告后再恢复 high。,stage3::兆易创新::DRAM/HBM,2026-07-08,2026-07-08,2026-07-08,,,,unknown,检索快照,2026-01-05;2026-03-03;2026-05-19;2026-05-26;2026-05-27,2026-07-05;2026-07-08,当前支持,事实判断,E3-498,A:1;B:3;B-:2,公开资料检索,2026-10-08,
中游/产品与制造,存储/HBM,DRAM/HBM,DRAM、HBM高带宽存储及AI服务器存储产品。,长鑫存储,中国大陆,国内龙头,中国大陆DRAM制造代表企业。,E3-497;E3-507;E3-812,3,https://news.qq.com/rain/a/20260122A06Q4O00 | https://www.cxmt.com/en/about.html,medium,同一公司可重复出现在不同环节；本行只表示其在该子环节具备龙头/代表性地位线索。,stage3::长鑫存储::DRAM/HBM,2026-07-08,2026-07-08,2026-07-06,,,,unknown,检索快照,2026-01-22,2026-07-05;2026-07-06,当前支持,事实判断,E3-497,A:1;B-:2,公开资料检索,2026-10-08,
中游/产品与制造,存储/HBM,DRAM/HBM,DRAM、HBM高带宽存储及AI服务器存储产品。,Micron,海外,全球龙头,DRAM、NAND和HBM全球主要厂商。,E3-499;E3-503;E3-504;E3-505;E3-506;E3-508;E3-511;E3-514;E3-515;E3-516;E3-518;E3-844,12,https://caifuhao.eastmoney.com/news/20260615165113424538380 | https://news.zol.com.cn/1188/11887621.html | https://cj.sina.com.cn/articles/view/1899684203/713ae16b001016n0m?finpagefr=p_103 | https://m.zol.com.cn/article/11887621.html | https://www.ajupress.com/view/20260625170470295 | https://www.micron.com/products/memory/hbm/hbm3e,high,同一公司可重复出现在不同环节；本行只表示其在该子环节具备龙头/代表性地位线索。,stage3::Micron::DRAM/HBM,2026-07-08,2026-07-08,2026-07-07,,,,unknown,检索快照,2026-05-27;2026-05-29;2026-06-15,2026-07-05;2026-07-07,当前支持,事实判断,E3-499,A:1;B:3;B-:8,公开资料检索,2026-10-08,
中游/产品与制造,存储/HBM,DRAM/HBM,DRAM、HBM高带宽存储及AI服务器存储产品。,SK hynix,海外,全球龙头,HBM和DRAM全球龙头之一。,E3-498;E3-499;E3-503;E3-504;E3-505;E3-506;E3-508;E3-509;E3-510;E3-511;E3-512;E3-513;E3-514;E3-515;E3-516;E3-517;E3-518;E3-519;E3-845,19,https://finance.stockstar.com/IG2026030300007548.shtml | https://caifuhao.eastmoney.com/news/20260615165113424538380 | https://news.zol.com.cn/1188/11887621.html | https://cj.sina.com.cn/articles/view/1899684203/713ae16b001016n0m?finpagefr=p_103 | https://m.zol.com.cn/article/11887621.html | https://news.skhynix.com/sk-hynix-announces-16-layer-hbm3e-at-sk-ai-summit-2024,high,同一公司可重复出现在不同环节；本行只表示其在该子环节具备龙头/代表性地位线索。,stage3::SK hynix::DRAM/HBM,2026-07-08,2026-07-08,2026-07-07,,,,unknown,检索快照,2026-03-03;2026-05-27;2026-05-29;2026-06-15,2026-07-05;2026-07-07,当前支持,事实判断,E3-498,A-:2;B:3;B-:14,公开资料检索,2026-10-08,
中游/产品与制造,存储/HBM,DRAM/HBM,DRAM、HBM高带宽存储及AI服务器存储产品。,Samsung,海外,全球龙头,DRAM、NAND和HBM综合存储龙头。,E3-499;E3-503;E3-504;E3-505;E3-506;E3-508;E3-509;E3-510;E3-511;E3-513;E3-514;E3-515;E3-516;E3-517;E3-518;E3-772;E3-775,17,https://caifuhao.eastmoney.com/news/20260615165113424538380 | https://news.zol.com.cn/1188/11887621.html | https://cj.sina.com.cn/articles/view/1899684203/713ae16b001016n0m?finpagefr=p_103 | https://m.zol.com.cn/article/11887621.html | https://www.ajupress.com/view/20260625170470295 | https://semiconductor.samsung.com/foundry/advanced-package/ | https://semiconductor.samsung.com/foundry/,high,同一公司可重复出现在不同环节；本行只表示其在该子环节具备龙头/代表性地位线索。,stage3::Samsung::DRAM/HBM,2026-07-08,2026-07-08,2026-07-06,,,,unknown,检索快照,2026-05-27;2026-05-29;2026-06-15,2026-07-05;2026-07-06,当前支持,事实判断,E3-499,A:2;A-:1;B:3;B-:11,公开资料检索,2026-10-08,
中游/产品与制造,存储/HBM,NAND Flash,NAND闪存、3D NAND和存储晶圆制造。,长江存储,中国大陆,国内龙头,中国大陆3D NAND制造代表企业。,E3-520;E3-521;E3-522;E3-523;E3-524;E3-525;E3-526;E3-527;E3-528;E3-529;E3-530;E3-531;E3-532;E3-813,14,https://news.qq.com/rain/a/20260603A06L6X00 | https://m.163.com/dy/article/KUGUKNJ30511838M.html | https://news.qq.com/rain/a/20260603A08TPW00 | https://www.163.com/dy/article/KKMRH5R205567NUD.html | https://m.163.com/dy/article/KKMRH5R205567NUD.html | http://www.ymtc.com/en/aboutus.html,high,同一公司可重复出现在不同环节；本行只表示其在该子环节具备龙头/代表性地位线索。,stage3::长江存储::NAND Flash,2026-07-08,2026-07-08,2026-07-06,,,,unknown,检索快照,2026-02-01;2026-04-03;2026-05-19;2026-05-20;2026-05-30;2026-06-03,2026-07-05;2026-07-06,当前支持,事实判断,E3-520,A:1;B-:13,公开资料检索,2026-10-08,
中游/产品与制造,存储/HBM,NAND Flash,NAND闪存、3D NAND和存储晶圆制造。,Kioxia,海外,全球龙头,NAND Flash全球主要厂商。,E3-520;E3-521;E3-522;E3-525;E3-527;E3-528;E3-531;E3-532;E3-533;E3-541;E3-542;E3-543;E3-814,13,https://news.qq.com/rain/a/20260603A06L6X00 | https://m.163.com/dy/article/KUGUKNJ30511838M.html | https://news.qq.com/rain/a/20260603A08TPW00 | https://www.163.com/dy/article/KPJJ7T530511838M.html | https://news.qq.com/rain/a/20260519A08NY200 | https://americas.kioxia.com/en-us/business/memory.html,high,同一公司可重复出现在不同环节；本行只表示其在该子环节具备龙头/代表性地位线索。,stage3::Kioxia::NAND Flash,2026-07-08,2026-07-08,2026-07-06,,,,unknown,检索快照,2026-04-03;2026-05-19;2026-05-20;2026-06-03,2026-07-05;2026-07-06,当前支持,事实判断,E3-520,A:1;B-:12,公开资料检索,2026-10-08,
中游/产品与制造,存储/HBM,NAND Flash,NAND闪存、3D NAND和存储晶圆制造。,Micron,海外,全球龙头,NAND和DRAM全球主要厂商。,E3-520;E3-521;E3-522;E3-525;E3-527;E3-528;E3-531;E3-532;E3-533;E3-534;E3-541;E3-542;E3-543;E3-815,14,https://news.qq.com/rain/a/20260603A06L6X00 | https://m.163.com/dy/article/KUGUKNJ30511838M.html | https://news.qq.com/rain/a/20260603A08TPW00 | https://www.163.com/dy/article/KPJJ7T530511838M.html | https://news.qq.com/rain/a/20260519A08NY200 | https://www.micron.com/products/storage/nand-flash,high,同一公司可重复出现在不同环节；本行只表示其在该子环节具备龙头/代表性地位线索。,stage3::Micron::NAND Flash,2026-07-08,2026-07-08,2026-07-06,,,,unknown,检索快照,2026-04-03;2026-05-19;2026-05-20;2026-06-03,2026-07-05;2026-07-06,当前支持,事实判断,E3-520,A:1;B-:13,公开资料检索,2026-10-08,
中游/产品与制造,存储/HBM,NAND Flash,NAND闪存、3D NAND和存储晶圆制造。,SK hynix,海外,全球龙头,NAND和DRAM全球主要厂商。,E3-520;E3-521;E3-522;E3-523;E3-524;E3-525;E3-527;E3-528;E3-531;E3-532;E3-533;E3-534;E3-541;E3-542;E3-543;E3-816,16,https://news.qq.com/rain/a/20260603A06L6X00 | https://m.163.com/dy/article/KUGUKNJ30511838M.html | https://news.qq.com/rain/a/20260603A08TPW00 | https://www.163.com/dy/article/KKMRH5R205567NUD.html | https://m.163.com/dy/article/KKMRH5R205567NUD.html | https://news.skhynix.com/sk-hynix-starts-mass-production-of-world-first-321-high-nand,high,同一公司可重复出现在不同环节；本行只表示其在该子环节具备龙头/代表性地位线索。,stage3::SK hynix::NAND Flash,2026-07-08,2026-07-08,2026-07-06,,,,unknown,检索快照,2026-02-01;2026-04-03;2026-05-19;2026-05-20;2026-06-03,2026-07-05;2026-07-06,当前支持,事实判断,E3-520,A-:1;B-:15,公开资料检索,2026-10-08,
中游/产品与制造,存储/HBM,NAND Flash,NAND闪存、3D NAND和存储晶圆制造。,Samsung,海外,全球龙头,NAND和存储综合龙头。,E3-520;E3-521;E3-522;E3-523;E3-524;E3-525;E3-526;E3-527;E3-528;E3-531;E3-532;E3-533;E3-534;E3-541;E3-542;E3-543;E3-772;E3-775,18,https://news.qq.com/rain/a/20260603A06L6X00 | https://m.163.com/dy/article/KUGUKNJ30511838M.html | https://news.qq.com/rain/a/20260603A08TPW00 | https://www.163.com/dy/article/KKMRH5R205567NUD.html | https://m.163.com/dy/article/KKMRH5R205567NUD.html | https://semiconductor.samsung.com/foundry/advanced-package/ | https://semiconductor.samsung.com/foundry/,high,同一公司可重复出现在不同环节；本行只表示其在该子环节具备龙头/代表性地位线索。,stage3::Samsung::NAND Flash,2026-07-08,2026-07-08,2026-07-06,,,,unknown,检索快照,2026-02-01;2026-04-03;2026-05-19;2026-05-20;2026-05-30;2026-06-03,2026-07-05;2026-07-06,当前支持,事实判断,E3-520,A:2;B-:16,公开资料检索,2026-10-08,
中游/产品与制造,存储/HBM,NAND Flash,NAND闪存、3D NAND和存储晶圆制造。,Western Digital,海外,全球龙头,NAND和存储产品全球主要厂商。,E3-532;E3-533;E3-541;E3-542;E3-543;E3-827,6,https://x.com/UniverseIce/status/2070007515937751481 | https://www.facebook.com/thebrainmazeofficial/posts/samsung-sk-hynix-micron-kioxia-and-western-digital-are-leading-global-memory-chi/998086662874927 | https://www.reddit.com/r/NewMaxx/comments/1fg4n3r/samsung_and_sk_hynix_gain_nand_market_share_as | https://www.blocksandfiles.com/ai-ml/2024/09/13/samsung-and-sk-hynix-gain-nand-market-share-as-kioxia-micron-and-western-digital-lose-it/1602797 | https://www.sandisk.com/product-portfolio,high,同一公司可重复出现在不同环节；本行只表示其在该子环节具备龙头/代表性地位线索。,stage3::Western Digital::NAND Flash,2026-07-08,2026-07-08,2026-07-06,,,,unknown,检索快照,,2026-07-05;2026-07-06,当前支持,事实判断,E3-532,A:1;B-:5,公开资料检索,2026-10-08,
中游/产品与制造,存储/HBM,存储控制/模组/NOR,NOR Flash、存储控制器、企业级/消费级存储模组。,Macronix,中国台湾,全球龙头,NOR Flash全球主要供应商。,E3-560;E3-564;E3-566;E3-817,4,https://www.custommarketinsights.com/press-releases/nor-flash-market-size | https://www.semiconductor-digest.com/top-suppliers-enjoy-big-gains-in-small-nor-flash-market | https://www.macronix.com/en-us/products/NOR-Flash/Serial-NOR-Flash,medium,同一公司可重复出现在不同环节；本行只表示其在该子环节具备龙头/代表性地位线索。,stage3::Macronix::存储控制/模组/NOR,2026-07-08,2026-07-08,2026-07-06,,,,unknown,检索快照,,2026-07-05;2026-07-06,当前支持,事实判断,E3-560,A:1;B-:3,公开资料检索,2026-10-08,
中游/产品与制造,存储/HBM,存储控制/模组/NOR,NOR Flash、存储控制器、企业级/消费级存储模组。,Winbond,中国台湾,全球龙头,NOR Flash和利基型DRAM代表厂商。,E3-560;E3-564;E3-566;E3-818,4,https://www.custommarketinsights.com/press-releases/nor-flash-market-size | https://www.semiconductor-digest.com/top-suppliers-enjoy-big-gains-in-small-nor-flash-market | https://www.winbond.com/hq/product/code-storage-flash?__locale=en,medium,同一公司可重复出现在不同环节；本行只表示其在该子环节具备龙头/代表性地位线索。,stage3::Winbond::存储控制/模组/NOR,2026-07-08,2026-07-08,2026-07-06,,,,unknown,检索快照,,2026-07-05;2026-07-06,当前支持,事实判断,E3-560,A:1;B-:3,公开资料检索,2026-10-08,
中游/产品与制造,存储/HBM,存储控制/模组/NOR,NOR Flash、存储控制器、企业级/消费级存储模组。,佰维存储,中国大陆,细分龙头,存储模组和封测一体化代表企业。,E3-544;E3-546;E3-547;E3-548;E3-549;E3-552;E3-554;E3-837,8,https://t.cj.sina.com.cn/articles/view/1261340881/4b2e88d100101kwie?finpagefr=p_103 | https://www.toutiao.com/article/7642570407052050980/ | https://news.qq.com/rain/a/20260630A01Y4W00 | https://m.gelonghui.com/p/5057647 | https://caifuhao.eastmoney.com/news/20260625091458112576230 | data/reports/cninfo/688525_佰维存储_2024年年度报告.pdf,high,同一公司可重复出现在不同环节；本行只表示其在该子环节具备龙头/代表性地位线索。,stage3::佰维存储::存储控制/模组/NOR,2026-07-08,2026-07-08,2026-07-07,,,,unknown,检索快照,2024-06-25;2026-03-15;2026-05-13;2026-05-22;2026-06-04;2026-06-25;2026-06-30,2026-07-05;2026-07-07,当前支持,事实判断,E3-544,A:1;B:3;B-:4,公开资料检索,2026-10-08,
中游/产品与制造,存储/HBM,存储控制/模组/NOR,NOR Flash、存储控制器、企业级/消费级存储模组。,兆易创新,中国大陆,国内龙头,NOR Flash和MCU国内代表企业。,E3-544;E3-545;E3-546;E3-547;E3-548;E3-549;E3-550;E3-551;E3-552;E3-553;E3-554;E3-555;E3-560;E3-564;E3-566;E3-848,16,https://t.cj.sina.com.cn/articles/view/1261340881/4b2e88d100101kwie?finpagefr=p_103 | https://caifuhao.eastmoney.com/news/20260622162328384156960 | https://www.toutiao.com/article/7642570407052050980/ | https://news.qq.com/rain/a/20260630A01Y4W00 | https://m.gelonghui.com/p/5057647 | data/reports/cninfo/603986_兆易创新_兆易创新2024年年度报告.pdf,high,同一公司可重复出现在不同环节；本行只表示其在该子环节具备龙头/代表性地位线索。,stage3::兆易创新::存储控制/模组/NOR,2026-07-08,2026-07-08,2026-07-07,,,,unknown,检索快照,2020-03-23;2023-03-30;2024-02-27;2024-04-01;2024-06-25;2026-03-15;2026-05-13;2026-05-22;2026-06-04;2026-06-22;2026-06-25;2026-06-30,2026-07-05;2026-07-07,当前支持,事实判断,E3-544,A:1;B:4;B-:11,公开资料检索,2026-10-08,
中游/产品与制造,存储/HBM,存储控制/模组/NOR,NOR Flash、存储控制器、企业级/消费级存储模组。,北京君正,中国大陆,细分龙头,车规存储、处理器和模拟互补产品代表企业。,E3-544;E3-546;E3-547;E3-548;E3-552;E3-554;E3-849,7,https://t.cj.sina.com.cn/articles/view/1261340881/4b2e88d100101kwie?finpagefr=p_103 | https://www.toutiao.com/article/7642570407052050980/ | https://news.qq.com/rain/a/20260630A01Y4W00 | https://m.gelonghui.com/p/5057647 | http://mguba.eastmoney.com/mguba/article/0/1438924830 | data/reports/cninfo/300223_北京君正_2024年年度报告.pdf,high,同一公司可重复出现在不同环节；本行只表示其在该子环节具备龙头/代表性地位线索。,stage3::北京君正::存储控制/模组/NOR,2026-07-08,2026-07-08,2026-07-07,,,,unknown,检索快照,2024-06-25;2026-03-15;2026-05-13;2026-05-22;2026-06-04;2026-06-30,2026-07-05;2026-07-07,当前支持,事实判断,E3-544,A:1;B:2;B-:4,公开资料检索,2026-10-08,
中游/产品与制造,存储/HBM,存储控制/模组/NOR,NOR Flash、存储控制器、企业级/消费级存储模组。,江波龙,中国大陆,国内龙头,存储模组和嵌入式存储产品代表企业。,E3-544;E3-546;E3-547;E3-548;E3-549;E3-550;E3-552;E3-553;E3-554;E3-838,10,https://t.cj.sina.com.cn/articles/view/1261340881/4b2e88d100101kwie?finpagefr=p_103 | https://www.toutiao.com/article/7642570407052050980/ | https://news.qq.com/rain/a/20260630A01Y4W00 | https://m.gelonghui.com/p/5057647 | https://caifuhao.eastmoney.com/news/20260625091458112576230 | data/reports/cninfo/301308_江波龙_2024年年度报告.pdf,high,同一公司可重复出现在不同环节；本行只表示其在该子环节具备龙头/代表性地位线索。,stage3::江波龙::存储控制/模组/NOR,2026-07-08,2026-07-08,2026-07-07,,,,unknown,检索快照,2023-03-30;2024-04-01;2024-06-25;2026-03-15;2026-05-13;2026-05-22;2026-06-04;2026-06-25;2026-06-30,2026-07-05;2026-07-07,当前支持,事实判断,E3-544,A:1;B:3;B-:6,公开资料检索,2026-10-08,
中游/特色器件,功率半导体/SiC-GaN,功率器件/模块,IGBT、MOSFET、功率模块和汽车/工业功率器件。,华润微,中国大陆,国内龙头,功率器件、模拟和制造一体化代表企业。,E3-570;E3-573;E3-579;E3-861,4,https://licai.cofool.com/user/guide_view_3415349.html | https://cj.sina.com.cn/articles/view/7713813572/1cbc77444001017f62?finpagefr=p_103 | https://m.chinabgao.com/top/brand/132959.html | https://www.crmicro.com/periodicalReports/2025-04-30/6e0cd80d-8132-44ae-a966-e1920700e45c.pdf,medium,同一公司可重复出现在不同环节；本行只表示其在该子环节具备龙头/代表性地位线索。,stage3::华润微::功率器件/模块,2026-07-08,2026-07-08,2026-07-08,,,,unknown,检索快照,2026-03-02;2026-06-06;2026-06-29,2026-07-05;2026-07-08,当前支持,事实判断,E3-570,A:1;B:1;B-:2,公开资料检索,2026-10-08,
中游/特色器件,功率半导体/SiC-GaN,功率器件/模块,IGBT、MOSFET、功率模块和汽车/工业功率器件。,士兰微,中国大陆,国内龙头,功率器件IDM和特色工艺代表企业。,E3-568;E3-569;E3-570;E3-571;E3-572;E3-573;E3-574;E3-575;E3-576;E3-577;E3-579;E3-863,12,https://www.baogao.com/jigou/1501471.html | https://caifuhao.eastmoney.com/news/20260617190655339513010 | https://licai.cofool.com/user/guide_view_3415349.html | http://www.hibor.com.cn/data/1d293a56169760d6ca28aad33a11ed72.html | https://hqq.hibor.com.cn/data/1d293a56169760d6ca28aad33a11ed72.html | https://www.silan.com.cn/,medium,同一公司可重复出现在不同环节；本行只表示其在该子环节具备龙头/代表性地位线索。 证据强度审计显示该判断主要依赖搜索结果或 B/B- 来源；已降为 medium，待补官网、公告、年报、招股书或权威市场份额报告后再恢复 high。,stage3::士兰微::功率器件/模块,2026-07-08,2026-07-08,2026-07-08,,,,unknown,检索快照,2026-03-02;2026-05-27;2026-06-06;2026-06-17;2026-06-29,2026-07-05;2026-07-08,当前支持,事实判断,E3-568,A:1;B:3;B-:8,公开资料检索,2026-10-08,
中游/特色器件,功率半导体/SiC-GaN,功率器件/模块,IGBT、MOSFET、功率模块和汽车/工业功率器件。,斯达半导,中国大陆,国内龙头,IGBT模块和功率模块国内代表企业。,E3-569;E3-570;E3-575;E3-579;E3-867,5,https://caifuhao.eastmoney.com/news/20260617190655339513010 | https://licai.cofool.com/user/guide_view_3415349.html | https://m.chinabgao.com/top/brand/132959.html | https://www.powersemi.com/,medium,同一公司可重复出现在不同环节；本行只表示其在该子环节具备龙头/代表性地位线索。 证据强度审计显示该判断主要依赖搜索结果或 B/B- 来源；已降为 medium，待补官网、公告、年报、招股书或权威市场份额报告后再恢复 high。,stage3::斯达半导::功率器件/模块,2026-07-08,2026-07-08,2026-07-08,,,,unknown,检索快照,2026-06-06;2026-06-17;2026-06-29,2026-07-05;2026-07-08,当前支持,事实判断,E3-569,A:1;B:2;B-:2,公开资料检索,2026-10-08,
中游/特色器件,功率半导体/SiC-GaN,功率器件/模块,IGBT、MOSFET、功率模块和汽车/工业功率器件。,新洁能,中国大陆,细分龙头,MOSFET和功率器件设计代表企业。,E3-569;E3-570;E3-573;E3-575;E3-579;E3-911,6,https://caifuhao.eastmoney.com/news/20260617190655339513010 | https://licai.cofool.com/user/guide_view_3415349.html | https://cj.sina.com.cn/articles/view/7713813572/1cbc77444001017f62?finpagefr=p_103 | https://m.chinabgao.com/top/brand/132959.html | https://static.cninfo.com.cn/finalpage/2025-04-25/1223286536.PDF,medium,同一公司可重复出现在不同环节；本行只表示其在该子环节具备龙头/代表性地位线索。 证据强度审计显示该判断主要依赖搜索结果或 B/B- 来源；已降为 medium，待补官网、公告、年报、招股书或权威市场份额报告后再恢复 high。,stage3::新洁能::功率器件/模块,2026-07-08,2026-07-08,2026-07-08,,,,unknown,检索快照,2026-03-02;2026-06-06;2026-06-17;2026-06-29,2026-07-05;2026-07-08,当前支持,事实判断,E3-569,A:1;B:3;B-:2,公开资料检索,2026-10-08,
中游/特色器件,功率半导体/SiC-GaN,功率器件/模块,IGBT、MOSFET、功率模块和汽车/工业功率器件。,Infineon,海外,全球龙头,功率半导体和汽车功率器件全球龙头。,E3-568;E3-571;E3-572;E3-574;E3-576;E3-577;E3-580;E3-583;E3-584;E3-585;E3-587;E3-591;E3-778,13,https://www.baogao.com/jigou/1501471.html | http://www.hibor.com.cn/data/1d293a56169760d6ca28aad33a11ed72.html | https://hqq.hibor.com.cn/data/1d293a56169760d6ca28aad33a11ed72.html | https://www.facebook.com/LanshengIC/posts/global-power-semiconductor-industry-analysisaccording-to-ic-insights-statistics-/144074435296573 | https://www.semicone.com/article-419.html | https://www.infineon.com/products/power,high,同一公司可重复出现在不同环节；本行只表示其在该子环节具备龙头/代表性地位线索。,stage3::Infineon::功率器件/模块,2026-07-08,2026-07-08,2026-07-06,,,,unknown,检索快照,2026-05-27,2026-07-05;2026-07-06,当前支持,事实判断,E3-568,A:1;B-:12,公开资料检索,2026-10-08,
中游/特色器件,功率半导体/SiC-GaN,功率器件/模块,IGBT、MOSFET、功率模块和汽车/工业功率器件。,Mitsubishi Electric,海外,细分龙头,IGBT和功率模块全球代表厂商。,E3-583;E3-584;E3-591;E3-819,4,https://www.semicone.com/article-419.html | https://www.marketresearchfuture.com/reports/power-semiconductor-market-1178 | https://www.mitsubishielectric.com/semiconductors/powerdevices/products,medium,同一公司可重复出现在不同环节；本行只表示其在该子环节具备龙头/代表性地位线索。,stage3::Mitsubishi Electric::功率器件/模块,2026-07-08,2026-07-08,2026-07-06,,,,unknown,检索快照,,2026-07-05;2026-07-06,当前支持,事实判断,E3-583,A:1;B-:3,公开资料检索,2026-10-08,
中游/特色器件,功率半导体/SiC-GaN,功率器件/模块,IGBT、MOSFET、功率模块和汽车/工业功率器件。,ROHM,海外,全球龙头,功率器件和SiC解决方案全球主要厂商。,E3-583;E3-820,2,https://www.semicone.com/article-419.html | https://www.rohm.com/products/sic-power-devices,medium-low,同一公司可重复出现在不同环节；本行只表示其在该子环节具备龙头/代表性地位线索。,stage3::ROHM::功率器件/模块,2026-07-08,2026-07-08,2026-07-06,,,,unknown,检索快照,,2026-07-05;2026-07-06,当前支持,事实判断,E3-583,A:1;B-:1,公开资料检索,2026-10-08,
中游/特色器件,功率半导体/SiC-GaN,功率器件/模块,IGBT、MOSFET、功率模块和汽车/工业功率器件。,STMicroelectronics,海外,全球龙头,汽车和工业功率半导体全球主要厂商。,E3-580;E3-584;E3-587;E3-591;E3-780,5,https://www.facebook.com/LanshengIC/posts/global-power-semiconductor-industry-analysisaccording-to-ic-insights-statistics-/144074435296573 | https://www.marketresearchfuture.com/reports/power-semiconductor-market-1178 | https://www.st.com/en/power-management.html,high,同一公司可重复出现在不同环节；本行只表示其在该子环节具备龙头/代表性地位线索。,stage3::STMicroelectronics::功率器件/模块,2026-07-08,2026-07-08,2026-07-06,,,,unknown,检索快照,,2026-07-05;2026-07-06,当前支持,事实判断,E3-580,A:1;B-:4,公开资料检索,2026-10-08,
中游/特色器件,功率半导体/SiC-GaN,SiC衬底/外延,碳化硅衬底、外延片和上游材料。,三安光电,中国大陆,细分龙头,SiC/GaN化合物半导体材料和器件布局代表企业。,E3-595;E3-857,2,https://cj.sina.com.cn/articles/view/1261340881/4b2e88d100101kyu4?finpagefr=p_104_a | https://www.sanan-semiconductor.com/sic-substrate-epitaxy,medium-low,同一公司可重复出现在不同环节；本行只表示其在该子环节具备龙头/代表性地位线索。,stage3::三安光电::SiC衬底/外延,2026-07-08,2026-07-08,2026-07-08,,,,unknown,检索快照,2026-05-21,2026-07-05;2026-07-08,当前支持,事实判断,E3-595,A:1;B:1,公开资料检索,2026-10-08,
中游/特色器件,功率半导体/SiC-GaN,SiC衬底/外延,碳化硅衬底、外延片和上游材料。,天岳先进,中国大陆,国内龙头,SiC衬底国产代表企业。,E3-592;E3-593;E3-595;E3-596;E3-597;E3-598;E3-599;E3-600;E3-601;E3-602;E3-603;E3-912,12,https://www.ab-sm.com/a/47943 | https://www.ab-sm.com/a/67875 | https://cj.sina.com.cn/articles/view/1261340881/4b2e88d100101kyu4?finpagefr=p_104_a | https://www.baogao.com/jigou/1500317.html | https://longportapp.cn/en/news/281955930 | https://static.cninfo.com.cn/finalpage/2025-03-28/1222928209.PDF,medium,同一公司可重复出现在不同环节；本行只表示其在该子环节具备龙头/代表性地位线索。 证据强度审计显示该判断主要依赖搜索结果或 B/B- 来源；已降为 medium，待补官网、公告、年报、招股书或权威市场份额报告后再恢复 high。,stage3::天岳先进::SiC衬底/外延,2026-07-08,2026-07-08,2026-07-08,,,,unknown,检索快照,2026-03-17;2026-03-27;2026-03-31;2026-04-01;2026-04-06;2026-04-08;2026-05-08;2026-05-15;2026-05-21;2026-07-02;2026-07-03,2026-07-05;2026-07-08,当前支持,事实判断,E3-592,A:1;B:2;B-:9,公开资料检索,2026-10-08,
中游/特色器件,功率半导体/SiC-GaN,SiC衬底/外延,碳化硅衬底、外延片和上游材料。,天科合达,中国大陆,国内龙头,SiC衬底国产代表企业。,E3-593;E3-595;E3-602;E3-603;E3-913,5,https://www.ab-sm.com/a/67875 | https://cj.sina.com.cn/articles/view/1261340881/4b2e88d100101kyu4?finpagefr=p_104_a | https://www.36kr.com/p/3878176573517829 | https://finance.sina.com.cn/stock/observe/2026-04-01/doc-inhsysks2684209.shtml | https://www.tankeblue.com/product,medium,同一公司可重复出现在不同环节；本行只表示其在该子环节具备龙头/代表性地位线索。 证据强度审计显示该判断主要依赖搜索结果或 B/B- 来源；已降为 medium，待补官网、公告、年报、招股书或权威市场份额报告后再恢复 high。,stage3::天科合达::SiC衬底/外延,2026-07-08,2026-07-08,2026-07-08,,,,unknown,检索快照,2026-03-31;2026-04-01;2026-05-21;2026-07-02,2026-07-05;2026-07-08,当前支持,事实判断,E3-593,A:1;B:2;B-:2,公开资料检索,2026-10-08,
中游/特色器件,功率半导体/SiC-GaN,SiC衬底/外延,碳化硅衬底、外延片和上游材料。,Coherent,海外,全球龙头,SiC衬底和化合物材料全球主要供应商。,E3-592;E3-821,2,https://www.ab-sm.com/a/47943 | https://www.coherent.com/materials/wide-bandgap-electronics/sic-substrates-epitaxy/sic-for-power-electronics,medium-low,同一公司可重复出现在不同环节；本行只表示其在该子环节具备龙头/代表性地位线索。,stage3::Coherent::SiC衬底/外延,2026-07-08,2026-07-08,2026-07-06,,,,unknown,检索快照,2026-03-17,2026-07-05;2026-07-06,当前支持,事实判断,E3-592,A:1;B-:1,公开资料检索,2026-10-08,
中游/特色器件,功率半导体/SiC-GaN,SiC衬底/外延,碳化硅衬底、外延片和上游材料。,Wolfspeed,海外,全球龙头,SiC材料和器件全球核心厂商。,E3-592;E3-602;E3-603;E3-605;E3-607;E3-608;E3-779,7,https://www.ab-sm.com/a/47943 | https://www.36kr.com/p/3878176573517829 | https://finance.sina.com.cn/stock/observe/2026-04-01/doc-inhsysks2684209.shtml | https://www.techpowerup.com/forums/threads/wolfspeed-achieves-300mm-silicon-carbide-sic-technology-breakthrough.345133 | https://www.yolegroup.com/product/report/power-sic-2026---markets-and-applications | https://www.wolfspeed.com/products/power/,high,同一公司可重复出现在不同环节；本行只表示其在该子环节具备龙头/代表性地位线索。,stage3::Wolfspeed::SiC衬底/外延,2026-07-08,2026-07-08,2026-07-06,,,,unknown,检索快照,2026-03-17;2026-04-01;2026-07-02,2026-07-05;2026-07-06,当前支持,事实判断,E3-592,A:1;B:1;B-:5,公开资料检索,2026-10-08,
中游/特色器件,功率半导体/SiC-GaN,SiC功率器件/模块,SiC MOSFET、二极管、功率模块和车规应用。,三安光电,中国大陆,国内龙头,SiC/GaN化合物半导体制造和器件布局代表企业。,E3-624;E3-828;E3-858,3,https://zhuanlan.zhihu.com/p/429608214 | https://www.sanan-semiconductor.com/en/products | https://www.sanan-semiconductor.com/,medium-low,同一公司可重复出现在不同环节；本行只表示其在该子环节具备龙头/代表性地位线索。,stage3::三安光电::SiC功率器件/模块,2026-07-08,2026-07-08,2026-07-08,,,,unknown,检索快照,2021-11-05,2026-07-05;2026-07-06;2026-07-08,当前支持,事实判断,E3-624,A:2;B-:1,公开资料检索,2026-10-08,
中游/特色器件,功率半导体/SiC-GaN,SiC功率器件/模块,SiC MOSFET、二极管、功率模块和车规应用。,士兰微,中国大陆,国内龙头,SiC功率器件和IDM能力布局代表企业。,E3-616;E3-617;E3-618;E3-619;E3-620;E3-622;E3-623;E3-624;E3-625;E3-864,10,https://www.baogao.com/jigou/1501471.html | https://caifuhao.eastmoney.com/news/20260617190655339513010 | https://hqq.hibor.com.cn/data/1d293a56169760d6ca28aad33a11ed72.html | http://www.hibor.com.cn/data/1d293a56169760d6ca28aad33a11ed72.html | https://www.tgb.cn/a/2sZEDBFf7V1 | https://www.silan.com.cn/index.php/product/index/485.html,medium,同一公司可重复出现在不同环节；本行只表示其在该子环节具备龙头/代表性地位线索。 证据强度审计显示该判断主要依赖搜索结果或 B/B- 来源；已降为 medium，待补官网、公告、年报、招股书或权威市场份额报告后再恢复 high。,stage3::士兰微::SiC功率器件/模块,2026-07-08,2026-07-08,2026-07-08,,,,unknown,检索快照,2021-11-05;2024-04-10;2024-11-07;2026-05-27;2026-06-17;2026-06-28,2026-07-05;2026-07-08,当前支持,事实判断,E3-616,A:1;B:2;B-:7,公开资料检索,2026-10-08,
中游/特色器件,功率半导体/SiC-GaN,SiC功率器件/模块,SiC MOSFET、二极管、功率模块和车规应用。,斯达半导,中国大陆,国内龙头,功率模块和SiC模块布局代表企业。,E3-617;E3-620;E3-623;E3-624;E3-634;E3-868,6,https://caifuhao.eastmoney.com/news/20260617190655339513010 | https://www.tgb.cn/a/2sZEDBFf7V1 | https://caifuhao.eastmoney.com/news/20241106235422379212840 | https://zhuanlan.zhihu.com/p/429608214 | https://www.linkedin.com/pulse/silicon-carbide-mosfet-module-market-forecasted-using-segmentation-htv5f | https://www.powersemi.com/EN/product.html,medium,同一公司可重复出现在不同环节；本行只表示其在该子环节具备龙头/代表性地位线索。 证据强度审计显示该判断主要依赖搜索结果或 B/B- 来源；已降为 medium，待补官网、公告、年报、招股书或权威市场份额报告后再恢复 high。,stage3::斯达半导::SiC功率器件/模块,2026-07-08,2026-07-08,2026-07-08,,,,unknown,检索快照,2021-11-05;2024-11-07;2026-06-17;2026-06-28,2026-07-05;2026-07-08,当前支持,事实判断,E3-617,A:1;B:2;B-:3,公开资料检索,2026-10-08,
中游/特色器件,功率半导体/SiC-GaN,SiC功率器件/模块,SiC MOSFET、二极管、功率模块和车规应用。,闻泰科技,中国大陆,细分龙头,功率半导体和车规分立器件代表企业。,E3-623;E3-624;E3-866,3,https://caifuhao.eastmoney.com/news/20241106235422379212840 | https://zhuanlan.zhihu.com/p/429608214 | https://www.nexperia.com/products/mosfets/sic-mosfets | https://www.nexperia.com/products/silicon-carbide-power-devices/sic-mosfets,medium,同一公司可重复出现在不同环节；本行只表示其在该子环节具备龙头/代表性地位线索。,stage3::闻泰科技::SiC功率器件/模块,2026-07-08,2026-07-08,2026-07-08,,,,unknown,检索快照,2021-11-05;2024-11-07,2026-07-05;2026-07-08,当前支持,事实判断,E3-623,A:1;B:1;B-:1,公开资料检索,2026-10-08,
中游/特色器件,功率半导体/SiC-GaN,SiC功率器件/模块,SiC MOSFET、二极管、功率模块和车规应用。,Infineon,海外,全球龙头,SiC功率器件和汽车功率全球龙头。,E3-616;E3-618;E3-619;E3-620;E3-622;E3-627;E3-628;E3-629;E3-630;E3-634;E3-635;E3-636;E3-637;E3-639;E3-778,15,https://www.baogao.com/jigou/1501471.html | https://hqq.hibor.com.cn/data/1d293a56169760d6ca28aad33a11ed72.html | http://www.hibor.com.cn/data/1d293a56169760d6ca28aad33a11ed72.html | https://www.tgb.cn/a/2sZEDBFf7V1 | https://blog.csdn.net/2401_89499464/article/details/144299398 | https://www.infineon.com/products/power,high,同一公司可重复出现在不同环节；本行只表示其在该子环节具备龙头/代表性地位线索。,stage3::Infineon::SiC功率器件/模块,2026-07-08,2026-07-08,2026-07-06,,,,unknown,检索快照,2024-12-07;2026-05-27;2026-06-28,2026-07-05;2026-07-06,当前支持,事实判断,E3-616,A:1;B-:14,公开资料检索,2026-10-08,
中游/特色器件,功率半导体/SiC-GaN,SiC功率器件/模块,SiC MOSFET、二极管、功率模块和车规应用。,ROHM,海外,全球龙头,SiC功率器件和模块全球主要厂商。,E3-627;E3-628;E3-630;E3-634;E3-636;E3-637;E3-820,7,https://blog.csdn.net/2401_89499464/article/details/144299398 | https://uk.finance.yahoo.com/news/sic-wireless-ev-charging-market-145100260.html | https://www.linkedin.com/pulse/analysis-global-silicon-carbide-power-mosfets-gdtze | https://www.linkedin.com/pulse/silicon-carbide-mosfet-module-market-forecasted-using-segmentation-htv5f | https://www.powerelectronicsnews.com/a-quick-comparison-of-silicon-carbide-sic-solutions-across-leading-manufacturers | https://www.rohm.com/products/sic-power-devices,high,同一公司可重复出现在不同环节；本行只表示其在该子环节具备龙头/代表性地位线索。,stage3::ROHM::SiC功率器件/模块,2026-07-08,2026-07-08,2026-07-06,,,,unknown,检索快照,2024-12-07,2026-07-05;2026-07-06,当前支持,事实判断,E3-627,A:1;B-:6,公开资料检索,2026-10-08,
中游/特色器件,功率半导体/SiC-GaN,SiC功率器件/模块,SiC MOSFET、二极管、功率模块和车规应用。,STMicroelectronics,海外,全球龙头,SiC功率器件和汽车应用全球主要厂商。,E3-620;E3-628;E3-630;E3-634;E3-635;E3-636;E3-637;E3-639;E3-780,9,https://www.tgb.cn/a/2sZEDBFf7V1 | https://uk.finance.yahoo.com/news/sic-wireless-ev-charging-market-145100260.html | https://www.linkedin.com/pulse/analysis-global-silicon-carbide-power-mosfets-gdtze | https://www.linkedin.com/pulse/silicon-carbide-mosfet-module-market-forecasted-using-segmentation-htv5f | https://www.strategicmarketresearch.com/market-report/automotive-power-mosfet-market | https://www.st.com/en/power-management.html,high,同一公司可重复出现在不同环节；本行只表示其在该子环节具备龙头/代表性地位线索。,stage3::STMicroelectronics::SiC功率器件/模块,2026-07-08,2026-07-08,2026-07-06,,,,unknown,检索快照,2026-06-28,2026-07-05;2026-07-06,当前支持,事实判断,E3-620,A:1;B-:8,公开资料检索,2026-10-08,
中游/特色器件,功率半导体/SiC-GaN,SiC功率器件/模块,SiC MOSFET、二极管、功率模块和车规应用。,Wolfspeed,海外,全球龙头,SiC材料和器件全球代表企业。,E3-620;E3-627;E3-628;E3-629;E3-630;E3-634;E3-636;E3-637;E3-639;E3-779,10,https://www.tgb.cn/a/2sZEDBFf7V1 | https://blog.csdn.net/2401_89499464/article/details/144299398 | https://uk.finance.yahoo.com/news/sic-wireless-ev-charging-market-145100260.html | https://www.yolegroup.com/product/report/power-sic-2026---markets-and-applications | https://www.linkedin.com/pulse/analysis-global-silicon-carbide-power-mosfets-gdtze | https://www.wolfspeed.com/products/power/,high,同一公司可重复出现在不同环节；本行只表示其在该子环节具备龙头/代表性地位线索。,stage3::Wolfspeed::SiC功率器件/模块,2026-07-08,2026-07-08,2026-07-06,,,,unknown,检索快照,2024-12-07;2026-06-28,2026-07-05;2026-07-06,当前支持,事实判断,E3-620,A:1;B-:9,公开资料检索,2026-10-08,
中游/特色器件,功率半导体/SiC-GaN,SiC功率器件/模块,SiC MOSFET、二极管、功率模块和车规应用。,onsemi,海外,全球龙头,SiC功率器件和汽车应用全球主要厂商。,E3-620;E3-627;E3-628;E3-636;E3-637;E3-639;E3-822,7,https://www.tgb.cn/a/2sZEDBFf7V1 | https://blog.csdn.net/2401_89499464/article/details/144299398 | https://uk.finance.yahoo.com/news/sic-wireless-ev-charging-market-145100260.html | https://www.powerelectronicsnews.com/a-quick-comparison-of-silicon-carbide-sic-solutions-across-leading-manufacturers | https://drrobertcastellano.substack.com/p/onsemi-and-wolfspeed-navigating-a | https://www.onsemi.com/products/discrete-power-modules/silicon-carbide-sic,high,同一公司可重复出现在不同环节；本行只表示其在该子环节具备龙头/代表性地位线索。,stage3::onsemi::SiC功率器件/模块,2026-07-08,2026-07-08,2026-07-06,,,,unknown,检索快照,2024-12-07;2026-06-28,2026-07-05;2026-07-06,当前支持,事实判断,E3-620,A:1;B-:6,公开资料检索,2026-10-08,
中游/特色器件,功率半导体/SiC-GaN,GaN功率/RF器件,氮化镓功率器件、射频器件和快充/通信应用。,三安光电,中国大陆,国内龙头,GaN射频和化合物半导体制造代表企业。,E3-646;E3-647;E3-648;E3-649;E3-650;E3-859,6,https://wglh.com/stock/comment/2288066/ | https://caifuhao.eastmoney.com/news/20230706213920268417640 | https://www.askci.com/news/20251205/170526276492552452337083.shtml | https://m.elecfans.com/article/1388157.html | http://finance.sina.cn/stock/relnews/dongmiqa/2021-04-12/detail-ikmxzfmk6336437.d.html | https://file.finance.qq.com/finance/hs/pdf/2025/04/26/1223310062.PDF,medium,同一公司可重复出现在不同环节；本行只表示其在该子环节具备龙头/代表性地位线索。 证据强度审计显示该判断主要依赖搜索结果或 B/B- 来源；已降为 medium，待补官网、公告、年报、招股书或权威市场份额报告后再恢复 high。,stage3::三安光电::GaN功率/RF器件,2026-07-08,2026-07-08,2026-07-08,,,,unknown,检索快照,2020-11-20;2021-04-12;2023-07-07;2023-08-06;2025-12-05,2026-07-05;2026-07-08,当前支持,事实判断,E3-646,A:1;B:2;B-:3,公开资料检索,2026-10-08,
中游/特色器件,功率半导体/SiC-GaN,GaN功率/RF器件,氮化镓功率器件、射频器件和快充/通信应用。,英诺赛科,中国大陆,国内龙头,GaN功率器件和8英寸GaN-on-Si量产代表企业。,E3-640;E3-643;E3-644;E3-645;E3-646;E3-647;E3-648;E3-651;E3-652;E3-914,10,https://www.vzkoo.com/read/4646722773496893440.html | https://www.vzkoo.com/document/4646718126992396288.html | https://www.chongdiantou.com/brand/1747381698499.html | https://www.baogaobox.com/insights/260316000026275.html | https://wglh.com/stock/comment/2288066/ | https://www.innoscience.com/site/product | https://www.innoscience.com/products,medium,同一公司可重复出现在不同环节；本行只表示其在该子环节具备龙头/代表性地位线索。 证据强度审计显示该判断主要依赖搜索结果或 B/B- 来源；已降为 medium，待补官网、公告、年报、招股书或权威市场份额报告后再恢复 high。,stage3::英诺赛科::GaN功率/RF器件,2026-07-08,2026-07-08,2026-07-08,,,,unknown,检索快照,2017-07-21;2023-07-07;2023-08-06;2025-12-05;2026-03-14;2026-03-17;2026-04-23,2026-07-05;2026-07-08,当前支持,事实判断,E3-640,A:1;B:1;B-:8,公开资料检索,2026-10-08,
中游/特色器件,功率半导体/SiC-GaN,GaN功率/RF器件,氮化镓功率器件、射频器件和快充/通信应用。,EPC,海外,全球龙头,GaN功率器件全球代表企业。,E3-647;E3-653;E3-659;E3-915,4,https://caifuhao.eastmoney.com/news/20230706213920268417640 | https://epc-co.com/epc/about-epc/events-and-news/news/artmid/1627/articleid/3257/epc-announces-strategic-gan-technology-licensing-and-second-sourcing-agreement-with-renesas | https://epc-co.com/epc/products/gan-fets-and-ics,medium,同一公司可重复出现在不同环节；本行只表示其在该子环节具备龙头/代表性地位线索。,stage3::EPC::GaN功率/RF器件,2026-07-08,2026-07-08,2026-07-08,,,,unknown,检索快照,2023-07-07,2026-07-05;2026-07-08,当前支持,事实判断,E3-647,A:1;B:1;B-:2,公开资料检索,2026-10-08,
中游/特色器件,功率半导体/SiC-GaN,GaN功率/RF器件,氮化镓功率器件、射频器件和快充/通信应用。,Infineon,海外,全球龙头,GaN和功率半导体综合龙头。,E3-652;E3-656;E3-661;E3-778,4,https://www.intelmarketresearch.com/power-gan-devices-market-22871 | https://www.facebook.com/Infineon/posts/-we-know-what-the-future-holds-for-gan-and-we-would-like-to-share-it-with-you-as/1386662843498350 | https://www.infineon.com/products/power,medium,同一公司可重复出现在不同环节；本行只表示其在该子环节具备龙头/代表性地位线索。,stage3::Infineon::GaN功率/RF器件,2026-07-08,2026-07-08,2026-07-06,,,,unknown,检索快照,,2026-07-05;2026-07-06,当前支持,事实判断,E3-652,A:1;B-:3,公开资料检索,2026-10-08,
中游/特色器件,功率半导体/SiC-GaN,GaN功率/RF器件,氮化镓功率器件、射频器件和快充/通信应用。,Navitas,海外,全球龙头,GaN功率芯片全球代表企业。,E3-652;E3-823,2,https://www.intelmarketresearch.com/power-gan-devices-market-22871 | https://navitassemi.com/gan-power-ics,medium-low,同一公司可重复出现在不同环节；本行只表示其在该子环节具备龙头/代表性地位线索。,stage3::Navitas::GaN功率/RF器件,2026-07-08,2026-07-08,2026-07-06,,,,unknown,检索快照,,2026-07-05;2026-07-06,当前支持,事实判断,E3-652,A:1;B-:1,公开资料检索,2026-10-08,
中游/特色器件,功率半导体/SiC-GaN,GaN功率/RF器件,氮化镓功率器件、射频器件和快充/通信应用。,Renesas,海外,细分龙头,通过收购和产品布局覆盖GaN功率器件。,E3-653;E3-659;E3-824,3,https://epc-co.com/epc/about-epc/events-and-news/news/artmid/1627/articleid/3257/epc-announces-strategic-gan-technology-licensing-and-second-sourcing-agreement-with-renesas | https://www.renesas.com/en/key-technologies/gallium-nitride-gan-power-solutions,medium,同一公司可重复出现在不同环节；本行只表示其在该子环节具备龙头/代表性地位线索。,stage3::Renesas::GaN功率/RF器件,2026-07-08,2026-07-08,2026-07-06,,,,unknown,检索快照,,2026-07-05;2026-07-06,当前支持,事实判断,E3-653,A:1;B-:2,公开资料检索,2026-10-08,
中游/特色器件,功率半导体/SiC-GaN,GaN功率/RF器件,氮化镓功率器件、射频器件和快充/通信应用。,Transphorm,海外,细分龙头,GaN功率器件代表企业，现属瑞萨体系。,E3-649;E3-825,2,https://m.elecfans.com/article/1388157.html | https://www.renesas.com/en/about/newsroom/transphorm-releases-new-gan-fet-reliability-ratings-now-segmented-power-level,medium-low,同一公司可重复出现在不同环节；本行只表示其在该子环节具备龙头/代表性地位线索。,stage3::Transphorm::GaN功率/RF器件,2026-07-08,2026-07-08,2026-07-06,,,,unknown,检索快照,2020-11-20,2026-07-05;2026-07-06,当前支持,事实判断,E3-649,A-:1;B-:1,公开资料检索,2026-10-08,
下游/系统需求,终端应用/系统需求,AI服务器/云基础设施,AI服务器、云计算、数据中心和AI基础设施需求端。,中科曙光,中国大陆,需求端龙头,高性能计算和服务器国内代表企业。,E3-665;E3-666;E3-667;E3-669;E3-670;E3-671;E3-672;E3-833;E3-834,9,https://caifuhao.eastmoney.com/news/20260511044603471735190 | https://caifuhao.eastmoney.com/news/20260617110940695059440 | https://k.sina.com.cn/article_5953189932_162d6782c06704djtu.html | https://finance.sina.com.cn/wm/2026-05-30/doc-inhzshan7205668.shtml | https://www.taoguba.com.cn/a/2f5nVtha3FY | data/reports/cninfo/603019_中科曙光_中科曙光2024年年度报告.pdf,high,同一公司可重复出现在不同环节；本行只表示其在该子环节具备龙头/代表性地位线索。,stage3::中科曙光::AI服务器/云基础设施,2026-07-08,2026-07-08,2026-07-07,,,,unknown,检索快照,2024-03-01;2025-01-25;2025-02-19;2026-05-11;2026-05-30;2026-06-17,2026-07-05;2026-07-07,当前支持,事实判断,E3-665,A:2;B:4;B-:3,公开资料检索,2026-10-08,
下游/系统需求,终端应用/系统需求,AI服务器/云基础设施,AI服务器、云计算、数据中心和AI基础设施需求端。,工业富联,中国大陆,需求端龙头,AI服务器制造和云基础设施制造代表企业。,E3-664;E3-666;E3-667;E3-669;E3-670;E3-671;E3-672;E3-673;E3-674;E3-835,10,https://k.sina.com.cn/article_7857201856_1d45362c001902b8b8.html | https://caifuhao.eastmoney.com/news/20260617110940695059440 | https://k.sina.com.cn/article_5953189932_162d6782c06704djtu.html | https://finance.sina.com.cn/wm/2026-05-30/doc-inhzshan7205668.shtml | https://www.taoguba.com.cn/a/2f5nVtha3FY | data/reports/cninfo/601138_工业富联_富士康工业互联网股份有限公司2024年年度报告.pdf,high,同一公司可重复出现在不同环节；本行只表示其在该子环节具备龙头/代表性地位线索。,stage3::工业富联::AI服务器/云基础设施,2026-07-08,2026-07-08,2026-07-07,,,,unknown,检索快照,2023-03-29;2024-03-01;2025-01-25;2025-02-19;2026-02-11;2026-05-30;2026-06-17,2026-07-05;2026-07-07,当前支持,事实判断,E3-664,A:1;B:6;B-:3,公开资料检索,2026-10-08,
下游/系统需求,终端应用/系统需求,AI服务器/云基础设施,AI服务器、云计算、数据中心和AI基础设施需求端。,浪潮信息,中国大陆,需求端龙头,AI服务器和数据中心服务器国内代表企业。,E3-664;E3-665;E3-666;E3-667;E3-668;E3-669;E3-670;E3-671;E3-672;E3-673;E3-674;E3-836,12,https://k.sina.com.cn/article_7857201856_1d45362c001902b8b8.html | https://caifuhao.eastmoney.com/news/20260511044603471735190 | https://caifuhao.eastmoney.com/news/20260617110940695059440 | https://k.sina.com.cn/article_5953189932_162d6782c06704djtu.html | https://www.askci.com/news/chanye/20260311/084633277318999253041653_3.shtml | data/reports/cninfo/000977_浪潮信息_2024年年度报告.pdf,high,同一公司可重复出现在不同环节；本行只表示其在该子环节具备龙头/代表性地位线索。,stage3::浪潮信息::AI服务器/云基础设施,2026-07-08,2026-07-08,2026-07-07,,,,unknown,检索快照,2023-03-29;2024-03-01;2025-01-25;2025-02-19;2026-02-11;2026-03-11;2026-05-11;2026-05-30;2026-06-17,2026-07-05;2026-07-07,当前支持,事实判断,E3-664,A:1;B:7;B-:4,公开资料检索,2026-10-08,
下游/系统需求,终端应用/系统需求,AI服务器/云基础设施,AI服务器、云计算、数据中心和AI基础设施需求端。,联想,中国大陆,需求端龙头,服务器、PC和AI终端系统全球主要厂商。,E3-674;E3-841,2,http://mguba.eastmoney.com/mguba/article/0/1291470842/ | https://www.lenovo.com/us/en/servers-storage/servers,medium-low,同一公司可重复出现在不同环节；本行只表示其在该子环节具备龙头/代表性地位线索。,stage3::联想::AI服务器/云基础设施,2026-07-08,2026-07-08,2026-07-07,,,,unknown,检索快照,2023-03-29,2026-07-05;2026-07-07,当前支持,事实判断,E3-674,A:1;B:1,公开资料检索,2026-10-08,
下游/系统需求,终端应用/系统需求,AI服务器/云基础设施,AI服务器、云计算、数据中心和AI基础设施需求端。,Amazon,海外,需求端龙头,云计算和自研AI芯片/数据中心需求核心厂商。,E3-675;E3-677;E3-680;E3-683;E3-684;E3-736,6,https://www.latimes.com/business/story/2026-07-01/meta-plots-ai-cloud-business-to-challenge-amazon-microsoft-google | https://www.crn.com/news/cloud/2026/cloud-market-share-q1-2026-aws-microsoft-google-battling-in-ai-era | https://www.statista.com/chart/18819/worldwide-market-share-of-leading-cloud-infrastructure-service-providers | https://www.datamonsters.com/news/the-ai-server-boom-how-dell-supermicro-and-hpe-are-capitalizing-on-the-trend | https://aws.amazon.com/machine-learning/trainium/,high,同一公司可重复出现在不同环节；本行只表示其在该子环节具备龙头/代表性地位线索。,stage3::Amazon::AI服务器/云基础设施,2026-07-08,2026-07-08,2026-07-06,,,,unknown,检索快照,,2026-07-05;2026-07-06,当前支持,事实判断,E3-675,A:1;B-:5,公开资料检索,2026-10-08,
下游/系统需求,终端应用/系统需求,AI服务器/云基础设施,AI服务器、云计算、数据中心和AI基础设施需求端。,Dell,海外,需求端龙头,服务器和企业基础设施全球主要厂商。,E3-679;E3-683;E3-686;E3-842,4,https://www.instagram.com/p/DZdzN3XgG0o | https://www.datamonsters.com/news/the-ai-server-boom-how-dell-supermicro-and-hpe-are-capitalizing-on-the-trend | https://counterpointresearch.com/en/insights/post-insight-research-notes-blogs-ai-servers-are-now-one-third-of-the-global-server-market | https://www.dell.com/en-us/shop/storage-servers-and-networking-for-business/sf/poweredge-ai-servers,high,同一公司可重复出现在不同环节；本行只表示其在该子环节具备龙头/代表性地位线索。,stage3::Dell::AI服务器/云基础设施,2026-07-08,2026-07-08,2026-07-07,,,,unknown,检索快照,,2026-07-05;2026-07-07,当前支持,事实判断,E3-679,A:1;A-:1;B-:2,公开资料检索,2026-10-08,
下游/系统需求,终端应用/系统需求,AI服务器/云基础设施,AI服务器、云计算、数据中心和AI基础设施需求端。,Google,海外,需求端龙头,云计算、TPU和AI基础设施需求核心厂商。,E3-675;E3-677;E3-680;E3-683;E3-684;E3-737,6,https://www.latimes.com/business/story/2026-07-01/meta-plots-ai-cloud-business-to-challenge-amazon-microsoft-google | https://www.crn.com/news/cloud/2026/cloud-market-share-q1-2026-aws-microsoft-google-battling-in-ai-era | https://www.statista.com/chart/18819/worldwide-market-share-of-leading-cloud-infrastructure-service-providers | https://www.datamonsters.com/news/the-ai-server-boom-how-dell-supermicro-and-hpe-are-capitalizing-on-the-trend | https://cloud.google.com/compute/docs/gpus#a3-vms,high,同一公司可重复出现在不同环节；本行只表示其在该子环节具备龙头/代表性地位线索。,stage3::Google::AI服务器/云基础设施,2026-07-08,2026-07-08,2026-07-06,,,,unknown,检索快照,,2026-07-05;2026-07-06,当前支持,事实判断,E3-675,A:1;B-:5,公开资料检索,2026-10-08,
下游/系统需求,终端应用/系统需求,AI服务器/云基础设施,AI服务器、云计算、数据中心和AI基础设施需求端。,Meta,海外,需求端龙头,AI训练集群和数据中心需求核心厂商。,E3-675;E3-739,2,https://www.latimes.com/business/story/2026-07-01/meta-plots-ai-cloud-business-to-challenge-amazon-microsoft-google | https://engineering.fb.com/2022/01/24/data-infrastructure/ai-rsc/,medium,同一公司可重复出现在不同环节；本行只表示其在该子环节具备龙头/代表性地位线索。,stage3::Meta::AI服务器/云基础设施,2026-07-08,2026-07-08,2026-07-06,,,,unknown,检索快照,2022-01-24,2026-07-05;2026-07-06,当前支持,事实判断,E3-675,A-:1;B-:1,公开资料检索,2026-10-08,
下游/系统需求,终端应用/系统需求,AI服务器/云基础设施,AI服务器、云计算、数据中心和AI基础设施需求端。,Microsoft,海外,需求端龙头,云计算和AI基础设施需求核心厂商。,E3-672;E3-675;E3-677;E3-680;E3-684;E3-738,6,https://xueqiu.com/1261728977/280453037 | https://www.latimes.com/business/story/2026-07-01/meta-plots-ai-cloud-business-to-challenge-amazon-microsoft-google | https://www.crn.com/news/cloud/2026/cloud-market-share-q1-2026-aws-microsoft-google-battling-in-ai-era | https://www.statista.com/chart/18819/worldwide-market-share-of-leading-cloud-infrastructure-service-providers | https://learn.microsoft.com/en-us/azure/virtual-machines/nd-h100-v5-series,high,同一公司可重复出现在不同环节；本行只表示其在该子环节具备龙头/代表性地位线索。,stage3::Microsoft::AI服务器/云基础设施,2026-07-08,2026-07-08,2026-07-06,,,,unknown,检索快照,2024-03-01,2026-07-05;2026-07-06,当前支持,事实判断,E3-672,A:1;B-:5,公开资料检索,2026-10-08,
下游/系统需求,终端应用/系统需求,AI服务器/云基础设施,AI服务器、云计算、数据中心和AI基础设施需求端。,Supermicro,海外,需求端龙头,AI服务器和高密度服务器全球代表企业。,E3-679;E3-683;E3-686;E3-843,4,https://www.instagram.com/p/DZdzN3XgG0o | https://www.datamonsters.com/news/the-ai-server-boom-how-dell-supermicro-and-hpe-are-capitalizing-on-the-trend | https://counterpointresearch.com/en/insights/post-insight-research-notes-blogs-ai-servers-are-now-one-third-of-the-global-server-market | https://www.supermicro.com/en/products/gpu,high,同一公司可重复出现在不同环节；本行只表示其在该子环节具备龙头/代表性地位线索。,stage3::Supermicro::AI服务器/云基础设施,2026-07-08,2026-07-08,2026-07-07,,,,unknown,检索快照,,2026-07-05;2026-07-07,当前支持,事实判断,E3-679,A:1;A-:1;B-:2,公开资料检索,2026-10-08,
下游/系统需求,终端应用/系统需求,新能源汽车/汽车电子,新能源车、智能驾驶、车载计算和汽车电子需求端。,华为,中国大陆,需求端龙头,智能汽车解决方案、通信和终端生态需求代表。,E3-687;E3-691;E3-693;E3-694;E3-847,5,https://k.sina.com.cn/article_7857201856_1d45362c001903dp5g.html | https://www.yoojia.com/article/9496055022145724646.html | https://taizhou.19lou.com/forum-827-thread-72991779970358175-1-1.html | https://www.yoojia.com/article/10397730900214676134.html | https://www.huawei.com/en/giv/intelligent-automotive-solution-2030,high,同一公司可重复出现在不同环节；本行只表示其在该子环节具备龙头/代表性地位线索。,stage3::华为::新能源汽车/汽车电子,2026-07-08,2026-07-08,2026-07-07,,,,unknown,检索快照,2026-02-09;2026-03-19;2026-05-06;2026-05-28,2026-07-05;2026-07-07,当前支持,事实判断,E3-687,A:1;B:1;B-:3,公开资料检索,2026-10-08,
下游/系统需求,终端应用/系统需求,新能源汽车/汽车电子,新能源车、智能驾驶、车载计算和汽车电子需求端。,比亚迪,中国大陆,需求端龙头,新能源汽车和功率半导体/汽车电子需求端代表。,E3-687;E3-688;E3-689;E3-690;E3-691;E3-693;E3-694;E3-696;E3-700;E3-702;E3-839,11,https://k.sina.com.cn/article_7857201856_1d45362c001903dp5g.html | https://k.sina.com.cn/article_7857201856_1d45362c001902evyw.html | https://www.163.com/dy/article/KKUN49LO0519EF7K.html | https://m.163.com/dy/article/KKUN49LO0519EF7K.html | https://www.yoojia.com/article/9496055022145724646.html | data/reports/cninfo/002594_比亚迪_2024年年度报告.pdf,high,同一公司可重复出现在不同环节；本行只表示其在该子环节具备龙头/代表性地位线索。,stage3::比亚迪::新能源汽车/汽车电子,2026-07-08,2026-07-08,2026-07-07,,,,unknown,检索快照,2026-02-04;2026-02-09;2026-02-15;2026-03-13;2026-03-19;2026-05-06;2026-05-28,2026-07-05;2026-07-07,当前支持,事实判断,E3-687,A:1;B:2;B-:8,公开资料检索,2026-10-08,
下游/系统需求,终端应用/系统需求,新能源汽车/汽车电子,新能源车、智能驾驶、车载计算和汽车电子需求端。,Bosch,海外,需求端龙头,汽车电子和功率/传感器系统全球Tier 1。,E3-698;E3-700;E3-706;E3-777,4,https://www.marketresearchfuture.com/reports/automotive-electronics-market/companies | https://datahorizzonresearch.com/electric-vehicle-control-module-market-73429 | https://www.bosch-semiconductors.com/,medium,同一公司可重复出现在不同环节；本行只表示其在该子环节具备龙头/代表性地位线索。,stage3::Bosch::新能源汽车/汽车电子,2026-07-08,2026-07-08,2026-07-06,,,,unknown,检索快照,,2026-07-05;2026-07-06,当前支持,事实判断,E3-698,A:1;B-:3,公开资料检索,2026-10-08,
下游/系统需求,终端应用/系统需求,新能源汽车/汽车电子,新能源车、智能驾驶、车载计算和汽车电子需求端。,Continental,海外,需求端龙头,汽车电子和智能驾驶系统全球Tier 1。,E3-698;E3-700;E3-706;E3-785,4,https://www.marketresearchfuture.com/reports/automotive-electronics-market/companies | https://datahorizzonresearch.com/electric-vehicle-control-module-market-73429 | https://www.continental.com/en/press/press-releases/20240418-zonecontrolunits,medium,同一公司可重复出现在不同环节；本行只表示其在该子环节具备龙头/代表性地位线索。,stage3::Continental::新能源汽车/汽车电子,2026-07-08,2026-07-08,2026-07-06,,,,unknown,检索快照,,2026-07-05;2026-07-06,当前支持,事实判断,E3-698,A-:1;B-:3,公开资料检索,2026-10-08,
下游/系统需求,终端应用/系统需求,新能源汽车/汽车电子,新能源车、智能驾驶、车载计算和汽车电子需求端。,Denso,海外,需求端龙头,汽车电子和功率模块全球Tier 1。,E3-698;E3-706;E3-786,3,https://www.marketresearchfuture.com/reports/automotive-electronics-market/companies | https://www.denso.com/global/en/business/products-and-services/mobility/pick-up/ep,medium,同一公司可重复出现在不同环节；本行只表示其在该子环节具备龙头/代表性地位线索。,stage3::Denso::新能源汽车/汽车电子,2026-07-08,2026-07-08,2026-07-06,,,,unknown,检索快照,,2026-07-05;2026-07-06,当前支持,事实判断,E3-698,A:1;B-:2,公开资料检索,2026-10-08,
下游/系统需求,终端应用/系统需求,新能源汽车/汽车电子,新能源车、智能驾驶、车载计算和汽车电子需求端。,Tesla,海外,需求端龙头,新能源汽车、智能驾驶和功率/算力芯片需求代表。,E3-687;E3-688;E3-693;E3-696;E3-700;E3-702;E3-846,7,https://k.sina.com.cn/article_7857201856_1d45362c001903dp5g.html | https://k.sina.com.cn/article_7857201856_1d45362c001902evyw.html | https://taizhou.19lou.com/forum-827-thread-72991779970358175-1-1.html | https://www.cnpp.cn/china/list_12627.html | https://datahorizzonresearch.com/electric-vehicle-control-module-market-73429 | https://www.tesla.com/fsd,high,同一公司可重复出现在不同环节；本行只表示其在该子环节具备龙头/代表性地位线索。,stage3::Tesla::新能源汽车/汽车电子,2026-07-08,2026-07-08,2026-07-07,,,,unknown,检索快照,2026-02-15;2026-03-13;2026-03-19;2026-05-28,2026-07-05;2026-07-07,当前支持,事实判断,E3-687,A:1;B:2;B-:4,公开资料检索,2026-10-08,
下游/系统需求,终端应用/系统需求,消费电子/通信设备,智能手机、PC、通信设备、网络设备和终端生态。,中兴通讯,中国大陆,需求端龙头,通信设备和算力基础设施需求代表。,E3-709;E3-710;E3-711;E3-712;E3-783,5,https://www.askci.com/reports/20200520/1545027099880695.shtml | https://www.chinabgao.com/top/brand/125029.html | https://m.chinabgao.com/top/brand/125029.html | https://www.cnpp.cn/focus/36313.html | https://www.zte.com.cn/global/products.html,high,同一公司可重复出现在不同环节；本行只表示其在该子环节具备龙头/代表性地位线索。,stage3::中兴通讯::消费电子/通信设备,2026-07-08,2026-07-08,2026-07-06,,,,unknown,检索快照,2026-01-03;2026-01-15;2026-03-26,2026-07-05;2026-07-06,当前支持,事实判断,E3-709,A:1;B-:4,公开资料检索,2026-10-08,
下游/系统需求,终端应用/系统需求,消费电子/通信设备,智能手机、PC、通信设备、网络设备和终端生态。,华为,中国大陆,需求端龙头,通信设备、手机、AI和智能终端生态代表。,E3-709;E3-710;E3-711;E3-712;E3-713;E3-722;E3-725;E3-829,8,https://www.askci.com/reports/20200520/1545027099880695.shtml | https://www.chinabgao.com/top/brand/125029.html | https://m.chinabgao.com/top/brand/125029.html | https://www.cnpp.cn/focus/36313.html | https://tele.ofweek.com/tag-%E5%9B%BD%E7%BE%8E%E9%80%9A%E8%AE%AF.HTM | https://carrier.huawei.com/en?ic_medium=hwdc&ic_source=cbg_header_car,high,同一公司可重复出现在不同环节；本行只表示其在该子环节具备龙头/代表性地位线索。,stage3::华为::消费电子/通信设备,2026-07-08,2026-07-08,2026-07-06,,,,unknown,检索快照,2026-01-03;2026-01-15;2026-03-26;2026-05-13,2026-07-05;2026-07-06,当前支持,事实判断,E3-709,A:1;B-:7,公开资料检索,2026-10-08,
下游/系统需求,终端应用/系统需求,消费电子/通信设备,智能手机、PC、通信设备、网络设备和终端生态。,Apple,海外,需求端龙头,消费电子和自研芯片需求全球代表。,E3-722;E3-742,2,https://www.wsj.com/business/telecom/huawei-ericsson-nokia-apple-samsung-u-s-china-winning-5g-race-11634000044 | https://www.apple.com/newsroom/2024/05/apple-introduces-m4-chip/,medium,同一公司可重复出现在不同环节；本行只表示其在该子环节具备龙头/代表性地位线索。,stage3::Apple::消费电子/通信设备,2026-07-08,2026-07-08,2026-07-06,,,,unknown,检索快照,2024-05-07,2026-07-05;2026-07-06,当前支持,事实判断,E3-722,A:1;B-:1,公开资料检索,2026-10-08,
下游/系统需求,终端应用/系统需求,消费电子/通信设备,智能手机、PC、通信设备、网络设备和终端生态。,Cisco,海外,需求端龙头,网络设备和数据中心通信需求代表。,E3-710;E3-711;E3-712;E3-724;E3-725;E3-740,6,https://www.chinabgao.com/top/brand/125029.html | https://m.chinabgao.com/top/brand/125029.html | https://www.cnpp.cn/focus/36313.html | https://www.ccsinsight.com/blog/mwc-2026-sunday-1-march | https://www.sdxcentral.com/news/ericsson-cisco-samsung-gain-telco-gear-share-as-huawei-nokia-suffer-losses | https://www.cisco.com/site/us/en/products/networking/switches/nexus-9000-series-switches/index.html,high,同一公司可重复出现在不同环节；本行只表示其在该子环节具备龙头/代表性地位线索。,stage3::Cisco::消费电子/通信设备,2026-07-08,2026-07-08,2026-07-06,,,,unknown,检索快照,2026-01-03;2026-01-15,2026-07-05;2026-07-06,当前支持,事实判断,E3-710,A:1;B-:5,公开资料检索,2026-10-08,
下游/系统需求,终端应用/系统需求,消费电子/通信设备,智能手机、PC、通信设备、网络设备和终端生态。,Ericsson,海外,需求端龙头,通信设备和5G基础设施全球主要厂商。,E3-709;E3-710;E3-711;E3-712;E3-722;E3-724;E3-725;E3-784,8,https://www.askci.com/reports/20200520/1545027099880695.shtml | https://www.chinabgao.com/top/brand/125029.html | https://m.chinabgao.com/top/brand/125029.html | https://www.cnpp.cn/focus/36313.html | https://www.wsj.com/business/telecom/huawei-ericsson-nokia-apple-samsung-u-s-china-winning-5g-race-11634000044 | https://www.ericsson.com/en/portfolio/networks/ericsson-radio-system,high,同一公司可重复出现在不同环节；本行只表示其在该子环节具备龙头/代表性地位线索。,stage3::Ericsson::消费电子/通信设备,2026-07-08,2026-07-08,2026-07-06,,,,unknown,检索快照,2026-01-03;2026-01-15;2026-03-26,2026-07-05;2026-07-06,当前支持,事实判断,E3-709,A:1;B-:7,公开资料检索,2026-10-08,
下游/系统需求,终端应用/系统需求,消费电子/通信设备,智能手机、PC、通信设备、网络设备和终端生态。,Nokia,海外,需求端龙头,通信设备和网络基础设施全球主要厂商。,E3-709;E3-710;E3-711;E3-712;E3-722;E3-724;E3-725;E3-741,8,https://www.askci.com/reports/20200520/1545027099880695.shtml | https://www.chinabgao.com/top/brand/125029.html | https://m.chinabgao.com/top/brand/125029.html | https://www.cnpp.cn/focus/36313.html | https://www.wsj.com/business/telecom/huawei-ericsson-nokia-apple-samsung-u-s-china-winning-5g-race-11634000044 | https://www.nokia.com/networks/ip-networks/data-center-fabric/,high,同一公司可重复出现在不同环节；本行只表示其在该子环节具备龙头/代表性地位线索。,stage3::Nokia::消费电子/通信设备,2026-07-08,2026-07-08,2026-07-06,,,,unknown,检索快照,2026-01-03;2026-01-15;2026-03-26,2026-07-05;2026-07-06,当前支持,事实判断,E3-709,A:1;B-:7,公开资料检索,2026-10-08,
下游/系统需求,终端应用/系统需求,消费电子/通信设备,智能手机、PC、通信设备、网络设备和终端生态。,Samsung,海外,需求端龙头,消费电子、存储和显示终端生态全球代表。,E3-709;E3-722;E3-725;E3-772;E3-775,5,https://www.askci.com/reports/20200520/1545027099880695.shtml | https://www.wsj.com/business/telecom/huawei-ericsson-nokia-apple-samsung-u-s-china-winning-5g-race-11634000044 | https://www.sdxcentral.com/news/ericsson-cisco-samsung-gain-telco-gear-share-as-huawei-nokia-suffer-losses | https://semiconductor.samsung.com/foundry/advanced-package/ | https://semiconductor.samsung.com/foundry/,medium,同一公司可重复出现在不同环节；本行只表示其在该子环节具备龙头/代表性地位线索。,stage3::Samsung::消费电子/通信设备,2026-07-08,2026-07-08,2026-07-06,,,,unknown,检索快照,2026-03-26,2026-07-05;2026-07-06,当前支持,事实判断,E3-709,A:2;B-:3,公开资料检索,2026-10-08,
