source_company,target_company,relationship_type,basis,evidence_ids,confidence,derivation,requires_internal_validation,对称关系,record_id,data_as_of,first_seen_at,last_verified_at,event_date,event_start_at,event_end_at,time_precision,temporal_basis,source_publish_dates,source_retrieved_dates,current_validity,claim_nature,primary_evidence_id,evidence_grade_summary,verification_method,needs_refresh_after,risk_note
Cadence,Siemens EDA,推定竞争,同环节同产品龙头推定竞争：EDA全流程平台,E3-003;E3-012;E3-013;E3-014;E3-015;E3-017;E3-018;E3-019;E3-020;E3-745;E3-746,medium-low,same_product_leader_presumed,true,true,stage6_competition::Cadence::Siemens EDA::推定竞争,2026-07-08,2026-07-08,2026-07-06,,,,unknown,检索快照,2026-05-05,2026-07-05;2026-07-06,需要内部验证,推断关系,E3-003,A:2;B-:9,公开资料检索,2026-10-08,公开资料不足以证明内部客户或当前交易关系，需要内部销售/客户数据确认。
Cadence,Synopsys,推定竞争,同环节同产品龙头推定竞争：EDA全流程平台,E3-003;E3-005;E3-012;E3-013;E3-014;E3-015;E3-017;E3-018;E3-019;E3-020;E3-743;E3-744;E3-745,medium-low,same_product_leader_presumed,true,true,stage6_competition::Cadence::Synopsys::推定竞争,2026-07-08,2026-07-08,2026-07-06,,,,unknown,检索快照,2026-05-05;2026-05-21,2026-07-05;2026-07-06,需要内部验证,推断关系,E3-003,A:3;B-:10,公开资料检索,2026-10-08,公开资料不足以证明内部客户或当前交易关系，需要内部销售/客户数据确认。
Cadence,华大九天,推定竞争,同环节同产品龙头推定竞争：EDA全流程平台,E3-001;E3-002;E3-003;E3-004;E3-005;E3-006;E3-007;E3-008;E3-009;E3-010;E3-011;E3-012;E3-013;E3-014;E3-015;E3-017;E3-018;E3-019;E3-020;E3-745;E3-787,medium-low,same_product_leader_presumed,true,true,stage6_competition::Cadence::华大九天::推定竞争,2026-07-08,2026-07-08,2026-07-06,,,,unknown,检索快照,2022-04-19;2022-08-05;2022-10-28;2024-09-06;2026-05-05;2026-05-21;2026-05-25;2026-06-17,2026-07-05;2026-07-06,需要内部验证,推断关系,E3-001,A:2;B-:19,公开资料检索,2026-10-08,公开资料不足以证明内部客户或当前交易关系，需要内部销售/客户数据确认。
Siemens EDA,Synopsys,推定竞争,同环节同产品龙头推定竞争：EDA全流程平台,E3-003;E3-005;E3-012;E3-013;E3-014;E3-015;E3-018;E3-019;E3-743;E3-744;E3-746,medium-low,same_product_leader_presumed,true,true,stage6_competition::Siemens EDA::Synopsys::推定竞争,2026-07-08,2026-07-08,2026-07-06,,,,unknown,检索快照,2026-05-05;2026-05-21,2026-07-05;2026-07-06,需要内部验证,推断关系,E3-003,A:3;B-:8,公开资料检索,2026-10-08,公开资料不足以证明内部客户或当前交易关系，需要内部销售/客户数据确认。
Siemens EDA,华大九天,推定竞争,同环节同产品龙头推定竞争：EDA全流程平台,E3-001;E3-002;E3-003;E3-004;E3-005;E3-006;E3-007;E3-008;E3-009;E3-010;E3-011;E3-013;E3-018;E3-746;E3-787,medium-low,same_product_leader_presumed,true,true,stage6_competition::Siemens EDA::华大九天::推定竞争,2026-07-08,2026-07-08,2026-07-06,,,,unknown,检索快照,2022-04-19;2022-08-05;2022-10-28;2024-09-06;2026-05-05;2026-05-21;2026-05-25;2026-06-17,2026-07-05;2026-07-06,需要内部验证,推断关系,E3-001,A:2;B-:13,公开资料检索,2026-10-08,公开资料不足以证明内部客户或当前交易关系，需要内部销售/客户数据确认。
Synopsys,华大九天,推定竞争,同环节同产品龙头推定竞争：EDA全流程平台,E3-001;E3-002;E3-003;E3-004;E3-005;E3-006;E3-007;E3-008;E3-009;E3-010;E3-011;E3-012;E3-013;E3-014;E3-015;E3-018;E3-019;E3-743;E3-744;E3-787,medium-low,same_product_leader_presumed,true,true,stage6_competition::Synopsys::华大九天::推定竞争,2026-07-08,2026-07-08,2026-07-06,,,,unknown,检索快照,2022-04-19;2022-08-05;2022-10-28;2024-09-06;2026-05-05;2026-05-21;2026-05-25;2026-06-17,2026-07-05;2026-07-06,需要内部验证,推断关系,E3-001,A:3;B-:17,公开资料检索,2026-10-08,公开资料不足以证明内部客户或当前交易关系，需要内部销售/客户数据确认。
AMD,NVIDIA,推定竞争,同环节同产品龙头推定竞争：AI加速卡,E3-056;E3-057;E3-058;E3-059;E3-060;E3-063;E3-065;E3-066;E3-067;E3-732;E3-733,medium-low,same_product_leader_presumed,true,true,stage6_competition::AMD::NVIDIA::推定竞争,2026-07-08,2026-07-08,2026-07-06,,,,unknown,检索快照,2026-06-22,2026-07-05;2026-07-06,需要内部验证,推断关系,E3-056,A:2;B-:9,公开资料检索,2026-10-08,公开资料不足以证明内部客户或当前交易关系，需要内部销售/客户数据确认。
AMD,寒武纪,推定竞争,同环节同产品龙头推定竞争：AI加速卡,E3-046;E3-047;E3-048;E3-049;E3-050;E3-051;E3-052;E3-053;E3-054;E3-055;E3-056;E3-057;E3-058;E3-059;E3-060;E3-066;E3-733;E3-830,medium-low,same_product_leader_presumed,true,true,stage6_competition::AMD::寒武纪::推定竞争,2026-07-08,2026-07-08,2026-07-07,,,,unknown,检索快照,2026-01-26;2026-04-26;2026-05-02;2026-05-03;2026-05-09;2026-06-22;2026-07-02,2026-07-05;2026-07-06;2026-07-07,需要内部验证,推断关系,E3-046,A:2;B:4;B-:12,公开资料检索,2026-10-08,公开资料不足以证明内部客户或当前交易关系，需要内部销售/客户数据确认。
NVIDIA,寒武纪,推定竞争,同环节同产品龙头推定竞争：AI加速卡,E3-046;E3-047;E3-048;E3-049;E3-050;E3-051;E3-052;E3-053;E3-054;E3-055;E3-056;E3-057;E3-058;E3-059;E3-060;E3-063;E3-065;E3-066;E3-067;E3-732;E3-830,medium-low,same_product_leader_presumed,true,true,stage6_competition::NVIDIA::寒武纪::推定竞争,2026-07-08,2026-07-08,2026-07-07,,,,unknown,检索快照,2026-01-26;2026-04-26;2026-05-02;2026-05-03;2026-05-09;2026-06-22;2026-07-02,2026-07-05;2026-07-06;2026-07-07,需要内部验证,推断关系,E3-046,A:2;B:4;B-:15,公开资料检索,2026-10-08,公开资料不足以证明内部客户或当前交易关系，需要内部销售/客户数据确认。
AMD,海光信息,推定竞争,同环节同产品龙头推定竞争：CPU/DCU算力芯片,E3-046;E3-047;E3-048;E3-049;E3-050;E3-051;E3-052;E3-053;E3-054;E3-055;E3-056;E3-057;E3-058;E3-059;E3-060;E3-066;E3-733;E3-831,medium-low,same_product_leader_presumed,true,true,stage6_competition::AMD::海光信息::推定竞争,2026-07-08,2026-07-08,2026-07-07,,,,unknown,检索快照,2026-01-26;2026-04-26;2026-05-02;2026-05-03;2026-05-09;2026-06-22;2026-07-02,2026-07-05;2026-07-06;2026-07-07,需要内部验证,推断关系,E3-046,A:2;B:4;B-:12,公开资料检索,2026-10-08,公开资料不足以证明内部客户或当前交易关系，需要内部销售/客户数据确认。
MediaTek,Qualcomm,推定竞争,同环节同产品龙头推定竞争：移动SoC,E3-069;E3-070;E3-071;E3-072;E3-073;E3-075;E3-076;E3-079;E3-081;E3-082;E3-083;E3-084;E3-088;E3-089;E3-090;E3-873;E3-874;E3-881,medium-low,same_product_leader_presumed,true,true,stage6_competition::MediaTek::Qualcomm::推定竞争,2026-07-08,2026-07-08,2026-07-08,,,,unknown,检索快照,2026-04-01;2026-04-14;2026-04-18;2026-04-21;2026-04-27;2026-05-22;2026-06-11,2026-07-05;2026-07-08,需要内部验证,推断关系,E3-069,A:3;A-:1;B:1;B-:13,公开资料检索,2026-10-08,公开资料不足以证明内部客户或当前交易关系，需要内部销售/客户数据确认。
MediaTek,海思,推定竞争,同环节同产品龙头推定竞争：移动SoC,E3-054;E3-056;E3-069;E3-070;E3-071;E3-072;E3-073;E3-074;E3-075;E3-076;E3-077;E3-078;E3-079;E3-080;E3-081;E3-082;E3-083;E3-084;E3-088;E3-089;E3-781;E3-881,medium-low,same_product_leader_presumed,true,true,stage6_competition::MediaTek::海思::推定竞争,2026-07-08,2026-07-08,2026-07-08,,,,unknown,检索快照,2026-01-13;2026-01-26;2026-03-13;2026-04-01;2026-04-14;2026-04-18;2026-04-21;2026-04-27;2026-05-22;2026-06-11;2026-06-22,2026-07-05;2026-07-06;2026-07-08,需要内部验证,推断关系,E3-054,A:2;A-:1;B:1;B-:18,公开资料检索,2026-10-08,公开资料不足以证明内部客户或当前交易关系，需要内部销售/客户数据确认。
MediaTek,紫光展锐,推定竞争,同环节同产品龙头推定竞争：移动SoC,E3-069;E3-070;E3-071;E3-072;E3-073;E3-075;E3-076;E3-077;E3-078;E3-079;E3-080;E3-081;E3-082;E3-083;E3-084;E3-088;E3-089;E3-782;E3-881,medium-low,same_product_leader_presumed,true,true,stage6_competition::MediaTek::紫光展锐::推定竞争,2026-07-08,2026-07-08,2026-07-08,,,,unknown,检索快照,2026-01-13;2026-04-01;2026-04-14;2026-04-18;2026-04-21;2026-04-27;2026-05-22;2026-06-11,2026-07-05;2026-07-06;2026-07-08,需要内部验证,推断关系,E3-069,A:2;A-:1;B:1;B-:15,公开资料检索,2026-10-08,公开资料不足以证明内部客户或当前交易关系，需要内部销售/客户数据确认。
Qualcomm,海思,推定竞争,同环节同产品龙头推定竞争：移动SoC,E3-054;E3-056;E3-069;E3-070;E3-071;E3-072;E3-073;E3-074;E3-075;E3-076;E3-077;E3-078;E3-079;E3-080;E3-081;E3-082;E3-083;E3-084;E3-088;E3-089;E3-090;E3-781;E3-873;E3-874,medium-low,same_product_leader_presumed,true,true,stage6_competition::Qualcomm::海思::推定竞争,2026-07-08,2026-07-08,2026-07-08,,,,unknown,检索快照,2026-01-13;2026-01-26;2026-03-13;2026-04-01;2026-04-14;2026-04-18;2026-04-21;2026-04-27;2026-05-22;2026-06-11;2026-06-22,2026-07-05;2026-07-06;2026-07-08,需要内部验证,推断关系,E3-054,A:3;A-:1;B:1;B-:19,公开资料检索,2026-10-08,公开资料不足以证明内部客户或当前交易关系，需要内部销售/客户数据确认。
Qualcomm,紫光展锐,推定竞争,同环节同产品龙头推定竞争：移动SoC,E3-069;E3-070;E3-071;E3-072;E3-073;E3-075;E3-076;E3-077;E3-078;E3-079;E3-080;E3-081;E3-082;E3-083;E3-084;E3-088;E3-089;E3-090;E3-782;E3-873;E3-874,medium-low,same_product_leader_presumed,true,true,stage6_competition::Qualcomm::紫光展锐::推定竞争,2026-07-08,2026-07-08,2026-07-08,,,,unknown,检索快照,2026-01-13;2026-04-01;2026-04-14;2026-04-18;2026-04-21;2026-04-27;2026-05-22;2026-06-11,2026-07-05;2026-07-06;2026-07-08,需要内部验证,推断关系,E3-069,A:3;A-:1;B:1;B-:16,公开资料检索,2026-10-08,公开资料不足以证明内部客户或当前交易关系，需要内部销售/客户数据确认。
海思,紫光展锐,推定竞争,同环节同产品龙头推定竞争：移动SoC,E3-054;E3-056;E3-069;E3-070;E3-071;E3-072;E3-073;E3-074;E3-075;E3-076;E3-077;E3-078;E3-079;E3-080;E3-081;E3-781;E3-782,medium-low,same_product_leader_presumed,true,true,stage6_competition::海思::紫光展锐::推定竞争,2026-07-08,2026-07-08,2026-07-06,,,,unknown,检索快照,2026-01-13;2026-01-26;2026-03-13;2026-04-01;2026-04-14;2026-04-18;2026-04-21;2026-04-27;2026-05-22;2026-06-11;2026-06-22,2026-07-05;2026-07-06,需要内部验证,推断关系,E3-054,A:2;B-:15,公开资料检索,2026-10-08,公开资料不足以证明内部客户或当前交易关系，需要内部销售/客户数据确认。
Micron,SK hynix,推定竞争,同环节同产品龙头推定竞争：DRAM芯片,E3-450;E3-451;E3-453;E3-455;E3-471;E3-498;E3-499;E3-503;E3-504;E3-505;E3-506;E3-508;E3-509;E3-510;E3-511;E3-512;E3-513;E3-514;E3-515;E3-516;E3-517;E3-518;E3-519;E3-520;E3-521;E3-522;E3-523;E3-524;E3-525;E3-527;E3-528;E3-531;E3-532;E3-533;E3-534;E3-541;E3-542;E3-543;E3-816;E3-844;E3-845;E3-916,medium-low,same_product_leader_presumed,true,true,stage6_competition::Micron::SK hynix::推定竞争,2026-07-08,2026-07-08,2026-07-08,,,,unknown,检索快照,2026-02-01;2026-03-03;2026-04-03;2026-05-06;2026-05-19;2026-05-20;2026-05-25;2026-05-27;2026-05-29;2026-06-03;2026-06-15;2026-06-19;2026-06-21,2026-07-05;2026-07-06;2026-07-07;2026-07-08,需要内部验证,推断关系,E3-450,A:1;A-:4;B:5;B-:32,公开资料检索,2026-10-08,公开资料不足以证明内部客户或当前交易关系，需要内部销售/客户数据确认。
Micron,Samsung,推定竞争,同环节同产品龙头推定竞争：DRAM芯片,E3-499;E3-503;E3-504;E3-505;E3-506;E3-508;E3-509;E3-510;E3-511;E3-513;E3-514;E3-515;E3-516;E3-517;E3-518;E3-772;E3-775;E3-844,medium-low,same_product_leader_presumed,true,true,stage6_competition::Micron::Samsung::推定竞争,2026-07-08,2026-07-08,2026-07-07,,,,unknown,检索快照,2026-05-27;2026-05-29;2026-06-15,2026-07-05;2026-07-06;2026-07-07,需要内部验证,推断关系,E3-499,A:3;A-:1;B:3;B-:11,公开资料检索,2026-10-08,公开资料不足以证明内部客户或当前交易关系，需要内部销售/客户数据确认。
Micron,兆易创新,推定竞争,同环节同产品龙头推定竞争：DRAM芯片,E3-093;E3-094;E3-095;E3-096;E3-097;E3-098;E3-100;E3-101;E3-102;E3-104;E3-498;E3-499;E3-500;E3-501;E3-502;E3-503;E3-504;E3-505;E3-506;E3-508;E3-511;E3-514;E3-515;E3-516;E3-518;E3-544;E3-545;E3-546;E3-547;E3-548;E3-549;E3-550;E3-551;E3-552;E3-553;E3-554;E3-555;E3-560;E3-564;E3-566;E3-844;E3-848;E3-882;E3-883,medium-low,same_product_leader_presumed,true,true,stage6_competition::Micron::兆易创新::推定竞争,2026-07-08,2026-07-08,2026-07-08,,,,unknown,检索快照,2020-03-23;2020-09-25;2020-11-19;2022-04-22;2022-08-05;2023-03-30;2023-10-30;2024-02-27;2024-04-01;2024-06-25;2024-10-20;2024-12-22;2025-01-28;2026-01-05;2026-03-03;2026-03-15;2026-05-13;2026-05-19;2026-05-22;2026-05-26;2026-05-27;2026-05-29;2026-06-04;2026-06-15;2026-06-22;2026-06-25;2026-06-30,2026-07-05;2026-07-07;2026-07-08,需要内部验证,推断关系,E3-093,A:4;B:10;B-:30,公开资料检索,2026-10-08,公开资料不足以证明内部客户或当前交易关系，需要内部销售/客户数据确认。
Micron,长鑫存储,推定竞争,同环节同产品龙头推定竞争：DRAM芯片,E3-497;E3-499;E3-503;E3-504;E3-505;E3-506;E3-507;E3-508;E3-511;E3-514;E3-515;E3-516;E3-518;E3-812;E3-844,medium-low,same_product_leader_presumed,true,true,stage6_competition::Micron::长鑫存储::推定竞争,2026-07-08,2026-07-08,2026-07-07,,,,unknown,检索快照,2026-01-22;2026-05-27;2026-05-29;2026-06-15,2026-07-05;2026-07-06;2026-07-07,需要内部验证,推断关系,E3-497,A:2;B:3;B-:10,公开资料检索,2026-10-08,公开资料不足以证明内部客户或当前交易关系，需要内部销售/客户数据确认。
SK hynix,Samsung,推定竞争,同环节同产品龙头推定竞争：DRAM芯片,E3-450;E3-451;E3-453;E3-455;E3-471;E3-498;E3-499;E3-503;E3-504;E3-505;E3-506;E3-508;E3-509;E3-510;E3-511;E3-512;E3-513;E3-514;E3-515;E3-516;E3-517;E3-518;E3-519;E3-520;E3-521;E3-522;E3-523;E3-524;E3-525;E3-527;E3-528;E3-531;E3-532;E3-533;E3-534;E3-541;E3-542;E3-543;E3-772;E3-775;E3-816;E3-845;E3-916,medium-low,same_product_leader_presumed,true,true,stage6_competition::SK hynix::Samsung::推定竞争,2026-07-08,2026-07-08,2026-07-08,,,,unknown,检索快照,2026-02-01;2026-03-03;2026-04-03;2026-05-06;2026-05-19;2026-05-20;2026-05-25;2026-05-27;2026-05-29;2026-06-03;2026-06-15;2026-06-19;2026-06-21,2026-07-05;2026-07-06;2026-07-07;2026-07-08,需要内部验证,推断关系,E3-450,A:2;A-:4;B:5;B-:32,公开资料检索,2026-10-08,公开资料不足以证明内部客户或当前交易关系，需要内部销售/客户数据确认。
SK hynix,兆易创新,推定竞争,同环节同产品龙头推定竞争：DRAM芯片,E3-093;E3-094;E3-095;E3-096;E3-097;E3-098;E3-100;E3-101;E3-102;E3-104;E3-450;E3-451;E3-453;E3-455;E3-471;E3-498;E3-499;E3-500;E3-501;E3-502;E3-503;E3-504;E3-505;E3-506;E3-508;E3-509;E3-510;E3-511;E3-512;E3-513;E3-514;E3-515;E3-516;E3-517;E3-518;E3-519;E3-520;E3-521;E3-522;E3-523;E3-524;E3-525;E3-527;E3-528;E3-531;E3-532;E3-533;E3-534;E3-541;E3-542;E3-543;E3-544;E3-545;E3-546;E3-547;E3-548;E3-549;E3-550;E3-551;E3-552;E3-553;E3-554;E3-555;E3-560;E3-564;E3-566;E3-816;E3-845;E3-848;E3-882;E3-883;E3-916,medium-low,same_product_leader_presumed,true,true,stage6_competition::SK hynix::兆易创新::推定竞争,2026-07-08,2026-07-08,2026-07-08,,,,unknown,检索快照,2020-03-23;2020-09-25;2020-11-19;2022-04-22;2022-08-05;2023-03-30;2023-10-30;2024-02-27;2024-04-01;2024-06-25;2024-10-20;2024-12-22;2025-01-28;2026-01-05;2026-02-01;2026-03-03;2026-03-15;2026-04-03;2026-05-06;2026-05-13;2026-05-19;2026-05-20;2026-05-22;2026-05-25;2026-05-26;2026-05-27;2026-05-29;2026-06-03;2026-06-04;2026-06-15;2026-06-19;2026-06-21;2026-06-22;2026-06-25;2026-06-30,2026-07-05;2026-07-06;2026-07-07;2026-07-08,需要内部验证,推断关系,E3-093,A:3;A-:4;B:12;B-:53,公开资料检索,2026-10-08,公开资料不足以证明内部客户或当前交易关系，需要内部销售/客户数据确认。
SK hynix,长鑫存储,推定竞争,同环节同产品龙头推定竞争：DRAM芯片,E3-450;E3-451;E3-453;E3-455;E3-471;E3-497;E3-498;E3-499;E3-503;E3-504;E3-505;E3-506;E3-507;E3-508;E3-509;E3-510;E3-511;E3-512;E3-513;E3-514;E3-515;E3-516;E3-517;E3-518;E3-519;E3-520;E3-521;E3-522;E3-523;E3-524;E3-525;E3-527;E3-528;E3-531;E3-532;E3-533;E3-534;E3-541;E3-542;E3-543;E3-812;E3-816;E3-845;E3-916,medium-low,same_product_leader_presumed,true,true,stage6_competition::SK hynix::长鑫存储::推定竞争,2026-07-08,2026-07-08,2026-07-08,,,,unknown,检索快照,2026-01-22;2026-02-01;2026-03-03;2026-04-03;2026-05-06;2026-05-19;2026-05-20;2026-05-25;2026-05-27;2026-05-29;2026-06-03;2026-06-15;2026-06-19;2026-06-21,2026-07-05;2026-07-06;2026-07-07;2026-07-08,需要内部验证,推断关系,E3-450,A:1;A-:4;B:5;B-:34,公开资料检索,2026-10-08,公开资料不足以证明内部客户或当前交易关系，需要内部销售/客户数据确认。
Samsung,兆易创新,推定竞争,同环节同产品龙头推定竞争：DRAM芯片,E3-093;E3-094;E3-095;E3-096;E3-097;E3-098;E3-100;E3-101;E3-102;E3-104;E3-498;E3-499;E3-500;E3-501;E3-502;E3-503;E3-504;E3-505;E3-506;E3-508;E3-509;E3-510;E3-511;E3-513;E3-514;E3-515;E3-516;E3-517;E3-518;E3-544;E3-545;E3-546;E3-547;E3-548;E3-549;E3-550;E3-551;E3-552;E3-553;E3-554;E3-555;E3-560;E3-564;E3-566;E3-772;E3-775;E3-848;E3-882;E3-883,medium-low,same_product_leader_presumed,true,true,stage6_competition::Samsung::兆易创新::推定竞争,2026-07-08,2026-07-08,2026-07-08,,,,unknown,检索快照,2020-03-23;2020-09-25;2020-11-19;2022-04-22;2022-08-05;2023-03-30;2023-10-30;2024-02-27;2024-04-01;2024-06-25;2024-10-20;2024-12-22;2025-01-28;2026-01-05;2026-03-03;2026-03-15;2026-05-13;2026-05-19;2026-05-22;2026-05-26;2026-05-27;2026-05-29;2026-06-04;2026-06-15;2026-06-22;2026-06-25;2026-06-30,2026-07-05;2026-07-06;2026-07-07;2026-07-08,需要内部验证,推断关系,E3-093,A:5;A-:1;B:10;B-:33,公开资料检索,2026-10-08,公开资料不足以证明内部客户或当前交易关系，需要内部销售/客户数据确认。
Samsung,长鑫存储,推定竞争,同环节同产品龙头推定竞争：DRAM芯片,E3-497;E3-499;E3-503;E3-504;E3-505;E3-506;E3-507;E3-508;E3-509;E3-510;E3-511;E3-513;E3-514;E3-515;E3-516;E3-517;E3-518;E3-772;E3-775;E3-812,medium-low,same_product_leader_presumed,true,true,stage6_competition::Samsung::长鑫存储::推定竞争,2026-07-08,2026-07-08,2026-07-06,,,,unknown,检索快照,2026-01-22;2026-05-27;2026-05-29;2026-06-15,2026-07-05;2026-07-06,需要内部验证,推断关系,E3-497,A:3;A-:1;B:3;B-:13,公开资料检索,2026-10-08,公开资料不足以证明内部客户或当前交易关系，需要内部销售/客户数据确认。
兆易创新,长鑫存储,推定竞争,同环节同产品龙头推定竞争：DRAM芯片,E3-093;E3-094;E3-095;E3-096;E3-097;E3-098;E3-100;E3-101;E3-102;E3-104;E3-497;E3-498;E3-500;E3-501;E3-502;E3-505;E3-507;E3-544;E3-545;E3-546;E3-547;E3-548;E3-549;E3-550;E3-551;E3-552;E3-553;E3-554;E3-555;E3-560;E3-564;E3-566;E3-812;E3-848;E3-882;E3-883,medium-low,same_product_leader_presumed,true,true,stage6_competition::兆易创新::长鑫存储::推定竞争,2026-07-08,2026-07-08,2026-07-08,,,,unknown,检索快照,2020-03-23;2020-09-25;2020-11-19;2022-04-22;2022-08-05;2023-03-30;2023-10-30;2024-02-27;2024-04-01;2024-06-25;2024-10-20;2024-12-22;2025-01-28;2026-01-05;2026-01-22;2026-03-03;2026-03-15;2026-05-13;2026-05-19;2026-05-22;2026-05-26;2026-05-27;2026-06-04;2026-06-22;2026-06-25;2026-06-30,2026-07-05;2026-07-06;2026-07-07;2026-07-08,需要内部验证,推断关系,E3-093,A:4;B:8;B-:24,公开资料检索,2026-10-08,公开资料不足以证明内部客户或当前交易关系，需要内部销售/客户数据确认。
Macronix,Winbond,推定竞争,同环节同产品龙头推定竞争：NOR Flash,E3-560;E3-564;E3-566;E3-817;E3-818,medium-low,same_product_leader_presumed,true,true,stage6_competition::Macronix::Winbond::推定竞争,2026-07-08,2026-07-08,2026-07-06,,,,unknown,检索快照,,2026-07-05;2026-07-06,需要内部验证,推断关系,E3-560,A:2;B-:3,公开资料检索,2026-10-08,公开资料不足以证明内部客户或当前交易关系，需要内部销售/客户数据确认。
Macronix,兆易创新,推定竞争,同环节同产品龙头推定竞争：NOR Flash,E3-093;E3-094;E3-095;E3-096;E3-097;E3-098;E3-100;E3-101;E3-102;E3-104;E3-498;E3-500;E3-501;E3-502;E3-505;E3-544;E3-545;E3-546;E3-547;E3-548;E3-549;E3-550;E3-551;E3-552;E3-553;E3-554;E3-555;E3-560;E3-564;E3-566;E3-817;E3-848;E3-882;E3-883,medium-low,same_product_leader_presumed,true,true,stage6_competition::Macronix::兆易创新::推定竞争,2026-07-08,2026-07-08,2026-07-08,,,,unknown,检索快照,2020-03-23;2020-09-25;2020-11-19;2022-04-22;2022-08-05;2023-03-30;2023-10-30;2024-02-27;2024-04-01;2024-06-25;2024-10-20;2024-12-22;2025-01-28;2026-01-05;2026-03-03;2026-03-15;2026-05-13;2026-05-19;2026-05-22;2026-05-26;2026-05-27;2026-06-04;2026-06-22;2026-06-25;2026-06-30,2026-07-05;2026-07-06;2026-07-07;2026-07-08,需要内部验证,推断关系,E3-093,A:4;B:8;B-:22,公开资料检索,2026-10-08,公开资料不足以证明内部客户或当前交易关系，需要内部销售/客户数据确认。
Winbond,兆易创新,推定竞争,同环节同产品龙头推定竞争：NOR Flash,E3-093;E3-094;E3-095;E3-096;E3-097;E3-098;E3-100;E3-101;E3-102;E3-104;E3-498;E3-500;E3-501;E3-502;E3-505;E3-544;E3-545;E3-546;E3-547;E3-548;E3-549;E3-550;E3-551;E3-552;E3-553;E3-554;E3-555;E3-560;E3-564;E3-566;E3-818;E3-848;E3-882;E3-883,medium-low,same_product_leader_presumed,true,true,stage6_competition::Winbond::兆易创新::推定竞争,2026-07-08,2026-07-08,2026-07-08,,,,unknown,检索快照,2020-03-23;2020-09-25;2020-11-19;2022-04-22;2022-08-05;2023-03-30;2023-10-30;2024-02-27;2024-04-01;2024-06-25;2024-10-20;2024-12-22;2025-01-28;2026-01-05;2026-03-03;2026-03-15;2026-05-13;2026-05-19;2026-05-22;2026-05-26;2026-05-27;2026-06-04;2026-06-22;2026-06-25;2026-06-30,2026-07-05;2026-07-06;2026-07-07;2026-07-08,需要内部验证,推断关系,E3-093,A:4;B:8;B-:22,公开资料检索,2026-10-08,公开资料不足以证明内部客户或当前交易关系，需要内部销售/客户数据确认。
Analog Devices,Texas Instruments,推定竞争,同环节同产品龙头推定竞争：模拟芯片,E3-106;E3-107;E3-108;E3-109;E3-111;E3-112;E3-113;E3-115;E3-153;E3-155;E3-160;E3-791;E3-793,medium-low,same_product_leader_presumed,true,true,stage6_competition::Analog Devices::Texas Instruments::推定竞争,2026-07-08,2026-07-08,2026-07-06,,,,unknown,检索快照,,2026-07-05;2026-07-06,需要内部验证,推断关系,E3-106,A:2;B-:11,公开资料检索,2026-10-08,公开资料不足以证明内部客户或当前交易关系，需要内部销售/客户数据确认。
ASE,Amkor,推定竞争,同环节同产品龙头推定竞争：先进封装服务,E3-452;E3-466;E3-470;E3-471;E3-477;E3-485;E3-486;E3-488;E3-489;E3-490;E3-491;E3-493;E3-494;E3-495;E3-769;E3-770,medium-low,same_product_leader_presumed,true,true,stage6_competition::ASE::Amkor::推定竞争,2026-07-08,2026-07-08,2026-07-06,,,,unknown,检索快照,2023-10-16;2026-05-29,2026-07-05;2026-07-06,需要内部验证,推断关系,E3-452,A:2;A-:1;B-:13,公开资料检索,2026-10-08,公开资料不足以证明内部客户或当前交易关系，需要内部销售/客户数据确认。
ASE,Intel,推定竞争,同环节同产品龙头推定竞争：先进封装服务,E3-452;E3-465;E3-466;E3-470;E3-471;E3-477;E3-485;E3-486;E3-488;E3-489;E3-491;E3-493;E3-494;E3-495;E3-769;E3-771,medium-low,same_product_leader_presumed,true,true,stage6_competition::ASE::Intel::推定竞争,2026-07-08,2026-07-08,2026-07-06,,,,unknown,检索快照,2023-10-16;2026-05-29,2026-07-05;2026-07-06,需要内部验证,推断关系,E3-452,A:2;A-:1;B-:13,公开资料检索,2026-10-08,公开资料不足以证明内部客户或当前交易关系，需要内部销售/客户数据确认。
ASE,SK hynix,推定竞争,同环节同产品龙头推定竞争：先进封装服务,E3-450;E3-451;E3-452;E3-453;E3-455;E3-466;E3-470;E3-471;E3-477;E3-485;E3-486;E3-488;E3-489;E3-491;E3-493;E3-494;E3-495;E3-498;E3-499;E3-503;E3-504;E3-505;E3-506;E3-508;E3-509;E3-510;E3-511;E3-512;E3-513;E3-514;E3-515;E3-516;E3-517;E3-518;E3-519;E3-520;E3-521;E3-522;E3-523;E3-524;E3-525;E3-527;E3-528;E3-531;E3-532;E3-533;E3-534;E3-541;E3-542;E3-543;E3-769;E3-816;E3-845;E3-916,medium-low,same_product_leader_presumed,true,true,stage6_competition::ASE::SK hynix::推定竞争,2026-07-08,2026-07-08,2026-07-08,,,,unknown,检索快照,2023-10-16;2026-02-01;2026-03-03;2026-04-03;2026-05-06;2026-05-19;2026-05-20;2026-05-25;2026-05-27;2026-05-29;2026-06-03;2026-06-15;2026-06-19;2026-06-21,2026-07-05;2026-07-06;2026-07-07;2026-07-08,需要内部验证,推断关系,E3-450,A:1;A-:5;B:5;B-:43,公开资料检索,2026-10-08,公开资料不足以证明内部客户或当前交易关系，需要内部销售/客户数据确认。
ASE,Samsung,推定竞争,同环节同产品龙头推定竞争：先进封装服务,E3-452;E3-465;E3-466;E3-470;E3-471;E3-477;E3-485;E3-486;E3-488;E3-489;E3-491;E3-493;E3-494;E3-495;E3-769;E3-772;E3-775,medium-low,same_product_leader_presumed,true,true,stage6_competition::ASE::Samsung::推定竞争,2026-07-08,2026-07-08,2026-07-06,,,,unknown,检索快照,2023-10-16;2026-05-29,2026-07-05;2026-07-06,需要内部验证,推断关系,E3-452,A:3;A-:1;B-:13,公开资料检索,2026-10-08,公开资料不足以证明内部客户或当前交易关系，需要内部销售/客户数据确认。
ASE,TSMC,推定竞争,同环节同产品龙头推定竞争：先进封装服务,E3-121;E3-122;E3-124;E3-129;E3-130;E3-131;E3-133;E3-135;E3-136;E3-137;E3-138;E3-140;E3-450;E3-451;E3-452;E3-455;E3-462;E3-463;E3-464;E3-465;E3-466;E3-467;E3-468;E3-470;E3-471;E3-477;E3-485;E3-486;E3-488;E3-489;E3-491;E3-493;E3-494;E3-495;E3-769;E3-855;E3-856,medium-low,same_product_leader_presumed,true,true,stage6_competition::ASE::TSMC::推定竞争,2026-07-08,2026-07-08,2026-07-08,,,,unknown,检索快照,2023-10-16;2024-12-22;2026-02-04;2026-05-06;2026-05-25;2026-05-29;2026-06-19,2026-07-05;2026-07-06;2026-07-08,需要内部验证,推断关系,E3-121,A:3;A-:3;B:1;B-:30,公开资料检索,2026-10-08,公开资料不足以证明内部客户或当前交易关系，需要内部销售/客户数据确认。
ASE,华天科技,推定竞争,同环节同产品龙头推定竞争：先进封装服务,E3-450;E3-451;E3-452;E3-453;E3-455;E3-456;E3-457;E3-458;E3-459;E3-460;E3-461;E3-466;E3-470;E3-471;E3-475;E3-476;E3-477;E3-480;E3-482;E3-483;E3-484;E3-485;E3-486;E3-488;E3-489;E3-491;E3-493;E3-494;E3-495;E3-769;E3-871;E3-872,medium-low,same_product_leader_presumed,true,true,stage6_competition::ASE::华天科技::推定竞争,2026-07-08,2026-07-08,2026-07-08,,,,unknown,检索快照,2021-04-20;2021-12-15;2022-01-01;2023-05-17;2023-07-19;2023-10-16;2023-11-04;2024-05-02;2024-05-15;2024-06-21;2024-09-20;2024-11-10;2026-05-06;2026-05-25;2026-05-29;2026-06-19;2026-06-21,2026-07-05;2026-07-06;2026-07-08,需要内部验证,推断关系,E3-450,A:3;A-:1;B:4;B-:24,公开资料检索,2026-10-08,公开资料不足以证明内部客户或当前交易关系，需要内部销售/客户数据确认。
ASE,通富微电,推定竞争,同环节同产品龙头推定竞争：先进封装服务,E3-450;E3-451;E3-452;E3-453;E3-455;E3-456;E3-457;E3-458;E3-459;E3-460;E3-461;E3-466;E3-470;E3-471;E3-475;E3-476;E3-477;E3-480;E3-481;E3-482;E3-483;E3-484;E3-485;E3-486;E3-488;E3-489;E3-491;E3-493;E3-494;E3-495;E3-769;E3-811;E3-910,medium-low,same_product_leader_presumed,true,true,stage6_competition::ASE::通富微电::推定竞争,2026-07-08,2026-07-08,2026-07-08,,,,unknown,检索快照,2021-04-20;2021-12-15;2022-01-01;2023-03-27;2023-05-17;2023-07-19;2023-10-16;2023-11-04;2024-05-02;2024-05-15;2024-06-21;2024-09-20;2024-11-10;2026-05-06;2026-05-25;2026-05-29;2026-06-19;2026-06-21,2026-07-05;2026-07-06;2026-07-08,需要内部验证,推断关系,E3-450,A:2;A-:2;B:4;B-:25,公开资料检索,2026-10-08,公开资料不足以证明内部客户或当前交易关系，需要内部销售/客户数据确认。
ASE,长电科技,推定竞争,同环节同产品龙头推定竞争：先进封装服务,E3-450;E3-451;E3-452;E3-453;E3-455;E3-456;E3-457;E3-458;E3-459;E3-460;E3-461;E3-466;E3-470;E3-471;E3-474;E3-475;E3-476;E3-477;E3-478;E3-479;E3-480;E3-481;E3-482;E3-483;E3-484;E3-485;E3-486;E3-488;E3-489;E3-491;E3-493;E3-494;E3-495;E3-769;E3-869;E3-870,medium-low,same_product_leader_presumed,true,true,stage6_competition::ASE::长电科技::推定竞争,2026-07-08,2026-07-08,2026-07-08,,,,unknown,检索快照,2021-04-20;2021-12-15;2022-01-01;2023-03-27;2023-05-17;2023-07-19;2023-10-16;2023-11-04;2024-05-02;2024-05-15;2024-06-21;2024-06-27;2024-08-26;2024-09-19;2024-09-20;2024-11-10;2026-05-06;2026-05-25;2026-05-29;2026-06-19;2026-06-21,2026-07-05;2026-07-06;2026-07-08,需要内部验证,推断关系,E3-450,A:1;A-:3;B:4;B-:28,公开资料检索,2026-10-08,公开资料不足以证明内部客户或当前交易关系，需要内部销售/客户数据确认。
Amkor,Intel,推定竞争,同环节同产品龙头推定竞争：先进封装服务,E3-452;E3-465;E3-466;E3-470;E3-471;E3-485;E3-486;E3-488;E3-489;E3-490;E3-491;E3-493;E3-494;E3-495;E3-770;E3-771,medium-low,same_product_leader_presumed,true,true,stage6_competition::Amkor::Intel::推定竞争,2026-07-08,2026-07-08,2026-07-06,,,,unknown,检索快照,2026-05-29,2026-07-05;2026-07-06,需要内部验证,推断关系,E3-452,A:2;A-:1;B-:13,公开资料检索,2026-10-08,公开资料不足以证明内部客户或当前交易关系，需要内部销售/客户数据确认。
Amkor,SK hynix,推定竞争,同环节同产品龙头推定竞争：先进封装服务,E3-450;E3-451;E3-452;E3-453;E3-455;E3-466;E3-470;E3-471;E3-485;E3-486;E3-488;E3-489;E3-490;E3-491;E3-493;E3-494;E3-495;E3-498;E3-499;E3-503;E3-504;E3-505;E3-506;E3-508;E3-509;E3-510;E3-511;E3-512;E3-513;E3-514;E3-515;E3-516;E3-517;E3-518;E3-519;E3-520;E3-521;E3-522;E3-523;E3-524;E3-525;E3-527;E3-528;E3-531;E3-532;E3-533;E3-534;E3-541;E3-542;E3-543;E3-770;E3-816;E3-845;E3-916,medium-low,same_product_leader_presumed,true,true,stage6_competition::Amkor::SK hynix::推定竞争,2026-07-08,2026-07-08,2026-07-08,,,,unknown,检索快照,2026-02-01;2026-03-03;2026-04-03;2026-05-06;2026-05-19;2026-05-20;2026-05-25;2026-05-27;2026-05-29;2026-06-03;2026-06-15;2026-06-19;2026-06-21,2026-07-05;2026-07-06;2026-07-07;2026-07-08,需要内部验证,推断关系,E3-450,A:1;A-:5;B:5;B-:43,公开资料检索,2026-10-08,公开资料不足以证明内部客户或当前交易关系，需要内部销售/客户数据确认。
Amkor,Samsung,推定竞争,同环节同产品龙头推定竞争：先进封装服务,E3-452;E3-465;E3-466;E3-470;E3-471;E3-485;E3-486;E3-488;E3-489;E3-490;E3-491;E3-493;E3-494;E3-495;E3-770;E3-772;E3-775,medium-low,same_product_leader_presumed,true,true,stage6_competition::Amkor::Samsung::推定竞争,2026-07-08,2026-07-08,2026-07-06,,,,unknown,检索快照,2026-05-29,2026-07-05;2026-07-06,需要内部验证,推断关系,E3-452,A:3;A-:1;B-:13,公开资料检索,2026-10-08,公开资料不足以证明内部客户或当前交易关系，需要内部销售/客户数据确认。
Amkor,TSMC,推定竞争,同环节同产品龙头推定竞争：先进封装服务,E3-121;E3-122;E3-124;E3-129;E3-130;E3-131;E3-133;E3-135;E3-136;E3-137;E3-138;E3-140;E3-450;E3-451;E3-452;E3-455;E3-462;E3-463;E3-464;E3-465;E3-466;E3-467;E3-468;E3-470;E3-471;E3-485;E3-486;E3-488;E3-489;E3-490;E3-491;E3-493;E3-494;E3-495;E3-770;E3-855;E3-856,medium-low,same_product_leader_presumed,true,true,stage6_competition::Amkor::TSMC::推定竞争,2026-07-08,2026-07-08,2026-07-08,,,,unknown,检索快照,2024-12-22;2026-02-04;2026-05-06;2026-05-25;2026-05-29;2026-06-19,2026-07-05;2026-07-06;2026-07-08,需要内部验证,推断关系,E3-121,A:3;A-:3;B:1;B-:30,公开资料检索,2026-10-08,公开资料不足以证明内部客户或当前交易关系，需要内部销售/客户数据确认。
Amkor,华天科技,推定竞争,同环节同产品龙头推定竞争：先进封装服务,E3-450;E3-451;E3-452;E3-453;E3-455;E3-456;E3-457;E3-458;E3-459;E3-460;E3-461;E3-466;E3-470;E3-471;E3-475;E3-476;E3-480;E3-482;E3-483;E3-484;E3-485;E3-486;E3-488;E3-489;E3-490;E3-491;E3-493;E3-494;E3-495;E3-770;E3-871;E3-872,medium-low,same_product_leader_presumed,true,true,stage6_competition::Amkor::华天科技::推定竞争,2026-07-08,2026-07-08,2026-07-08,,,,unknown,检索快照,2021-04-20;2021-12-15;2022-01-01;2023-05-17;2023-07-19;2023-11-04;2024-05-02;2024-05-15;2024-06-21;2024-09-20;2024-11-10;2026-05-06;2026-05-25;2026-05-29;2026-06-19;2026-06-21,2026-07-05;2026-07-06;2026-07-08,需要内部验证,推断关系,E3-450,A:3;A-:1;B:4;B-:24,公开资料检索,2026-10-08,公开资料不足以证明内部客户或当前交易关系，需要内部销售/客户数据确认。
Amkor,通富微电,推定竞争,同环节同产品龙头推定竞争：先进封装服务,E3-450;E3-451;E3-452;E3-453;E3-455;E3-456;E3-457;E3-458;E3-459;E3-460;E3-461;E3-466;E3-470;E3-471;E3-475;E3-476;E3-480;E3-481;E3-482;E3-483;E3-484;E3-485;E3-486;E3-488;E3-489;E3-490;E3-491;E3-493;E3-494;E3-495;E3-770;E3-811;E3-910,medium-low,same_product_leader_presumed,true,true,stage6_competition::Amkor::通富微电::推定竞争,2026-07-08,2026-07-08,2026-07-08,,,,unknown,检索快照,2021-04-20;2021-12-15;2022-01-01;2023-03-27;2023-05-17;2023-07-19;2023-11-04;2024-05-02;2024-05-15;2024-06-21;2024-09-20;2024-11-10;2026-05-06;2026-05-25;2026-05-29;2026-06-19;2026-06-21,2026-07-05;2026-07-06;2026-07-08,需要内部验证,推断关系,E3-450,A:2;A-:2;B:4;B-:25,公开资料检索,2026-10-08,公开资料不足以证明内部客户或当前交易关系，需要内部销售/客户数据确认。
Amkor,长电科技,推定竞争,同环节同产品龙头推定竞争：先进封装服务,E3-450;E3-451;E3-452;E3-453;E3-455;E3-456;E3-457;E3-458;E3-459;E3-460;E3-461;E3-466;E3-470;E3-471;E3-474;E3-475;E3-476;E3-477;E3-478;E3-479;E3-480;E3-481;E3-482;E3-483;E3-484;E3-485;E3-486;E3-488;E3-489;E3-490;E3-491;E3-493;E3-494;E3-495;E3-770;E3-869;E3-870,medium-low,same_product_leader_presumed,true,true,stage6_competition::Amkor::长电科技::推定竞争,2026-07-08,2026-07-08,2026-07-08,,,,unknown,检索快照,2021-04-20;2021-12-15;2022-01-01;2023-03-27;2023-05-17;2023-07-19;2023-10-16;2023-11-04;2024-05-02;2024-05-15;2024-06-21;2024-06-27;2024-08-26;2024-09-19;2024-09-20;2024-11-10;2026-05-06;2026-05-25;2026-05-29;2026-06-19;2026-06-21,2026-07-05;2026-07-06;2026-07-08,需要内部验证,推断关系,E3-450,A:1;A-:3;B:4;B-:29,公开资料检索,2026-10-08,公开资料不足以证明内部客户或当前交易关系，需要内部销售/客户数据确认。
Intel,SK hynix,推定竞争,同环节同产品龙头推定竞争：先进封装服务,E3-450;E3-451;E3-453;E3-455;E3-465;E3-466;E3-471;E3-498;E3-499;E3-503;E3-504;E3-505;E3-506;E3-508;E3-509;E3-510;E3-511;E3-512;E3-513;E3-514;E3-515;E3-516;E3-517;E3-518;E3-519;E3-520;E3-521;E3-522;E3-523;E3-524;E3-525;E3-527;E3-528;E3-531;E3-532;E3-533;E3-534;E3-541;E3-542;E3-543;E3-771;E3-816;E3-845;E3-916,medium-low,same_product_leader_presumed,true,true,stage6_competition::Intel::SK hynix::推定竞争,2026-07-08,2026-07-08,2026-07-08,,,,unknown,检索快照,2026-02-01;2026-03-03;2026-04-03;2026-05-06;2026-05-19;2026-05-20;2026-05-25;2026-05-27;2026-05-29;2026-06-03;2026-06-15;2026-06-19;2026-06-21,2026-07-05;2026-07-06;2026-07-07;2026-07-08,需要内部验证,推断关系,E3-450,A:1;A-:4;B:5;B-:34,公开资料检索,2026-10-08,公开资料不足以证明内部客户或当前交易关系，需要内部销售/客户数据确认。
Intel,Samsung,推定竞争,同环节同产品龙头推定竞争：先进封装服务,E3-465;E3-466;E3-471;E3-771;E3-772;E3-775,medium-low,same_product_leader_presumed,true,true,stage6_competition::Intel::Samsung::推定竞争,2026-07-08,2026-07-08,2026-07-06,,,,unknown,检索快照,,2026-07-05;2026-07-06,需要内部验证,推断关系,E3-465,A:3;B-:3,公开资料检索,2026-10-08,公开资料不足以证明内部客户或当前交易关系，需要内部销售/客户数据确认。
Intel,TSMC,推定竞争,同环节同产品龙头推定竞争：先进封装服务,E3-121;E3-122;E3-124;E3-129;E3-130;E3-131;E3-133;E3-135;E3-136;E3-137;E3-138;E3-140;E3-450;E3-451;E3-455;E3-462;E3-463;E3-464;E3-465;E3-466;E3-467;E3-468;E3-470;E3-471;E3-771;E3-855;E3-856,medium-low,same_product_leader_presumed,true,true,stage6_competition::Intel::TSMC::推定竞争,2026-07-08,2026-07-08,2026-07-08,,,,unknown,检索快照,2024-12-22;2026-02-04;2026-05-06;2026-05-25;2026-06-19,2026-07-05;2026-07-06;2026-07-08,需要内部验证,推断关系,E3-121,A:3;A-:2;B:1;B-:21,公开资料检索,2026-10-08,公开资料不足以证明内部客户或当前交易关系，需要内部销售/客户数据确认。
Intel,华天科技,推定竞争,同环节同产品龙头推定竞争：先进封装服务,E3-450;E3-451;E3-452;E3-453;E3-455;E3-456;E3-457;E3-458;E3-459;E3-460;E3-461;E3-465;E3-466;E3-471;E3-475;E3-476;E3-480;E3-482;E3-483;E3-484;E3-771;E3-871;E3-872,medium-low,same_product_leader_presumed,true,true,stage6_competition::Intel::华天科技::推定竞争,2026-07-08,2026-07-08,2026-07-08,,,,unknown,检索快照,2021-04-20;2021-12-15;2022-01-01;2023-05-17;2023-07-19;2023-11-04;2024-05-02;2024-05-15;2024-06-21;2024-09-20;2024-11-10;2026-05-06;2026-05-25;2026-05-29;2026-06-19;2026-06-21,2026-07-05;2026-07-06;2026-07-08,需要内部验证,推断关系,E3-450,A:3;B:4;B-:16,公开资料检索,2026-10-08,公开资料不足以证明内部客户或当前交易关系，需要内部销售/客户数据确认。
Intel,通富微电,推定竞争,同环节同产品龙头推定竞争：先进封装服务,E3-450;E3-451;E3-452;E3-453;E3-455;E3-456;E3-457;E3-458;E3-459;E3-460;E3-461;E3-465;E3-466;E3-471;E3-475;E3-476;E3-480;E3-481;E3-482;E3-483;E3-484;E3-771;E3-811;E3-910,medium-low,same_product_leader_presumed,true,true,stage6_competition::Intel::通富微电::推定竞争,2026-07-08,2026-07-08,2026-07-08,,,,unknown,检索快照,2021-04-20;2021-12-15;2022-01-01;2023-03-27;2023-05-17;2023-07-19;2023-11-04;2024-05-02;2024-05-15;2024-06-21;2024-09-20;2024-11-10;2026-05-06;2026-05-25;2026-05-29;2026-06-19;2026-06-21,2026-07-05;2026-07-06;2026-07-08,需要内部验证,推断关系,E3-450,A:2;A-:1;B:4;B-:17,公开资料检索,2026-10-08,公开资料不足以证明内部客户或当前交易关系，需要内部销售/客户数据确认。
Intel,长电科技,推定竞争,同环节同产品龙头推定竞争：先进封装服务,E3-450;E3-451;E3-452;E3-453;E3-455;E3-456;E3-457;E3-458;E3-459;E3-460;E3-461;E3-465;E3-466;E3-471;E3-474;E3-475;E3-476;E3-477;E3-478;E3-479;E3-480;E3-481;E3-482;E3-483;E3-484;E3-485;E3-486;E3-489;E3-491;E3-493;E3-494;E3-771;E3-869;E3-870,medium-low,same_product_leader_presumed,true,true,stage6_competition::Intel::长电科技::推定竞争,2026-07-08,2026-07-08,2026-07-08,,,,unknown,检索快照,2021-04-20;2021-12-15;2022-01-01;2023-03-27;2023-05-17;2023-07-19;2023-10-16;2023-11-04;2024-05-02;2024-05-15;2024-06-21;2024-06-27;2024-08-26;2024-09-19;2024-09-20;2024-11-10;2026-05-06;2026-05-25;2026-05-29;2026-06-19;2026-06-21,2026-07-05;2026-07-06;2026-07-08,需要内部验证,推断关系,E3-450,A:1;A-:3;B:4;B-:26,公开资料检索,2026-10-08,公开资料不足以证明内部客户或当前交易关系，需要内部销售/客户数据确认。
SK hynix,TSMC,推定竞争,同环节同产品龙头推定竞争：先进封装服务,E3-121;E3-122;E3-124;E3-129;E3-130;E3-131;E3-133;E3-135;E3-136;E3-137;E3-138;E3-140;E3-450;E3-451;E3-453;E3-455;E3-462;E3-463;E3-464;E3-465;E3-466;E3-467;E3-468;E3-470;E3-471;E3-498;E3-499;E3-503;E3-504;E3-505;E3-506;E3-508;E3-509;E3-510;E3-511;E3-512;E3-513;E3-514;E3-515;E3-516;E3-517;E3-518;E3-519;E3-520;E3-521;E3-522;E3-523;E3-524;E3-525;E3-527;E3-528;E3-531;E3-532;E3-533;E3-534;E3-541;E3-542;E3-543;E3-816;E3-845;E3-855;E3-856;E3-916,medium-low,same_product_leader_presumed,true,true,stage6_competition::SK hynix::TSMC::推定竞争,2026-07-08,2026-07-08,2026-07-08,,,,unknown,检索快照,2024-12-22;2026-02-01;2026-02-04;2026-03-03;2026-04-03;2026-05-06;2026-05-19;2026-05-20;2026-05-25;2026-05-27;2026-05-29;2026-06-03;2026-06-15;2026-06-19;2026-06-21,2026-07-05;2026-07-06;2026-07-07;2026-07-08,需要内部验证,推断关系,E3-121,A:2;A-:6;B:5;B-:50,公开资料检索,2026-10-08,公开资料不足以证明内部客户或当前交易关系，需要内部销售/客户数据确认。
SK hynix,华天科技,推定竞争,同环节同产品龙头推定竞争：先进封装服务,E3-450;E3-451;E3-452;E3-453;E3-455;E3-456;E3-457;E3-458;E3-459;E3-460;E3-461;E3-471;E3-475;E3-476;E3-480;E3-482;E3-483;E3-484;E3-498;E3-499;E3-503;E3-504;E3-505;E3-506;E3-508;E3-509;E3-510;E3-511;E3-512;E3-513;E3-514;E3-515;E3-516;E3-517;E3-518;E3-519;E3-520;E3-521;E3-522;E3-523;E3-524;E3-525;E3-527;E3-528;E3-531;E3-532;E3-533;E3-534;E3-541;E3-542;E3-543;E3-816;E3-845;E3-871;E3-872;E3-916,medium-low,same_product_leader_presumed,true,true,stage6_competition::SK hynix::华天科技::推定竞争,2026-07-08,2026-07-08,2026-07-08,,,,unknown,检索快照,2021-04-20;2021-12-15;2022-01-01;2023-05-17;2023-07-19;2023-11-04;2024-05-02;2024-05-15;2024-06-21;2024-09-20;2024-11-10;2026-02-01;2026-03-03;2026-04-03;2026-05-06;2026-05-19;2026-05-20;2026-05-25;2026-05-27;2026-05-29;2026-06-03;2026-06-15;2026-06-19;2026-06-21,2026-07-05;2026-07-06;2026-07-07;2026-07-08,需要内部验证,推断关系,E3-450,A:2;A-:4;B:7;B-:43,公开资料检索,2026-10-08,公开资料不足以证明内部客户或当前交易关系，需要内部销售/客户数据确认。
SK hynix,通富微电,推定竞争,同环节同产品龙头推定竞争：先进封装服务,E3-450;E3-451;E3-452;E3-453;E3-455;E3-456;E3-457;E3-458;E3-459;E3-460;E3-461;E3-471;E3-475;E3-476;E3-480;E3-481;E3-482;E3-483;E3-484;E3-498;E3-499;E3-503;E3-504;E3-505;E3-506;E3-508;E3-509;E3-510;E3-511;E3-512;E3-513;E3-514;E3-515;E3-516;E3-517;E3-518;E3-519;E3-520;E3-521;E3-522;E3-523;E3-524;E3-525;E3-527;E3-528;E3-531;E3-532;E3-533;E3-534;E3-541;E3-542;E3-543;E3-811;E3-816;E3-845;E3-910;E3-916,medium-low,same_product_leader_presumed,true,true,stage6_competition::SK hynix::通富微电::推定竞争,2026-07-08,2026-07-08,2026-07-08,,,,unknown,检索快照,2021-04-20;2021-12-15;2022-01-01;2023-03-27;2023-05-17;2023-07-19;2023-11-04;2024-05-02;2024-05-15;2024-06-21;2024-09-20;2024-11-10;2026-02-01;2026-03-03;2026-04-03;2026-05-06;2026-05-19;2026-05-20;2026-05-25;2026-05-27;2026-05-29;2026-06-03;2026-06-15;2026-06-19;2026-06-21,2026-07-05;2026-07-06;2026-07-07;2026-07-08,需要内部验证,推断关系,E3-450,A:1;A-:5;B:7;B-:44,公开资料检索,2026-10-08,公开资料不足以证明内部客户或当前交易关系，需要内部销售/客户数据确认。
SK hynix,长电科技,推定竞争,同环节同产品龙头推定竞争：先进封装服务,E3-450;E3-451;E3-452;E3-453;E3-455;E3-456;E3-457;E3-458;E3-459;E3-460;E3-461;E3-471;E3-474;E3-475;E3-476;E3-477;E3-478;E3-479;E3-480;E3-481;E3-482;E3-483;E3-484;E3-485;E3-486;E3-489;E3-491;E3-493;E3-494;E3-498;E3-499;E3-503;E3-504;E3-505;E3-506;E3-508;E3-509;E3-510;E3-511;E3-512;E3-513;E3-514;E3-515;E3-516;E3-517;E3-518;E3-519;E3-520;E3-521;E3-522;E3-523;E3-524;E3-525;E3-527;E3-528;E3-531;E3-532;E3-533;E3-534;E3-541;E3-542;E3-543;E3-816;E3-845;E3-869;E3-870;E3-916,medium-low,same_product_leader_presumed,true,true,stage6_competition::SK hynix::长电科技::推定竞争,2026-07-08,2026-07-08,2026-07-08,,,,unknown,检索快照,2021-04-20;2021-12-15;2022-01-01;2023-03-27;2023-05-17;2023-07-19;2023-10-16;2023-11-04;2024-05-02;2024-05-15;2024-06-21;2024-06-27;2024-08-26;2024-09-19;2024-09-20;2024-11-10;2026-02-01;2026-03-03;2026-04-03;2026-05-06;2026-05-19;2026-05-20;2026-05-25;2026-05-27;2026-05-29;2026-06-03;2026-06-15;2026-06-19;2026-06-21,2026-07-05;2026-07-06;2026-07-07;2026-07-08,需要内部验证,推断关系,E3-450,A-:7;B:7;B-:53,公开资料检索,2026-10-08,公开资料不足以证明内部客户或当前交易关系，需要内部销售/客户数据确认。
Samsung,TSMC,推定竞争,同环节同产品龙头推定竞争：先进封装服务,E3-121;E3-122;E3-124;E3-129;E3-130;E3-131;E3-133;E3-135;E3-136;E3-137;E3-138;E3-140;E3-450;E3-451;E3-455;E3-462;E3-463;E3-464;E3-465;E3-466;E3-467;E3-468;E3-470;E3-471;E3-772;E3-775;E3-855;E3-856,medium-low,same_product_leader_presumed,true,true,stage6_competition::Samsung::TSMC::推定竞争,2026-07-08,2026-07-08,2026-07-08,,,,unknown,检索快照,2024-12-22;2026-02-04;2026-05-06;2026-05-25;2026-06-19,2026-07-05;2026-07-06;2026-07-08,需要内部验证,推断关系,E3-121,A:4;A-:2;B:1;B-:21,公开资料检索,2026-10-08,公开资料不足以证明内部客户或当前交易关系，需要内部销售/客户数据确认。
Samsung,华天科技,推定竞争,同环节同产品龙头推定竞争：先进封装服务,E3-450;E3-451;E3-452;E3-453;E3-455;E3-456;E3-457;E3-458;E3-459;E3-460;E3-461;E3-465;E3-475;E3-476;E3-480;E3-482;E3-483;E3-484;E3-772;E3-775;E3-871;E3-872,medium-low,same_product_leader_presumed,true,true,stage6_competition::Samsung::华天科技::推定竞争,2026-07-08,2026-07-08,2026-07-08,,,,unknown,检索快照,2021-04-20;2021-12-15;2022-01-01;2023-05-17;2023-07-19;2023-11-04;2024-05-02;2024-05-15;2024-06-21;2024-09-20;2024-11-10;2026-05-06;2026-05-25;2026-05-29;2026-06-19;2026-06-21,2026-07-05;2026-07-06;2026-07-08,需要内部验证,推断关系,E3-450,A:4;B:4;B-:14,公开资料检索,2026-10-08,公开资料不足以证明内部客户或当前交易关系，需要内部销售/客户数据确认。
Samsung,通富微电,推定竞争,同环节同产品龙头推定竞争：先进封装服务,E3-450;E3-451;E3-452;E3-453;E3-455;E3-456;E3-457;E3-458;E3-459;E3-460;E3-461;E3-465;E3-475;E3-476;E3-480;E3-481;E3-482;E3-483;E3-484;E3-772;E3-775;E3-811;E3-910,medium-low,same_product_leader_presumed,true,true,stage6_competition::Samsung::通富微电::推定竞争,2026-07-08,2026-07-08,2026-07-08,,,,unknown,检索快照,2021-04-20;2021-12-15;2022-01-01;2023-03-27;2023-05-17;2023-07-19;2023-11-04;2024-05-02;2024-05-15;2024-06-21;2024-09-20;2024-11-10;2026-05-06;2026-05-25;2026-05-29;2026-06-19;2026-06-21,2026-07-05;2026-07-06;2026-07-08,需要内部验证,推断关系,E3-450,A:3;A-:1;B:4;B-:15,公开资料检索,2026-10-08,公开资料不足以证明内部客户或当前交易关系，需要内部销售/客户数据确认。
Samsung,长电科技,推定竞争,同环节同产品龙头推定竞争：先进封装服务,E3-450;E3-451;E3-452;E3-453;E3-455;E3-456;E3-457;E3-458;E3-459;E3-460;E3-461;E3-465;E3-474;E3-475;E3-476;E3-477;E3-478;E3-479;E3-480;E3-481;E3-482;E3-483;E3-484;E3-485;E3-486;E3-489;E3-491;E3-493;E3-494;E3-772;E3-775;E3-869;E3-870,medium-low,same_product_leader_presumed,true,true,stage6_competition::Samsung::长电科技::推定竞争,2026-07-08,2026-07-08,2026-07-08,,,,unknown,检索快照,2021-04-20;2021-12-15;2022-01-01;2023-03-27;2023-05-17;2023-07-19;2023-10-16;2023-11-04;2024-05-02;2024-05-15;2024-06-21;2024-06-27;2024-08-26;2024-09-19;2024-09-20;2024-11-10;2026-05-06;2026-05-25;2026-05-29;2026-06-19;2026-06-21,2026-07-05;2026-07-06;2026-07-08,需要内部验证,推断关系,E3-450,A:2;A-:3;B:4;B-:24,公开资料检索,2026-10-08,公开资料不足以证明内部客户或当前交易关系，需要内部销售/客户数据确认。
TSMC,华天科技,推定竞争,同环节同产品龙头推定竞争：先进封装服务,E3-121;E3-122;E3-124;E3-129;E3-130;E3-131;E3-133;E3-135;E3-136;E3-137;E3-138;E3-140;E3-450;E3-451;E3-452;E3-453;E3-455;E3-456;E3-457;E3-458;E3-459;E3-460;E3-461;E3-462;E3-463;E3-464;E3-465;E3-466;E3-467;E3-468;E3-470;E3-471;E3-475;E3-476;E3-480;E3-482;E3-483;E3-484;E3-855;E3-856;E3-871;E3-872,medium-low,same_product_leader_presumed,true,true,stage6_competition::TSMC::华天科技::推定竞争,2026-07-08,2026-07-08,2026-07-08,,,,unknown,检索快照,2021-04-20;2021-12-15;2022-01-01;2023-05-17;2023-07-19;2023-11-04;2024-05-02;2024-05-15;2024-06-21;2024-09-20;2024-11-10;2024-12-22;2026-02-04;2026-05-06;2026-05-25;2026-05-29;2026-06-19;2026-06-21,2026-07-05;2026-07-08,需要内部验证,推断关系,E3-121,A:4;A-:2;B:4;B-:32,公开资料检索,2026-10-08,公开资料不足以证明内部客户或当前交易关系，需要内部销售/客户数据确认。
TSMC,通富微电,推定竞争,同环节同产品龙头推定竞争：先进封装服务,E3-121;E3-122;E3-124;E3-129;E3-130;E3-131;E3-133;E3-135;E3-136;E3-137;E3-138;E3-140;E3-450;E3-451;E3-452;E3-453;E3-455;E3-456;E3-457;E3-458;E3-459;E3-460;E3-461;E3-462;E3-463;E3-464;E3-465;E3-466;E3-467;E3-468;E3-470;E3-471;E3-475;E3-476;E3-480;E3-481;E3-482;E3-483;E3-484;E3-811;E3-855;E3-856;E3-910,medium-low,same_product_leader_presumed,true,true,stage6_competition::TSMC::通富微电::推定竞争,2026-07-08,2026-07-08,2026-07-08,,,,unknown,检索快照,2021-04-20;2021-12-15;2022-01-01;2023-03-27;2023-05-17;2023-07-19;2023-11-04;2024-05-02;2024-05-15;2024-06-21;2024-09-20;2024-11-10;2024-12-22;2026-02-04;2026-05-06;2026-05-25;2026-05-29;2026-06-19;2026-06-21,2026-07-05;2026-07-06;2026-07-08,需要内部验证,推断关系,E3-121,A:3;A-:3;B:4;B-:33,公开资料检索,2026-10-08,公开资料不足以证明内部客户或当前交易关系，需要内部销售/客户数据确认。
TSMC,长电科技,推定竞争,同环节同产品龙头推定竞争：先进封装服务,E3-121;E3-122;E3-124;E3-129;E3-130;E3-131;E3-133;E3-135;E3-136;E3-137;E3-138;E3-140;E3-450;E3-451;E3-452;E3-453;E3-455;E3-456;E3-457;E3-458;E3-459;E3-460;E3-461;E3-462;E3-463;E3-464;E3-465;E3-466;E3-467;E3-468;E3-470;E3-471;E3-474;E3-475;E3-476;E3-477;E3-478;E3-479;E3-480;E3-481;E3-482;E3-483;E3-484;E3-485;E3-486;E3-489;E3-491;E3-493;E3-494;E3-855;E3-856;E3-869;E3-870,medium-low,same_product_leader_presumed,true,true,stage6_competition::TSMC::长电科技::推定竞争,2026-07-08,2026-07-08,2026-07-08,,,,unknown,检索快照,2021-04-20;2021-12-15;2022-01-01;2023-03-27;2023-05-17;2023-07-19;2023-10-16;2023-11-04;2024-05-02;2024-05-15;2024-06-21;2024-06-27;2024-08-26;2024-09-19;2024-09-20;2024-11-10;2024-12-22;2026-02-04;2026-05-06;2026-05-25;2026-05-29;2026-06-19;2026-06-21,2026-07-05;2026-07-08,需要内部验证,推断关系,E3-121,A:2;A-:5;B:4;B-:42,公开资料检索,2026-10-08,公开资料不足以证明内部客户或当前交易关系，需要内部销售/客户数据确认。
华天科技,通富微电,推定竞争,同环节同产品龙头推定竞争：先进封装服务,E3-450;E3-451;E3-452;E3-453;E3-455;E3-456;E3-457;E3-458;E3-459;E3-460;E3-461;E3-475;E3-476;E3-480;E3-481;E3-482;E3-483;E3-484;E3-811;E3-871;E3-872;E3-910,medium-low,same_product_leader_presumed,true,true,stage6_competition::华天科技::通富微电::推定竞争,2026-07-08,2026-07-08,2026-07-08,,,,unknown,检索快照,2021-04-20;2021-12-15;2022-01-01;2023-03-27;2023-05-17;2023-07-19;2023-11-04;2024-05-02;2024-05-15;2024-06-21;2024-09-20;2024-11-10;2026-05-06;2026-05-25;2026-05-29;2026-06-19;2026-06-21,2026-07-05;2026-07-06;2026-07-08,需要内部验证,推断关系,E3-450,A:3;A-:1;B:4;B-:14,公开资料检索,2026-10-08,公开资料不足以证明内部客户或当前交易关系，需要内部销售/客户数据确认。
华天科技,长电科技,推定竞争,同环节同产品龙头推定竞争：先进封装服务,E3-450;E3-451;E3-452;E3-453;E3-455;E3-456;E3-457;E3-458;E3-459;E3-460;E3-461;E3-474;E3-475;E3-476;E3-477;E3-478;E3-479;E3-480;E3-481;E3-482;E3-483;E3-484;E3-485;E3-486;E3-489;E3-491;E3-493;E3-494;E3-869;E3-870;E3-871;E3-872,medium-low,same_product_leader_presumed,true,true,stage6_competition::华天科技::长电科技::推定竞争,2026-07-08,2026-07-08,2026-07-08,,,,unknown,检索快照,2021-04-20;2021-12-15;2022-01-01;2023-03-27;2023-05-17;2023-07-19;2023-10-16;2023-11-04;2024-05-02;2024-05-15;2024-06-21;2024-06-27;2024-08-26;2024-09-19;2024-09-20;2024-11-10;2026-05-06;2026-05-25;2026-05-29;2026-06-19;2026-06-21,2026-07-05;2026-07-08,需要内部验证,推断关系,E3-450,A:2;A-:3;B:4;B-:23,公开资料检索,2026-10-08,公开资料不足以证明内部客户或当前交易关系，需要内部销售/客户数据确认。
通富微电,长电科技,推定竞争,同环节同产品龙头推定竞争：先进封装服务,E3-450;E3-451;E3-452;E3-453;E3-455;E3-456;E3-457;E3-458;E3-459;E3-460;E3-461;E3-474;E3-475;E3-476;E3-477;E3-478;E3-479;E3-480;E3-481;E3-482;E3-483;E3-484;E3-485;E3-486;E3-489;E3-491;E3-493;E3-494;E3-811;E3-869;E3-870;E3-910,medium-low,same_product_leader_presumed,true,true,stage6_competition::通富微电::长电科技::推定竞争,2026-07-08,2026-07-08,2026-07-08,,,,unknown,检索快照,2021-04-20;2021-12-15;2022-01-01;2023-03-27;2023-05-17;2023-07-19;2023-10-16;2023-11-04;2024-05-02;2024-05-15;2024-06-21;2024-06-27;2024-08-26;2024-09-19;2024-09-20;2024-11-10;2026-05-06;2026-05-25;2026-05-29;2026-06-19;2026-06-21,2026-07-05;2026-07-06;2026-07-08,需要内部验证,推断关系,E3-450,A:1;A-:4;B:4;B-:23,公开资料检索,2026-10-08,公开资料不足以证明内部客户或当前交易关系，需要内部销售/客户数据确认。
GlobalFoundries,Samsung,推定竞争,同环节同产品龙头推定竞争：成熟制程代工,E3-124;E3-130;E3-133;E3-135;E3-136;E3-137;E3-138;E3-153;E3-154;E3-155;E3-157;E3-158;E3-159;E3-160;E3-161;E3-162;E3-465;E3-499;E3-503;E3-504;E3-505;E3-506;E3-508;E3-509;E3-510;E3-511;E3-513;E3-514;E3-515;E3-516;E3-517;E3-518;E3-520;E3-521;E3-522;E3-523;E3-524;E3-525;E3-526;E3-527;E3-528;E3-531;E3-532;E3-533;E3-534;E3-541;E3-542;E3-543;E3-709;E3-722;E3-725;E3-772;E3-774;E3-775,medium-low,same_product_leader_presumed,true,true,stage6_competition::GlobalFoundries::Samsung::推定竞争,2026-07-08,2026-07-08,2026-07-06,,,,unknown,检索快照,2024-12-22;2026-02-01;2026-03-26;2026-04-03;2026-05-19;2026-05-20;2026-05-27;2026-05-29;2026-05-30;2026-06-03;2026-06-15,2026-07-05;2026-07-06,需要内部验证,推断关系,E3-124,A:3;A-:1;B:3;B-:47,公开资料检索,2026-10-08,公开资料不足以证明内部客户或当前交易关系，需要内部销售/客户数据确认。
GlobalFoundries,UMC,推定竞争,同环节同产品龙头推定竞争：成熟制程代工,E3-118;E3-120;E3-124;E3-127;E3-133;E3-137;E3-138;E3-773;E3-774,medium-low,same_product_leader_presumed,true,true,stage6_competition::GlobalFoundries::UMC::推定竞争,2026-07-08,2026-07-08,2026-07-06,,,,unknown,检索快照,2024-11-09;2024-12-22;2026-04-13,2026-07-05;2026-07-06,需要内部验证,推断关系,E3-118,A:2;B-:7,公开资料检索,2026-10-08,公开资料不足以证明内部客户或当前交易关系，需要内部销售/客户数据确认。
GlobalFoundries,中芯国际,推定竞争,同环节同产品龙头推定竞争：成熟制程代工,E3-117;E3-118;E3-119;E3-120;E3-121;E3-122;E3-123;E3-124;E3-126;E3-127;E3-128;E3-129;E3-133;E3-137;E3-138;E3-774;E3-885,medium-low,same_product_leader_presumed,true,true,stage6_competition::GlobalFoundries::中芯国际::推定竞争,2026-07-08,2026-07-08,2026-07-08,,,,unknown,检索快照,2023-02-10;2023-07-25;2023-08-10;2024-11-09;2024-12-22;2026-02-04;2026-04-13;2026-05-06;2026-06-17,2026-07-05;2026-07-06;2026-07-08,需要内部验证,推断关系,E3-117,A:2;B:1;B-:14,公开资料检索,2026-10-08,公开资料不足以证明内部客户或当前交易关系，需要内部销售/客户数据确认。
GlobalFoundries,华虹半导体,推定竞争,同环节同产品龙头推定竞争：成熟制程代工,E3-117;E3-118;E3-119;E3-120;E3-121;E3-122;E3-123;E3-124;E3-125;E3-127;E3-128;E3-133;E3-137;E3-138;E3-774;E3-794,medium-low,same_product_leader_presumed,true,true,stage6_competition::GlobalFoundries::华虹半导体::推定竞争,2026-07-08,2026-07-08,2026-07-06,,,,unknown,检索快照,2023-07-25;2023-08-10;2024-11-09;2024-12-22;2025-02-21;2026-02-04;2026-04-13;2026-05-06;2026-06-17,2026-07-05;2026-07-06,需要内部验证,推断关系,E3-117,A:2;B-:14,公开资料检索,2026-10-08,公开资料不足以证明内部客户或当前交易关系，需要内部销售/客户数据确认。
Samsung,UMC,推定竞争,同环节同产品龙头推定竞争：成熟制程代工,E3-118;E3-120;E3-124;E3-127;E3-130;E3-133;E3-135;E3-136;E3-137;E3-138;E3-153;E3-154;E3-155;E3-157;E3-158;E3-159;E3-160;E3-161;E3-162;E3-465;E3-499;E3-503;E3-504;E3-505;E3-506;E3-508;E3-509;E3-510;E3-511;E3-513;E3-514;E3-515;E3-516;E3-517;E3-518;E3-520;E3-521;E3-522;E3-523;E3-524;E3-525;E3-526;E3-527;E3-528;E3-531;E3-532;E3-533;E3-534;E3-541;E3-542;E3-543;E3-709;E3-722;E3-725;E3-772;E3-773;E3-775,medium-low,same_product_leader_presumed,true,true,stage6_competition::Samsung::UMC::推定竞争,2026-07-08,2026-07-08,2026-07-06,,,,unknown,检索快照,2024-11-09;2024-12-22;2026-02-01;2026-03-26;2026-04-03;2026-04-13;2026-05-19;2026-05-20;2026-05-27;2026-05-29;2026-05-30;2026-06-03;2026-06-15,2026-07-05;2026-07-06,需要内部验证,推断关系,E3-118,A:3;A-:1;B:3;B-:50,公开资料检索,2026-10-08,公开资料不足以证明内部客户或当前交易关系，需要内部销售/客户数据确认。
Samsung,中芯国际,推定竞争,同环节同产品龙头推定竞争：成熟制程代工,E3-117;E3-118;E3-119;E3-120;E3-121;E3-122;E3-123;E3-124;E3-126;E3-127;E3-128;E3-129;E3-130;E3-133;E3-135;E3-136;E3-137;E3-138;E3-153;E3-154;E3-155;E3-157;E3-158;E3-159;E3-160;E3-161;E3-162;E3-465;E3-499;E3-503;E3-504;E3-505;E3-506;E3-508;E3-509;E3-510;E3-511;E3-513;E3-514;E3-515;E3-516;E3-517;E3-518;E3-520;E3-521;E3-522;E3-523;E3-524;E3-525;E3-526;E3-527;E3-528;E3-531;E3-532;E3-533;E3-534;E3-541;E3-542;E3-543;E3-709;E3-722;E3-725;E3-772;E3-775;E3-885,medium-low,same_product_leader_presumed,true,true,stage6_competition::Samsung::中芯国际::推定竞争,2026-07-08,2026-07-08,2026-07-08,,,,unknown,检索快照,2023-02-10;2023-07-25;2023-08-10;2024-11-09;2024-12-22;2026-02-01;2026-02-04;2026-03-26;2026-04-03;2026-04-13;2026-05-06;2026-05-19;2026-05-20;2026-05-27;2026-05-29;2026-05-30;2026-06-03;2026-06-15;2026-06-17,2026-07-05;2026-07-06;2026-07-08,需要内部验证,推断关系,E3-117,A:3;A-:1;B:4;B-:57,公开资料检索,2026-10-08,公开资料不足以证明内部客户或当前交易关系，需要内部销售/客户数据确认。
Samsung,华虹半导体,推定竞争,同环节同产品龙头推定竞争：成熟制程代工,E3-117;E3-118;E3-119;E3-120;E3-121;E3-122;E3-123;E3-124;E3-125;E3-127;E3-128;E3-130;E3-133;E3-135;E3-136;E3-137;E3-138;E3-153;E3-154;E3-155;E3-157;E3-158;E3-159;E3-160;E3-161;E3-162;E3-465;E3-499;E3-503;E3-504;E3-505;E3-506;E3-508;E3-509;E3-510;E3-511;E3-513;E3-514;E3-515;E3-516;E3-517;E3-518;E3-520;E3-521;E3-522;E3-523;E3-524;E3-525;E3-526;E3-527;E3-528;E3-531;E3-532;E3-533;E3-534;E3-541;E3-542;E3-543;E3-709;E3-722;E3-725;E3-772;E3-775;E3-794,medium-low,same_product_leader_presumed,true,true,stage6_competition::Samsung::华虹半导体::推定竞争,2026-07-08,2026-07-08,2026-07-06,,,,unknown,检索快照,2023-07-25;2023-08-10;2024-11-09;2024-12-22;2025-02-21;2026-02-01;2026-02-04;2026-03-26;2026-04-03;2026-04-13;2026-05-06;2026-05-19;2026-05-20;2026-05-27;2026-05-29;2026-05-30;2026-06-03;2026-06-15;2026-06-17,2026-07-05;2026-07-06,需要内部验证,推断关系,E3-117,A:3;A-:1;B:3;B-:57,公开资料检索,2026-10-08,公开资料不足以证明内部客户或当前交易关系，需要内部销售/客户数据确认。
UMC,中芯国际,推定竞争,同环节同产品龙头推定竞争：成熟制程代工,E3-117;E3-118;E3-119;E3-120;E3-121;E3-122;E3-123;E3-124;E3-126;E3-127;E3-128;E3-129;E3-133;E3-137;E3-773;E3-885,medium-low,same_product_leader_presumed,true,true,stage6_competition::UMC::中芯国际::推定竞争,2026-07-08,2026-07-08,2026-07-08,,,,unknown,检索快照,2023-02-10;2023-07-25;2023-08-10;2024-11-09;2024-12-22;2026-02-04;2026-04-13;2026-05-06;2026-06-17,2026-07-05;2026-07-06;2026-07-08,需要内部验证,推断关系,E3-117,A:2;B:1;B-:13,公开资料检索,2026-10-08,公开资料不足以证明内部客户或当前交易关系，需要内部销售/客户数据确认。
UMC,华虹半导体,推定竞争,同环节同产品龙头推定竞争：成熟制程代工,E3-117;E3-118;E3-119;E3-120;E3-121;E3-122;E3-123;E3-124;E3-125;E3-127;E3-128;E3-133;E3-137;E3-138;E3-773;E3-794,medium-low,same_product_leader_presumed,true,true,stage6_competition::UMC::华虹半导体::推定竞争,2026-07-08,2026-07-08,2026-07-06,,,,unknown,检索快照,2023-07-25;2023-08-10;2024-11-09;2024-12-22;2025-02-21;2026-02-04;2026-04-13;2026-05-06;2026-06-17,2026-07-05;2026-07-06,需要内部验证,推断关系,E3-117,A:2;B-:14,公开资料检索,2026-10-08,公开资料不足以证明内部客户或当前交易关系，需要内部销售/客户数据确认。
中芯国际,华虹半导体,推定竞争,同环节同产品龙头推定竞争：成熟制程代工,E3-117;E3-118;E3-119;E3-120;E3-121;E3-122;E3-123;E3-124;E3-125;E3-126;E3-127;E3-128;E3-129;E3-133;E3-137;E3-138;E3-794;E3-885,medium-low,same_product_leader_presumed,true,true,stage6_competition::中芯国际::华虹半导体::推定竞争,2026-07-08,2026-07-08,2026-07-08,,,,unknown,检索快照,2023-02-10;2023-07-25;2023-08-10;2024-11-09;2024-12-22;2025-02-21;2026-02-04;2026-04-13;2026-05-06;2026-06-17,2026-07-05;2026-07-06;2026-07-08,需要内部验证,推断关系,E3-117,A:2;B:1;B-:15,公开资料检索,2026-10-08,公开资料不足以证明内部客户或当前交易关系，需要内部销售/客户数据确认。
Infineon,Intel,推定竞争,同环节同产品龙头推定竞争：功率/模拟IDM器件,E3-141;E3-142;E3-143;E3-153;E3-155;E3-156;E3-158;E3-159;E3-160;E3-162;E3-771;E3-778,medium-low,same_product_leader_presumed,true,true,stage6_competition::Infineon::Intel::推定竞争,2026-07-08,2026-07-08,2026-07-06,,,,unknown,检索快照,2026-05-27,2026-07-05;2026-07-06,需要内部验证,推断关系,E3-141,A:2;B-:10,公开资料检索,2026-10-08,公开资料不足以证明内部客户或当前交易关系，需要内部销售/客户数据确认。
Infineon,Samsung,推定竞争,同环节同产品龙头推定竞争：功率/模拟IDM器件,E3-141;E3-142;E3-143;E3-153;E3-154;E3-155;E3-156;E3-157;E3-158;E3-159;E3-160;E3-161;E3-162;E3-772;E3-775;E3-778,medium-low,same_product_leader_presumed,true,true,stage6_competition::Infineon::Samsung::推定竞争,2026-07-08,2026-07-08,2026-07-06,,,,unknown,检索快照,2026-05-27,2026-07-05;2026-07-06,需要内部验证,推断关系,E3-141,A:3;B-:13,公开资料检索,2026-10-08,公开资料不足以证明内部客户或当前交易关系，需要内部销售/客户数据确认。
Infineon,Texas Instruments,推定竞争,同环节同产品龙头推定竞争：功率/模拟IDM器件,E3-141;E3-142;E3-143;E3-153;E3-155;E3-156;E3-160;E3-162;E3-778;E3-793,medium-low,same_product_leader_presumed,true,true,stage6_competition::Infineon::Texas Instruments::推定竞争,2026-07-08,2026-07-08,2026-07-06,,,,unknown,检索快照,2026-05-27,2026-07-05;2026-07-06,需要内部验证,推断关系,E3-141,A:2;B-:8,公开资料检索,2026-10-08,公开资料不足以证明内部客户或当前交易关系，需要内部销售/客户数据确认。
Infineon,华润微,推定竞争,同环节同产品龙头推定竞争：功率/模拟IDM器件,E3-141;E3-142;E3-143;E3-144;E3-146;E3-147;E3-149;E3-150;E3-151;E3-152;E3-156;E3-162;E3-570;E3-573;E3-579;E3-778;E3-860;E3-861,medium-low,same_product_leader_presumed,true,true,stage6_competition::Infineon::华润微::推定竞争,2026-07-08,2026-07-08,2026-07-08,,,,unknown,检索快照,2021-03-12;2021-04-08;2021-04-20;2024-03-02;2024-11-13;2026-02-13;2026-03-02;2026-05-10;2026-05-27;2026-06-06;2026-06-29,2026-07-05;2026-07-06;2026-07-08,需要内部验证,推断关系,E3-141,A:3;B:2;B-:13,公开资料检索,2026-10-08,公开资料不足以证明内部客户或当前交易关系，需要内部销售/客户数据确认。
Infineon,士兰微,推定竞争,同环节同产品龙头推定竞争：功率/模拟IDM器件,E3-141;E3-142;E3-143;E3-144;E3-147;E3-148;E3-151;E3-152;E3-156;E3-162;E3-568;E3-569;E3-570;E3-571;E3-572;E3-573;E3-574;E3-575;E3-576;E3-577;E3-579;E3-616;E3-617;E3-618;E3-619;E3-620;E3-622;E3-623;E3-624;E3-625;E3-778;E3-862;E3-863;E3-864,medium-low,same_product_leader_presumed,true,true,stage6_competition::Infineon::士兰微::推定竞争,2026-07-08,2026-07-08,2026-07-08,,,,unknown,检索快照,2021-04-08;2021-11-05;2022-03-26;2024-03-02;2024-04-10;2024-11-07;2024-11-13;2026-03-02;2026-05-10;2026-05-27;2026-06-06;2026-06-17;2026-06-28;2026-06-29,2026-07-05;2026-07-06;2026-07-08,需要内部验证,推断关系,E3-141,A:4;B:6;B-:24,公开资料检索,2026-10-08,公开资料不足以证明内部客户或当前交易关系，需要内部销售/客户数据确认。
Infineon,闻泰科技,推定竞争,同环节同产品龙头推定竞争：功率/模拟IDM器件,E3-141;E3-142;E3-143;E3-144;E3-147;E3-151;E3-156;E3-162;E3-623;E3-624;E3-778;E3-865;E3-866,medium-low,same_product_leader_presumed,true,true,stage6_competition::Infineon::闻泰科技::推定竞争,2026-07-08,2026-07-08,2026-07-08,,,,unknown,检索快照,2021-11-05;2024-03-02;2024-11-07;2024-11-13;2026-05-10;2026-05-27,2026-07-05;2026-07-06;2026-07-08,需要内部验证,推断关系,E3-141,A:3;B:2;B-:8,公开资料检索,2026-10-08,公开资料不足以证明内部客户或当前交易关系，需要内部销售/客户数据确认。
Intel,Texas Instruments,推定竞争,同环节同产品龙头推定竞争：功率/模拟IDM器件,E3-153;E3-155;E3-158;E3-159;E3-160;E3-771;E3-793,medium-low,same_product_leader_presumed,true,true,stage6_competition::Intel::Texas Instruments::推定竞争,2026-07-08,2026-07-08,2026-07-06,,,,unknown,检索快照,,2026-07-05;2026-07-06,需要内部验证,推断关系,E3-153,A:2;B-:5,公开资料检索,2026-10-08,公开资料不足以证明内部客户或当前交易关系，需要内部销售/客户数据确认。
Intel,华润微,推定竞争,同环节同产品龙头推定竞争：功率/模拟IDM器件,E3-144;E3-146;E3-147;E3-149;E3-150;E3-151;E3-152;E3-153;E3-155;E3-158;E3-159;E3-160;E3-570;E3-573;E3-579;E3-771;E3-860;E3-861,medium-low,same_product_leader_presumed,true,true,stage6_competition::Intel::华润微::推定竞争,2026-07-08,2026-07-08,2026-07-08,,,,unknown,检索快照,2021-03-12;2021-04-08;2021-04-20;2024-03-02;2024-11-13;2026-02-13;2026-03-02;2026-05-10;2026-06-06;2026-06-29,2026-07-05;2026-07-06;2026-07-08,需要内部验证,推断关系,E3-144,A:3;B:2;B-:13,公开资料检索,2026-10-08,公开资料不足以证明内部客户或当前交易关系，需要内部销售/客户数据确认。
Intel,士兰微,推定竞争,同环节同产品龙头推定竞争：功率/模拟IDM器件,E3-141;E3-142;E3-143;E3-144;E3-147;E3-148;E3-151;E3-152;E3-153;E3-155;E3-158;E3-159;E3-160;E3-568;E3-569;E3-570;E3-571;E3-572;E3-573;E3-574;E3-575;E3-576;E3-577;E3-579;E3-616;E3-617;E3-618;E3-619;E3-620;E3-622;E3-623;E3-624;E3-625;E3-771;E3-862;E3-863;E3-864,medium-low,same_product_leader_presumed,true,true,stage6_competition::Intel::士兰微::推定竞争,2026-07-08,2026-07-08,2026-07-08,,,,unknown,检索快照,2021-04-08;2021-11-05;2022-03-26;2024-03-02;2024-04-10;2024-11-07;2024-11-13;2026-03-02;2026-05-10;2026-05-27;2026-06-06;2026-06-17;2026-06-28;2026-06-29,2026-07-05;2026-07-06;2026-07-08,需要内部验证,推断关系,E3-141,A:4;B:6;B-:27,公开资料检索,2026-10-08,公开资料不足以证明内部客户或当前交易关系，需要内部销售/客户数据确认。
Intel,闻泰科技,推定竞争,同环节同产品龙头推定竞争：功率/模拟IDM器件,E3-144;E3-147;E3-151;E3-153;E3-155;E3-158;E3-159;E3-160;E3-623;E3-624;E3-771;E3-865;E3-866,medium-low,same_product_leader_presumed,true,true,stage6_competition::Intel::闻泰科技::推定竞争,2026-07-08,2026-07-08,2026-07-08,,,,unknown,检索快照,2021-11-05;2024-03-02;2024-11-07;2024-11-13;2026-05-10,2026-07-05;2026-07-06;2026-07-08,需要内部验证,推断关系,E3-144,A:3;B:2;B-:8,公开资料检索,2026-10-08,公开资料不足以证明内部客户或当前交易关系，需要内部销售/客户数据确认。
Samsung,Texas Instruments,推定竞争,同环节同产品龙头推定竞争：功率/模拟IDM器件,E3-153;E3-154;E3-155;E3-157;E3-158;E3-159;E3-160;E3-161;E3-162;E3-772;E3-775;E3-793,medium-low,same_product_leader_presumed,true,true,stage6_competition::Samsung::Texas Instruments::推定竞争,2026-07-08,2026-07-08,2026-07-06,,,,unknown,检索快照,,2026-07-05;2026-07-06,需要内部验证,推断关系,E3-153,A:3;B-:9,公开资料检索,2026-10-08,公开资料不足以证明内部客户或当前交易关系，需要内部销售/客户数据确认。
Samsung,华润微,推定竞争,同环节同产品龙头推定竞争：功率/模拟IDM器件,E3-144;E3-146;E3-147;E3-149;E3-150;E3-151;E3-152;E3-153;E3-154;E3-155;E3-157;E3-158;E3-159;E3-160;E3-161;E3-162;E3-570;E3-573;E3-579;E3-772;E3-775;E3-860;E3-861,medium-low,same_product_leader_presumed,true,true,stage6_competition::Samsung::华润微::推定竞争,2026-07-08,2026-07-08,2026-07-08,,,,unknown,检索快照,2021-03-12;2021-04-08;2021-04-20;2024-03-02;2024-11-13;2026-02-13;2026-03-02;2026-05-10;2026-06-06;2026-06-29,2026-07-05;2026-07-06;2026-07-08,需要内部验证,推断关系,E3-144,A:4;B:2;B-:17,公开资料检索,2026-10-08,公开资料不足以证明内部客户或当前交易关系，需要内部销售/客户数据确认。
Samsung,士兰微,推定竞争,同环节同产品龙头推定竞争：功率/模拟IDM器件,E3-141;E3-142;E3-143;E3-144;E3-147;E3-148;E3-151;E3-152;E3-153;E3-154;E3-155;E3-157;E3-158;E3-159;E3-160;E3-161;E3-162;E3-568;E3-569;E3-570;E3-571;E3-572;E3-573;E3-574;E3-575;E3-576;E3-577;E3-579;E3-616;E3-617;E3-618;E3-619;E3-620;E3-622;E3-623;E3-624;E3-625;E3-772;E3-775;E3-862;E3-863;E3-864,medium-low,same_product_leader_presumed,true,true,stage6_competition::Samsung::士兰微::推定竞争,2026-07-08,2026-07-08,2026-07-08,,,,unknown,检索快照,2021-04-08;2021-11-05;2022-03-26;2024-03-02;2024-04-10;2024-11-07;2024-11-13;2026-03-02;2026-05-10;2026-05-27;2026-06-06;2026-06-17;2026-06-28;2026-06-29,2026-07-05;2026-07-06;2026-07-08,需要内部验证,推断关系,E3-141,A:5;B:6;B-:31,公开资料检索,2026-10-08,公开资料不足以证明内部客户或当前交易关系，需要内部销售/客户数据确认。
Samsung,闻泰科技,推定竞争,同环节同产品龙头推定竞争：功率/模拟IDM器件,E3-144;E3-147;E3-151;E3-153;E3-154;E3-155;E3-157;E3-158;E3-159;E3-160;E3-161;E3-162;E3-623;E3-624;E3-772;E3-775;E3-865;E3-866,medium-low,same_product_leader_presumed,true,true,stage6_competition::Samsung::闻泰科技::推定竞争,2026-07-08,2026-07-08,2026-07-08,,,,unknown,检索快照,2021-11-05;2024-03-02;2024-11-07;2024-11-13;2026-05-10,2026-07-05;2026-07-06;2026-07-08,需要内部验证,推断关系,E3-144,A:4;B:2;B-:12,公开资料检索,2026-10-08,公开资料不足以证明内部客户或当前交易关系，需要内部销售/客户数据确认。
Texas Instruments,华润微,推定竞争,同环节同产品龙头推定竞争：功率/模拟IDM器件,E3-144;E3-146;E3-147;E3-149;E3-150;E3-151;E3-152;E3-153;E3-155;E3-160;E3-570;E3-573;E3-579;E3-793;E3-860;E3-861,medium-low,same_product_leader_presumed,true,true,stage6_competition::Texas Instruments::华润微::推定竞争,2026-07-08,2026-07-08,2026-07-08,,,,unknown,检索快照,2021-03-12;2021-04-08;2021-04-20;2024-03-02;2024-11-13;2026-02-13;2026-03-02;2026-05-10;2026-06-06;2026-06-29,2026-07-05;2026-07-06;2026-07-08,需要内部验证,推断关系,E3-144,A:3;B:2;B-:11,公开资料检索,2026-10-08,公开资料不足以证明内部客户或当前交易关系，需要内部销售/客户数据确认。
Texas Instruments,士兰微,推定竞争,同环节同产品龙头推定竞争：功率/模拟IDM器件,E3-141;E3-142;E3-143;E3-144;E3-147;E3-148;E3-151;E3-152;E3-153;E3-155;E3-160;E3-568;E3-569;E3-570;E3-571;E3-572;E3-573;E3-574;E3-575;E3-576;E3-577;E3-579;E3-616;E3-617;E3-618;E3-619;E3-620;E3-622;E3-623;E3-624;E3-625;E3-793;E3-862;E3-863;E3-864,medium-low,same_product_leader_presumed,true,true,stage6_competition::Texas Instruments::士兰微::推定竞争,2026-07-08,2026-07-08,2026-07-08,,,,unknown,检索快照,2021-04-08;2021-11-05;2022-03-26;2024-03-02;2024-04-10;2024-11-07;2024-11-13;2026-03-02;2026-05-10;2026-05-27;2026-06-06;2026-06-17;2026-06-28;2026-06-29,2026-07-05;2026-07-06;2026-07-08,需要内部验证,推断关系,E3-141,A:4;B:6;B-:25,公开资料检索,2026-10-08,公开资料不足以证明内部客户或当前交易关系，需要内部销售/客户数据确认。
Texas Instruments,闻泰科技,推定竞争,同环节同产品龙头推定竞争：功率/模拟IDM器件,E3-144;E3-147;E3-151;E3-153;E3-155;E3-160;E3-623;E3-624;E3-793;E3-865;E3-866,medium-low,same_product_leader_presumed,true,true,stage6_competition::Texas Instruments::闻泰科技::推定竞争,2026-07-08,2026-07-08,2026-07-08,,,,unknown,检索快照,2021-11-05;2024-03-02;2024-11-07;2024-11-13;2026-05-10,2026-07-05;2026-07-06;2026-07-08,需要内部验证,推断关系,E3-144,A:3;B:2;B-:6,公开资料检索,2026-10-08,公开资料不足以证明内部客户或当前交易关系，需要内部销售/客户数据确认。
华润微,士兰微,推定竞争,同环节同产品龙头推定竞争：功率/模拟IDM器件,E3-141;E3-142;E3-143;E3-144;E3-146;E3-147;E3-148;E3-149;E3-150;E3-151;E3-152;E3-568;E3-569;E3-570;E3-571;E3-572;E3-573;E3-574;E3-575;E3-576;E3-577;E3-579;E3-616;E3-617;E3-618;E3-619;E3-620;E3-622;E3-623;E3-624;E3-625;E3-860;E3-861;E3-862;E3-863;E3-864,medium-low,same_product_leader_presumed,true,true,stage6_competition::华润微::士兰微::推定竞争,2026-07-08,2026-07-08,2026-07-08,,,,unknown,检索快照,2021-03-12;2021-04-08;2021-04-20;2021-11-05;2022-03-26;2024-03-02;2024-04-10;2024-11-07;2024-11-13;2026-02-13;2026-03-02;2026-05-10;2026-05-27;2026-06-06;2026-06-17;2026-06-28;2026-06-29,2026-07-05;2026-07-08,需要内部验证,推断关系,E3-141,A:5;B:6;B-:25,公开资料检索,2026-10-08,公开资料不足以证明内部客户或当前交易关系，需要内部销售/客户数据确认。
华润微,闻泰科技,推定竞争,同环节同产品龙头推定竞争：功率/模拟IDM器件,E3-144;E3-146;E3-147;E3-149;E3-150;E3-151;E3-152;E3-570;E3-573;E3-579;E3-623;E3-624;E3-860;E3-861;E3-865;E3-866,medium-low,same_product_leader_presumed,true,true,stage6_competition::华润微::闻泰科技::推定竞争,2026-07-08,2026-07-08,2026-07-08,,,,unknown,检索快照,2021-03-12;2021-04-08;2021-04-20;2021-11-05;2024-03-02;2024-11-07;2024-11-13;2026-02-13;2026-03-02;2026-05-10;2026-06-06;2026-06-29,2026-07-05;2026-07-08,需要内部验证,推断关系,E3-144,A:4;B:3;B-:9,公开资料检索,2026-10-08,公开资料不足以证明内部客户或当前交易关系，需要内部销售/客户数据确认。
士兰微,闻泰科技,推定竞争,同环节同产品龙头推定竞争：功率/模拟IDM器件,E3-141;E3-142;E3-143;E3-144;E3-147;E3-148;E3-151;E3-152;E3-568;E3-569;E3-570;E3-571;E3-572;E3-573;E3-574;E3-575;E3-576;E3-577;E3-579;E3-616;E3-617;E3-618;E3-619;E3-620;E3-622;E3-623;E3-624;E3-625;E3-862;E3-863;E3-864;E3-865;E3-866,medium-low,same_product_leader_presumed,true,true,stage6_competition::士兰微::闻泰科技::推定竞争,2026-07-08,2026-07-08,2026-07-08,,,,unknown,检索快照,2021-04-08;2021-11-05;2022-03-26;2024-03-02;2024-04-10;2024-11-07;2024-11-13;2026-03-02;2026-05-10;2026-05-27;2026-06-06;2026-06-17;2026-06-28;2026-06-29,2026-07-05;2026-07-08,需要内部验证,推断关系,E3-141,A:5;B:6;B-:22,公开资料检索,2026-10-08,公开资料不足以证明内部客户或当前交易关系，需要内部销售/客户数据确认。
Infineon,ROHM,推定竞争,同环节同产品龙头推定竞争：IGBT器件/模块,E3-141;E3-142;E3-143;E3-156;E3-162;E3-568;E3-571;E3-572;E3-574;E3-576;E3-577;E3-580;E3-583;E3-584;E3-585;E3-587;E3-591;E3-616;E3-618;E3-619;E3-620;E3-622;E3-627;E3-628;E3-629;E3-630;E3-634;E3-635;E3-636;E3-637;E3-639;E3-652;E3-656;E3-661;E3-778;E3-820,medium-low,same_product_leader_presumed,true,true,stage6_competition::Infineon::ROHM::推定竞争,2026-07-08,2026-07-08,2026-07-06,,,,unknown,检索快照,2024-12-07;2026-05-27;2026-06-28,2026-07-05;2026-07-06,需要内部验证,推断关系,E3-141,A:2;B-:34,公开资料检索,2026-10-08,公开资料不足以证明内部客户或当前交易关系，需要内部销售/客户数据确认。
Infineon,STMicroelectronics,推定竞争,同环节同产品龙头推定竞争：IGBT器件/模块,E3-141;E3-142;E3-143;E3-156;E3-162;E3-568;E3-571;E3-572;E3-574;E3-576;E3-577;E3-580;E3-583;E3-584;E3-585;E3-587;E3-591;E3-616;E3-618;E3-619;E3-620;E3-622;E3-627;E3-628;E3-629;E3-630;E3-634;E3-635;E3-636;E3-637;E3-639;E3-652;E3-656;E3-661;E3-778;E3-780,medium-low,same_product_leader_presumed,true,true,stage6_competition::Infineon::STMicroelectronics::推定竞争,2026-07-08,2026-07-08,2026-07-06,,,,unknown,检索快照,2024-12-07;2026-05-27;2026-06-28,2026-07-05;2026-07-06,需要内部验证,推断关系,E3-141,A:2;B-:34,公开资料检索,2026-10-08,公开资料不足以证明内部客户或当前交易关系，需要内部销售/客户数据确认。
Infineon,斯达半导,推定竞争,同环节同产品龙头推定竞争：IGBT器件/模块,E3-141;E3-142;E3-143;E3-156;E3-162;E3-568;E3-569;E3-570;E3-571;E3-572;E3-574;E3-575;E3-576;E3-577;E3-579;E3-580;E3-583;E3-584;E3-585;E3-587;E3-591;E3-616;E3-617;E3-618;E3-619;E3-620;E3-622;E3-623;E3-624;E3-627;E3-628;E3-629;E3-630;E3-634;E3-635;E3-636;E3-637;E3-639;E3-652;E3-656;E3-661;E3-778;E3-867;E3-868,medium-low,same_product_leader_presumed,true,true,stage6_competition::Infineon::斯达半导::推定竞争,2026-07-08,2026-07-08,2026-07-08,,,,unknown,检索快照,2021-11-05;2024-11-07;2024-12-07;2026-05-27;2026-06-06;2026-06-17;2026-06-28;2026-06-29,2026-07-05;2026-07-06;2026-07-08,需要内部验证,推断关系,E3-141,A:3;B:4;B-:37,公开资料检索,2026-10-08,公开资料不足以证明内部客户或当前交易关系，需要内部销售/客户数据确认。
ROHM,STMicroelectronics,推定竞争,同环节同产品龙头推定竞争：IGBT器件/模块,E3-580;E3-583;E3-584;E3-587;E3-591;E3-620;E3-627;E3-628;E3-630;E3-634;E3-635;E3-636;E3-637;E3-639;E3-780;E3-820,medium-low,same_product_leader_presumed,true,true,stage6_competition::ROHM::STMicroelectronics::推定竞争,2026-07-08,2026-07-08,2026-07-06,,,,unknown,检索快照,2024-12-07;2026-06-28,2026-07-05;2026-07-06,需要内部验证,推断关系,E3-580,A:2;B-:14,公开资料检索,2026-10-08,公开资料不足以证明内部客户或当前交易关系，需要内部销售/客户数据确认。
ROHM,华润微,推定竞争,同环节同产品龙头推定竞争：IGBT器件/模块,E3-144;E3-146;E3-147;E3-149;E3-150;E3-151;E3-152;E3-570;E3-573;E3-579;E3-583;E3-627;E3-628;E3-630;E3-634;E3-636;E3-637;E3-820;E3-860;E3-861,medium-low,same_product_leader_presumed,true,true,stage6_competition::ROHM::华润微::推定竞争,2026-07-08,2026-07-08,2026-07-08,,,,unknown,检索快照,2021-03-12;2021-04-08;2021-04-20;2024-03-02;2024-11-13;2024-12-07;2026-02-13;2026-03-02;2026-05-10;2026-06-06;2026-06-29,2026-07-05;2026-07-06;2026-07-08,需要内部验证,推断关系,E3-144,A:3;B:2;B-:15,公开资料检索,2026-10-08,公开资料不足以证明内部客户或当前交易关系，需要内部销售/客户数据确认。
ROHM,士兰微,推定竞争,同环节同产品龙头推定竞争：IGBT器件/模块,E3-141;E3-142;E3-143;E3-144;E3-147;E3-148;E3-151;E3-152;E3-568;E3-569;E3-570;E3-571;E3-572;E3-573;E3-574;E3-575;E3-576;E3-577;E3-579;E3-583;E3-616;E3-617;E3-618;E3-619;E3-620;E3-622;E3-623;E3-624;E3-625;E3-627;E3-628;E3-630;E3-634;E3-636;E3-637;E3-820;E3-862;E3-863;E3-864,medium-low,same_product_leader_presumed,true,true,stage6_competition::ROHM::士兰微::推定竞争,2026-07-08,2026-07-08,2026-07-08,,,,unknown,检索快照,2021-04-08;2021-11-05;2022-03-26;2024-03-02;2024-04-10;2024-11-07;2024-11-13;2024-12-07;2026-03-02;2026-05-10;2026-05-27;2026-06-06;2026-06-17;2026-06-28;2026-06-29,2026-07-05;2026-07-06;2026-07-08,需要内部验证,推断关系,E3-141,A:4;B:6;B-:29,公开资料检索,2026-10-08,公开资料不足以证明内部客户或当前交易关系，需要内部销售/客户数据确认。
ROHM,斯达半导,推定竞争,同环节同产品龙头推定竞争：IGBT器件/模块,E3-569;E3-570;E3-575;E3-579;E3-583;E3-617;E3-620;E3-623;E3-624;E3-627;E3-628;E3-630;E3-634;E3-636;E3-637;E3-820;E3-867;E3-868,medium-low,same_product_leader_presumed,true,true,stage6_competition::ROHM::斯达半导::推定竞争,2026-07-08,2026-07-08,2026-07-08,,,,unknown,检索快照,2021-11-05;2024-11-07;2024-12-07;2026-06-06;2026-06-17;2026-06-28;2026-06-29,2026-07-05;2026-07-06;2026-07-08,需要内部验证,推断关系,E3-569,A:3;B:4;B-:11,公开资料检索,2026-10-08,公开资料不足以证明内部客户或当前交易关系，需要内部销售/客户数据确认。
STMicroelectronics,华润微,推定竞争,同环节同产品龙头推定竞争：IGBT器件/模块,E3-144;E3-146;E3-147;E3-149;E3-150;E3-151;E3-152;E3-570;E3-573;E3-579;E3-580;E3-584;E3-587;E3-591;E3-620;E3-628;E3-630;E3-634;E3-635;E3-636;E3-637;E3-639;E3-780;E3-860;E3-861,medium-low,same_product_leader_presumed,true,true,stage6_competition::STMicroelectronics::华润微::推定竞争,2026-07-08,2026-07-08,2026-07-08,,,,unknown,检索快照,2021-03-12;2021-04-08;2021-04-20;2024-03-02;2024-11-13;2026-02-13;2026-03-02;2026-05-10;2026-06-06;2026-06-28;2026-06-29,2026-07-05;2026-07-06;2026-07-08,需要内部验证,推断关系,E3-144,A:3;B:2;B-:20,公开资料检索,2026-10-08,公开资料不足以证明内部客户或当前交易关系，需要内部销售/客户数据确认。
STMicroelectronics,士兰微,推定竞争,同环节同产品龙头推定竞争：IGBT器件/模块,E3-141;E3-142;E3-143;E3-144;E3-147;E3-148;E3-151;E3-152;E3-568;E3-569;E3-570;E3-571;E3-572;E3-573;E3-574;E3-575;E3-576;E3-577;E3-579;E3-580;E3-584;E3-587;E3-591;E3-616;E3-617;E3-618;E3-619;E3-620;E3-622;E3-623;E3-624;E3-625;E3-628;E3-630;E3-634;E3-635;E3-636;E3-637;E3-639;E3-780;E3-862;E3-863;E3-864,medium-low,same_product_leader_presumed,true,true,stage6_competition::STMicroelectronics::士兰微::推定竞争,2026-07-08,2026-07-08,2026-07-08,,,,unknown,检索快照,2021-04-08;2021-11-05;2022-03-26;2024-03-02;2024-04-10;2024-11-07;2024-11-13;2026-03-02;2026-05-10;2026-05-27;2026-06-06;2026-06-17;2026-06-28;2026-06-29,2026-07-05;2026-07-06;2026-07-08,需要内部验证,推断关系,E3-141,A:4;B:6;B-:33,公开资料检索,2026-10-08,公开资料不足以证明内部客户或当前交易关系，需要内部销售/客户数据确认。
STMicroelectronics,斯达半导,推定竞争,同环节同产品龙头推定竞争：IGBT器件/模块,E3-569;E3-570;E3-575;E3-579;E3-580;E3-584;E3-587;E3-591;E3-617;E3-620;E3-623;E3-624;E3-628;E3-630;E3-634;E3-635;E3-636;E3-637;E3-639;E3-780;E3-867;E3-868,medium-low,same_product_leader_presumed,true,true,stage6_competition::STMicroelectronics::斯达半导::推定竞争,2026-07-08,2026-07-08,2026-07-08,,,,unknown,检索快照,2021-11-05;2024-11-07;2026-06-06;2026-06-17;2026-06-28;2026-06-29,2026-07-05;2026-07-06;2026-07-08,需要内部验证,推断关系,E3-569,A:3;B:4;B-:15,公开资料检索,2026-10-08,公开资料不足以证明内部客户或当前交易关系，需要内部销售/客户数据确认。
华润微,斯达半导,推定竞争,同环节同产品龙头推定竞争：IGBT器件/模块,E3-144;E3-146;E3-147;E3-149;E3-150;E3-151;E3-152;E3-569;E3-570;E3-573;E3-575;E3-579;E3-617;E3-620;E3-623;E3-624;E3-634;E3-860;E3-861;E3-867;E3-868,medium-low,same_product_leader_presumed,true,true,stage6_competition::华润微::斯达半导::推定竞争,2026-07-08,2026-07-08,2026-07-08,,,,unknown,检索快照,2021-03-12;2021-04-08;2021-04-20;2021-11-05;2024-03-02;2024-11-07;2024-11-13;2026-02-13;2026-03-02;2026-05-10;2026-06-06;2026-06-17;2026-06-28;2026-06-29,2026-07-05;2026-07-08,需要内部验证,推断关系,E3-144,A:4;B:6;B-:11,公开资料检索,2026-10-08,公开资料不足以证明内部客户或当前交易关系，需要内部销售/客户数据确认。
士兰微,斯达半导,推定竞争,同环节同产品龙头推定竞争：IGBT器件/模块,E3-141;E3-142;E3-143;E3-144;E3-147;E3-148;E3-151;E3-152;E3-568;E3-569;E3-570;E3-571;E3-572;E3-573;E3-574;E3-575;E3-576;E3-577;E3-579;E3-616;E3-617;E3-618;E3-619;E3-620;E3-622;E3-623;E3-624;E3-625;E3-634;E3-862;E3-863;E3-864;E3-867;E3-868,medium-low,same_product_leader_presumed,true,true,stage6_competition::士兰微::斯达半导::推定竞争,2026-07-08,2026-07-08,2026-07-08,,,,unknown,检索快照,2021-04-08;2021-11-05;2022-03-26;2024-03-02;2024-04-10;2024-11-07;2024-11-13;2026-03-02;2026-05-10;2026-05-27;2026-06-06;2026-06-17;2026-06-28;2026-06-29,2026-07-05;2026-07-08,需要内部验证,推断关系,E3-141,A:5;B:6;B-:23,公开资料检索,2026-10-08,公开资料不足以证明内部客户或当前交易关系，需要内部销售/客户数据确认。
Infineon,Wolfspeed,推定竞争,同环节同产品龙头推定竞争：SiC MOSFET,E3-141;E3-142;E3-143;E3-156;E3-162;E3-568;E3-571;E3-572;E3-574;E3-576;E3-577;E3-580;E3-583;E3-584;E3-585;E3-587;E3-591;E3-592;E3-602;E3-603;E3-605;E3-607;E3-608;E3-616;E3-618;E3-619;E3-620;E3-622;E3-627;E3-628;E3-629;E3-630;E3-634;E3-635;E3-636;E3-637;E3-639;E3-652;E3-656;E3-661;E3-778;E3-779,medium-low,same_product_leader_presumed,true,true,stage6_competition::Infineon::Wolfspeed::推定竞争,2026-07-08,2026-07-08,2026-07-06,,,,unknown,检索快照,2024-12-07;2026-03-17;2026-04-01;2026-05-27;2026-06-28;2026-07-02,2026-07-05;2026-07-06,需要内部验证,推断关系,E3-141,A:2;B:1;B-:39,公开资料检索,2026-10-08,公开资料不足以证明内部客户或当前交易关系，需要内部销售/客户数据确认。
Infineon,onsemi,推定竞争,同环节同产品龙头推定竞争：SiC MOSFET,E3-141;E3-142;E3-143;E3-156;E3-162;E3-568;E3-571;E3-572;E3-574;E3-576;E3-577;E3-580;E3-583;E3-584;E3-585;E3-587;E3-591;E3-616;E3-618;E3-619;E3-620;E3-622;E3-627;E3-628;E3-629;E3-630;E3-634;E3-635;E3-636;E3-637;E3-639;E3-652;E3-656;E3-661;E3-778;E3-822,medium-low,same_product_leader_presumed,true,true,stage6_competition::Infineon::onsemi::推定竞争,2026-07-08,2026-07-08,2026-07-06,,,,unknown,检索快照,2024-12-07;2026-05-27;2026-06-28,2026-07-05;2026-07-06,需要内部验证,推断关系,E3-141,A:2;B-:34,公开资料检索,2026-10-08,公开资料不足以证明内部客户或当前交易关系，需要内部销售/客户数据确认。
Infineon,三安光电,推定竞争,同环节同产品龙头推定竞争：SiC MOSFET,E3-141;E3-142;E3-143;E3-156;E3-162;E3-568;E3-571;E3-572;E3-574;E3-576;E3-577;E3-580;E3-583;E3-584;E3-585;E3-587;E3-591;E3-595;E3-616;E3-618;E3-619;E3-620;E3-622;E3-624;E3-627;E3-628;E3-629;E3-630;E3-634;E3-635;E3-636;E3-637;E3-639;E3-646;E3-647;E3-648;E3-649;E3-650;E3-652;E3-656;E3-661;E3-778;E3-828;E3-857;E3-858;E3-859,medium-low,same_product_leader_presumed,true,true,stage6_competition::Infineon::三安光电::推定竞争,2026-07-08,2026-07-08,2026-07-08,,,,unknown,检索快照,2020-11-20;2021-04-12;2021-11-05;2023-07-07;2023-08-06;2024-12-07;2025-12-05;2026-05-21;2026-05-27;2026-06-28,2026-07-05;2026-07-06;2026-07-08,需要内部验证,推断关系,E3-141,A:5;B:3;B-:38,公开资料检索,2026-10-08,公开资料不足以证明内部客户或当前交易关系，需要内部销售/客户数据确认。
ROHM,Wolfspeed,推定竞争,同环节同产品龙头推定竞争：SiC MOSFET,E3-583;E3-592;E3-602;E3-603;E3-605;E3-607;E3-608;E3-620;E3-627;E3-628;E3-629;E3-630;E3-634;E3-636;E3-637;E3-639;E3-779;E3-820,medium-low,same_product_leader_presumed,true,true,stage6_competition::ROHM::Wolfspeed::推定竞争,2026-07-08,2026-07-08,2026-07-06,,,,unknown,检索快照,2024-12-07;2026-03-17;2026-04-01;2026-06-28;2026-07-02,2026-07-05;2026-07-06,需要内部验证,推断关系,E3-583,A:2;B:1;B-:15,公开资料检索,2026-10-08,公开资料不足以证明内部客户或当前交易关系，需要内部销售/客户数据确认。
ROHM,onsemi,推定竞争,同环节同产品龙头推定竞争：SiC MOSFET,E3-583;E3-620;E3-627;E3-628;E3-630;E3-634;E3-636;E3-637;E3-639;E3-820;E3-822,medium-low,same_product_leader_presumed,true,true,stage6_competition::ROHM::onsemi::推定竞争,2026-07-08,2026-07-08,2026-07-06,,,,unknown,检索快照,2024-12-07;2026-06-28,2026-07-05;2026-07-06,需要内部验证,推断关系,E3-583,A:2;B-:9,公开资料检索,2026-10-08,公开资料不足以证明内部客户或当前交易关系，需要内部销售/客户数据确认。
ROHM,三安光电,推定竞争,同环节同产品龙头推定竞争：SiC MOSFET,E3-583;E3-595;E3-624;E3-627;E3-628;E3-630;E3-634;E3-636;E3-637;E3-646;E3-647;E3-648;E3-649;E3-650;E3-820;E3-828;E3-857;E3-858;E3-859,medium-low,same_product_leader_presumed,true,true,stage6_competition::ROHM::三安光电::推定竞争,2026-07-08,2026-07-08,2026-07-08,,,,unknown,检索快照,2020-11-20;2021-04-12;2021-11-05;2023-07-07;2023-08-06;2024-12-07;2025-12-05;2026-05-21,2026-07-05;2026-07-06;2026-07-08,需要内部验证,推断关系,E3-583,A:5;B:3;B-:11,公开资料检索,2026-10-08,公开资料不足以证明内部客户或当前交易关系，需要内部销售/客户数据确认。
ROHM,闻泰科技,推定竞争,同环节同产品龙头推定竞争：SiC MOSFET,E3-144;E3-147;E3-151;E3-583;E3-623;E3-624;E3-627;E3-628;E3-630;E3-634;E3-636;E3-637;E3-820;E3-865;E3-866,medium-low,same_product_leader_presumed,true,true,stage6_competition::ROHM::闻泰科技::推定竞争,2026-07-08,2026-07-08,2026-07-08,,,,unknown,检索快照,2021-11-05;2024-03-02;2024-11-07;2024-11-13;2024-12-07;2026-05-10,2026-07-05;2026-07-06;2026-07-08,需要内部验证,推断关系,E3-144,A:3;B:2;B-:10,公开资料检索,2026-10-08,公开资料不足以证明内部客户或当前交易关系，需要内部销售/客户数据确认。
STMicroelectronics,Wolfspeed,推定竞争,同环节同产品龙头推定竞争：SiC MOSFET,E3-580;E3-584;E3-587;E3-591;E3-592;E3-602;E3-603;E3-605;E3-607;E3-608;E3-620;E3-627;E3-628;E3-629;E3-630;E3-634;E3-635;E3-636;E3-637;E3-639;E3-779;E3-780,medium-low,same_product_leader_presumed,true,true,stage6_competition::STMicroelectronics::Wolfspeed::推定竞争,2026-07-08,2026-07-08,2026-07-06,,,,unknown,检索快照,2024-12-07;2026-03-17;2026-04-01;2026-06-28;2026-07-02,2026-07-05;2026-07-06,需要内部验证,推断关系,E3-580,A:2;B:1;B-:19,公开资料检索,2026-10-08,公开资料不足以证明内部客户或当前交易关系，需要内部销售/客户数据确认。
STMicroelectronics,onsemi,推定竞争,同环节同产品龙头推定竞争：SiC MOSFET,E3-580;E3-584;E3-587;E3-591;E3-620;E3-627;E3-628;E3-630;E3-634;E3-635;E3-636;E3-637;E3-639;E3-780;E3-822,medium-low,same_product_leader_presumed,true,true,stage6_competition::STMicroelectronics::onsemi::推定竞争,2026-07-08,2026-07-08,2026-07-06,,,,unknown,检索快照,2024-12-07;2026-06-28,2026-07-05;2026-07-06,需要内部验证,推断关系,E3-580,A:2;B-:13,公开资料检索,2026-10-08,公开资料不足以证明内部客户或当前交易关系，需要内部销售/客户数据确认。
STMicroelectronics,三安光电,推定竞争,同环节同产品龙头推定竞争：SiC MOSFET,E3-580;E3-584;E3-587;E3-591;E3-595;E3-620;E3-624;E3-628;E3-630;E3-634;E3-635;E3-636;E3-637;E3-639;E3-646;E3-647;E3-648;E3-649;E3-650;E3-780;E3-828;E3-857;E3-858;E3-859,medium-low,same_product_leader_presumed,true,true,stage6_competition::STMicroelectronics::三安光电::推定竞争,2026-07-08,2026-07-08,2026-07-08,,,,unknown,检索快照,2020-11-20;2021-04-12;2021-11-05;2023-07-07;2023-08-06;2025-12-05;2026-05-21;2026-06-28,2026-07-05;2026-07-06;2026-07-08,需要内部验证,推断关系,E3-580,A:5;B:3;B-:16,公开资料检索,2026-10-08,公开资料不足以证明内部客户或当前交易关系，需要内部销售/客户数据确认。
STMicroelectronics,闻泰科技,推定竞争,同环节同产品龙头推定竞争：SiC MOSFET,E3-144;E3-147;E3-151;E3-580;E3-584;E3-587;E3-591;E3-620;E3-623;E3-624;E3-628;E3-630;E3-634;E3-635;E3-636;E3-637;E3-639;E3-780;E3-865;E3-866,medium-low,same_product_leader_presumed,true,true,stage6_competition::STMicroelectronics::闻泰科技::推定竞争,2026-07-08,2026-07-08,2026-07-08,,,,unknown,检索快照,2021-11-05;2024-03-02;2024-11-07;2024-11-13;2026-05-10;2026-06-28,2026-07-05;2026-07-06;2026-07-08,需要内部验证,推断关系,E3-144,A:3;B:2;B-:15,公开资料检索,2026-10-08,公开资料不足以证明内部客户或当前交易关系，需要内部销售/客户数据确认。
Wolfspeed,onsemi,推定竞争,同环节同产品龙头推定竞争：SiC MOSFET,E3-592;E3-602;E3-603;E3-605;E3-607;E3-608;E3-620;E3-627;E3-628;E3-629;E3-630;E3-634;E3-636;E3-637;E3-639;E3-779;E3-822,medium-low,same_product_leader_presumed,true,true,stage6_competition::Wolfspeed::onsemi::推定竞争,2026-07-08,2026-07-08,2026-07-06,,,,unknown,检索快照,2024-12-07;2026-03-17;2026-04-01;2026-06-28;2026-07-02,2026-07-05;2026-07-06,需要内部验证,推断关系,E3-592,A:2;B:1;B-:14,公开资料检索,2026-10-08,公开资料不足以证明内部客户或当前交易关系，需要内部销售/客户数据确认。
Wolfspeed,三安光电,推定竞争,同环节同产品龙头推定竞争：SiC MOSFET,E3-592;E3-595;E3-602;E3-603;E3-605;E3-607;E3-608;E3-620;E3-624;E3-627;E3-628;E3-629;E3-630;E3-634;E3-636;E3-637;E3-639;E3-646;E3-647;E3-648;E3-649;E3-650;E3-779;E3-828;E3-857;E3-858;E3-859,medium-low,same_product_leader_presumed,true,true,stage6_competition::Wolfspeed::三安光电::推定竞争,2026-07-08,2026-07-08,2026-07-08,,,,unknown,检索快照,2020-11-20;2021-04-12;2021-11-05;2023-07-07;2023-08-06;2024-12-07;2025-12-05;2026-03-17;2026-04-01;2026-05-21;2026-06-28;2026-07-02,2026-07-05;2026-07-06;2026-07-08,需要内部验证,推断关系,E3-592,A:5;B:4;B-:18,公开资料检索,2026-10-08,公开资料不足以证明内部客户或当前交易关系，需要内部销售/客户数据确认。
Wolfspeed,士兰微,推定竞争,同环节同产品龙头推定竞争：SiC MOSFET,E3-141;E3-142;E3-143;E3-144;E3-147;E3-148;E3-151;E3-152;E3-568;E3-569;E3-570;E3-571;E3-572;E3-573;E3-574;E3-575;E3-576;E3-577;E3-579;E3-592;E3-602;E3-603;E3-605;E3-607;E3-608;E3-616;E3-617;E3-618;E3-619;E3-620;E3-622;E3-623;E3-624;E3-625;E3-627;E3-628;E3-629;E3-630;E3-634;E3-636;E3-637;E3-639;E3-779;E3-862;E3-863;E3-864,medium-low,same_product_leader_presumed,true,true,stage6_competition::Wolfspeed::士兰微::推定竞争,2026-07-08,2026-07-08,2026-07-08,,,,unknown,检索快照,2021-04-08;2021-11-05;2022-03-26;2024-03-02;2024-04-10;2024-11-07;2024-11-13;2024-12-07;2026-03-02;2026-03-17;2026-04-01;2026-05-10;2026-05-27;2026-06-06;2026-06-17;2026-06-28;2026-06-29;2026-07-02,2026-07-05;2026-07-06;2026-07-08,需要内部验证,推断关系,E3-141,A:4;B:7;B-:35,公开资料检索,2026-10-08,公开资料不足以证明内部客户或当前交易关系，需要内部销售/客户数据确认。
Wolfspeed,闻泰科技,推定竞争,同环节同产品龙头推定竞争：SiC MOSFET,E3-144;E3-147;E3-151;E3-592;E3-602;E3-603;E3-605;E3-607;E3-608;E3-620;E3-623;E3-624;E3-627;E3-628;E3-629;E3-630;E3-634;E3-636;E3-637;E3-639;E3-779;E3-865;E3-866,medium-low,same_product_leader_presumed,true,true,stage6_competition::Wolfspeed::闻泰科技::推定竞争,2026-07-08,2026-07-08,2026-07-08,,,,unknown,检索快照,2021-11-05;2024-03-02;2024-11-07;2024-11-13;2024-12-07;2026-03-17;2026-04-01;2026-05-10;2026-06-28;2026-07-02,2026-07-05;2026-07-06;2026-07-08,需要内部验证,推断关系,E3-144,A:3;B:3;B-:17,公开资料检索,2026-10-08,公开资料不足以证明内部客户或当前交易关系，需要内部销售/客户数据确认。
onsemi,三安光电,推定竞争,同环节同产品龙头推定竞争：SiC MOSFET,E3-595;E3-620;E3-624;E3-627;E3-628;E3-636;E3-637;E3-639;E3-646;E3-647;E3-648;E3-649;E3-650;E3-822;E3-828;E3-857;E3-858;E3-859,medium-low,same_product_leader_presumed,true,true,stage6_competition::onsemi::三安光电::推定竞争,2026-07-08,2026-07-08,2026-07-08,,,,unknown,检索快照,2020-11-20;2021-04-12;2021-11-05;2023-07-07;2023-08-06;2024-12-07;2025-12-05;2026-05-21;2026-06-28,2026-07-05;2026-07-06;2026-07-08,需要内部验证,推断关系,E3-595,A:5;B:3;B-:10,公开资料检索,2026-10-08,公开资料不足以证明内部客户或当前交易关系，需要内部销售/客户数据确认。
onsemi,士兰微,推定竞争,同环节同产品龙头推定竞争：SiC MOSFET,E3-141;E3-142;E3-143;E3-144;E3-147;E3-148;E3-151;E3-152;E3-568;E3-569;E3-570;E3-571;E3-572;E3-573;E3-574;E3-575;E3-576;E3-577;E3-579;E3-616;E3-617;E3-618;E3-619;E3-620;E3-622;E3-623;E3-624;E3-625;E3-627;E3-628;E3-636;E3-637;E3-639;E3-822;E3-862;E3-863;E3-864,medium-low,same_product_leader_presumed,true,true,stage6_competition::onsemi::士兰微::推定竞争,2026-07-08,2026-07-08,2026-07-08,,,,unknown,检索快照,2021-04-08;2021-11-05;2022-03-26;2024-03-02;2024-04-10;2024-11-07;2024-11-13;2024-12-07;2026-03-02;2026-05-10;2026-05-27;2026-06-06;2026-06-17;2026-06-28;2026-06-29,2026-07-05;2026-07-06;2026-07-08,需要内部验证,推断关系,E3-141,A:4;B:6;B-:27,公开资料检索,2026-10-08,公开资料不足以证明内部客户或当前交易关系，需要内部销售/客户数据确认。
onsemi,闻泰科技,推定竞争,同环节同产品龙头推定竞争：SiC MOSFET,E3-144;E3-147;E3-151;E3-620;E3-623;E3-624;E3-627;E3-628;E3-636;E3-637;E3-639;E3-822;E3-865;E3-866,medium-low,same_product_leader_presumed,true,true,stage6_competition::onsemi::闻泰科技::推定竞争,2026-07-08,2026-07-08,2026-07-08,,,,unknown,检索快照,2021-11-05;2024-03-02;2024-11-07;2024-11-13;2024-12-07;2026-05-10;2026-06-28,2026-07-05;2026-07-06;2026-07-08,需要内部验证,推断关系,E3-144,A:3;B:2;B-:9,公开资料检索,2026-10-08,公开资料不足以证明内部客户或当前交易关系，需要内部销售/客户数据确认。
三安光电,士兰微,推定竞争,同环节同产品龙头推定竞争：SiC MOSFET,E3-141;E3-142;E3-143;E3-144;E3-147;E3-148;E3-151;E3-152;E3-568;E3-569;E3-570;E3-571;E3-572;E3-573;E3-574;E3-575;E3-576;E3-577;E3-579;E3-595;E3-616;E3-617;E3-618;E3-619;E3-620;E3-622;E3-623;E3-624;E3-625;E3-646;E3-647;E3-648;E3-649;E3-650;E3-828;E3-857;E3-858;E3-859;E3-862;E3-863;E3-864,medium-low,same_product_leader_presumed,true,true,stage6_competition::三安光电::士兰微::推定竞争,2026-07-08,2026-07-08,2026-07-08,,,,unknown,检索快照,2020-11-20;2021-04-08;2021-04-12;2021-11-05;2022-03-26;2023-07-07;2023-08-06;2024-03-02;2024-04-10;2024-11-07;2024-11-13;2025-12-05;2026-03-02;2026-05-10;2026-05-21;2026-05-27;2026-06-06;2026-06-17;2026-06-28;2026-06-29,2026-07-05;2026-07-06;2026-07-08,需要内部验证,推断关系,E3-141,A:7;B:9;B-:25,公开资料检索,2026-10-08,公开资料不足以证明内部客户或当前交易关系，需要内部销售/客户数据确认。
三安光电,闻泰科技,推定竞争,同环节同产品龙头推定竞争：SiC MOSFET,E3-144;E3-147;E3-151;E3-595;E3-623;E3-624;E3-646;E3-647;E3-648;E3-649;E3-650;E3-828;E3-857;E3-858;E3-859;E3-865;E3-866,medium-low,same_product_leader_presumed,true,true,stage6_competition::三安光电::闻泰科技::推定竞争,2026-07-08,2026-07-08,2026-07-08,,,,unknown,检索快照,2020-11-20;2021-04-12;2021-11-05;2023-07-07;2023-08-06;2024-03-02;2024-11-07;2024-11-13;2025-12-05;2026-05-10;2026-05-21,2026-07-05;2026-07-06;2026-07-08,需要内部验证,推断关系,E3-144,A:6;B:5;B-:6,公开资料检索,2026-10-08,公开资料不足以证明内部客户或当前交易关系，需要内部销售/客户数据确认。
ASML,Canon,推定竞争,同环节同产品龙头推定竞争：光刻机,E3-166;E3-168;E3-170;E3-180;E3-181;E3-757;E3-875;E3-876,medium-low,same_product_leader_presumed,true,true,stage6_competition::ASML::Canon::推定竞争,2026-07-08,2026-07-08,2026-07-08,,,,unknown,检索快照,2026-01-12;2026-06-03;2026-06-08,2026-07-05;2026-07-06;2026-07-08,需要内部验证,推断关系,E3-166,A:3;B:1;B-:4,公开资料检索,2026-10-08,公开资料不足以证明内部客户或当前交易关系，需要内部销售/客户数据确认。
ASML,Nikon,推定竞争,同环节同产品龙头推定竞争：光刻机,E3-166;E3-168;E3-170;E3-180;E3-181;E3-758;E3-875;E3-876,medium-low,same_product_leader_presumed,true,true,stage6_competition::ASML::Nikon::推定竞争,2026-07-08,2026-07-08,2026-07-08,,,,unknown,检索快照,2026-01-12;2026-06-03;2026-06-08,2026-07-05;2026-07-06;2026-07-08,需要内部验证,推断关系,E3-166,A:3;B:1;B-:4,公开资料检索,2026-10-08,公开资料不足以证明内部客户或当前交易关系，需要内部销售/客户数据确认。
ASML,上海微电子,推定竞争,同环节同产品龙头推定竞争：光刻机,E3-165;E3-166;E3-168;E3-169;E3-170;E3-180;E3-181;E3-185;E3-875;E3-876;E3-919,medium-low,same_product_leader_presumed,true,true,stage6_competition::ASML::上海微电子::推定竞争,2026-07-08,2026-07-08,2026-07-08,,,,unknown,检索快照,2026-01-12;2026-03-11;2026-06-03;2026-06-08;2026-06-15,2026-07-05;2026-07-08,需要内部验证,推断关系,E3-165,A:3;B:2;B-:6,公开资料检索,2026-10-08,公开资料不足以证明内部客户或当前交易关系，需要内部销售/客户数据确认。
Canon,Nikon,推定竞争,同环节同产品龙头推定竞争：光刻机,E3-166;E3-180;E3-181;E3-757;E3-758,medium-low,same_product_leader_presumed,true,true,stage6_competition::Canon::Nikon::推定竞争,2026-07-08,2026-07-08,2026-07-06,,,,unknown,检索快照,2026-01-12,2026-07-05;2026-07-06,需要内部验证,推断关系,E3-166,A:2;B-:3,公开资料检索,2026-10-08,公开资料不足以证明内部客户或当前交易关系，需要内部销售/客户数据确认。
Canon,上海微电子,推定竞争,同环节同产品龙头推定竞争：光刻机,E3-165;E3-166;E3-168;E3-169;E3-170;E3-180;E3-181;E3-185;E3-757;E3-919,medium-low,same_product_leader_presumed,true,true,stage6_competition::Canon::上海微电子::推定竞争,2026-07-08,2026-07-08,2026-07-08,,,,unknown,检索快照,2026-01-12;2026-03-11;2026-06-03;2026-06-08;2026-06-15,2026-07-05;2026-07-06;2026-07-08,需要内部验证,推断关系,E3-165,A:2;B:2;B-:6,公开资料检索,2026-10-08,公开资料不足以证明内部客户或当前交易关系，需要内部销售/客户数据确认。
Nikon,上海微电子,推定竞争,同环节同产品龙头推定竞争：光刻机,E3-165;E3-166;E3-168;E3-169;E3-170;E3-180;E3-181;E3-185;E3-758;E3-919,medium-low,same_product_leader_presumed,true,true,stage6_competition::Nikon::上海微电子::推定竞争,2026-07-08,2026-07-08,2026-07-08,,,,unknown,检索快照,2026-01-12;2026-03-11;2026-06-03;2026-06-08;2026-06-15,2026-07-05;2026-07-06;2026-07-08,需要内部验证,推断关系,E3-165,A:2;B:2;B-:6,公开资料检索,2026-10-08,公开资料不足以证明内部客户或当前交易关系，需要内部销售/客户数据确认。
Applied Materials,Lam Research,推定竞争,同环节同产品龙头推定竞争：等离子刻蚀设备,E3-194;E3-201;E3-202;E3-203;E3-204;E3-206;E3-209;E3-211;E3-750;E3-752,medium-low,same_product_leader_presumed,true,true,stage6_competition::Applied Materials::Lam Research::推定竞争,2026-07-08,2026-07-08,2026-07-06,,,,unknown,检索快照,2026-01-31,2026-07-05;2026-07-06,需要内部验证,推断关系,E3-194,A:2;B-:8,公开资料检索,2026-10-08,公开资料不足以证明内部客户或当前交易关系，需要内部销售/客户数据确认。
Applied Materials,Tokyo Electron,推定竞争,同环节同产品龙头推定竞争：等离子刻蚀设备,E3-194;E3-201;E3-202;E3-203;E3-206;E3-209;E3-211;E3-750;E3-754,medium-low,same_product_leader_presumed,true,true,stage6_competition::Applied Materials::Tokyo Electron::推定竞争,2026-07-08,2026-07-08,2026-07-06,,,,unknown,检索快照,2026-01-31,2026-07-05;2026-07-06,需要内部验证,推断关系,E3-194,A:2;B-:7,公开资料检索,2026-10-08,公开资料不足以证明内部客户或当前交易关系，需要内部销售/客户数据确认。
Applied Materials,中微公司,推定竞争,同环节同产品龙头推定竞争：等离子刻蚀设备,E3-189;E3-190;E3-192;E3-193;E3-194;E3-195;E3-196;E3-197;E3-198;E3-199;E3-200;E3-201;E3-202;E3-203;E3-209;E3-211;E3-750;E3-853,medium-low,same_product_leader_presumed,true,true,stage6_competition::Applied Materials::中微公司::推定竞争,2026-07-08,2026-07-08,2026-07-08,,,,unknown,检索快照,2020-01-14;2020-07-30;2022-03-01;2025-10-01;2025-10-13;2026-01-06;2026-01-31;2026-03-25;2026-05-10;2026-07-04,2026-07-05;2026-07-06;2026-07-08,需要内部验证,推断关系,E3-189,A:2;B:3;B-:13,公开资料检索,2026-10-08,公开资料不足以证明内部客户或当前交易关系，需要内部销售/客户数据确认。
Applied Materials,北方华创,推定竞争,同环节同产品龙头推定竞争：等离子刻蚀设备,E3-189;E3-190;E3-191;E3-192;E3-193;E3-194;E3-195;E3-196;E3-197;E3-199;E3-200;E3-201;E3-202;E3-203;E3-209;E3-211;E3-750;E3-850,medium-low,same_product_leader_presumed,true,true,stage6_competition::Applied Materials::北方华创::推定竞争,2026-07-08,2026-07-08,2026-07-08,,,,unknown,检索快照,2020-01-14;2022-03-01;2025-10-01;2025-10-13;2026-01-06;2026-01-31;2026-03-25;2026-05-10;2026-06-28;2026-07-04,2026-07-05;2026-07-06;2026-07-08,需要内部验证,推断关系,E3-189,A:2;B:4;B-:12,公开资料检索,2026-10-08,公开资料不足以证明内部客户或当前交易关系，需要内部销售/客户数据确认。
Lam Research,Tokyo Electron,推定竞争,同环节同产品龙头推定竞争：等离子刻蚀设备,E3-194;E3-201;E3-202;E3-203;E3-204;E3-206;E3-209;E3-211;E3-752;E3-754,medium-low,same_product_leader_presumed,true,true,stage6_competition::Lam Research::Tokyo Electron::推定竞争,2026-07-08,2026-07-08,2026-07-06,,,,unknown,检索快照,2026-01-31,2026-07-05;2026-07-06,需要内部验证,推断关系,E3-194,A:2;B-:8,公开资料检索,2026-10-08,公开资料不足以证明内部客户或当前交易关系，需要内部销售/客户数据确认。
Lam Research,中微公司,推定竞争,同环节同产品龙头推定竞争：等离子刻蚀设备,E3-189;E3-190;E3-192;E3-193;E3-194;E3-195;E3-196;E3-197;E3-198;E3-199;E3-200;E3-202;E3-203;E3-204;E3-206;E3-209;E3-211;E3-752;E3-853,medium-low,same_product_leader_presumed,true,true,stage6_competition::Lam Research::中微公司::推定竞争,2026-07-08,2026-07-08,2026-07-08,,,,unknown,检索快照,2020-01-14;2020-07-30;2022-03-01;2025-10-01;2025-10-13;2026-01-06;2026-01-31;2026-03-25;2026-05-10;2026-07-04,2026-07-05;2026-07-06;2026-07-08,需要内部验证,推断关系,E3-189,A:2;B:3;B-:14,公开资料检索,2026-10-08,公开资料不足以证明内部客户或当前交易关系，需要内部销售/客户数据确认。
Lam Research,北方华创,推定竞争,同环节同产品龙头推定竞争：等离子刻蚀设备,E3-189;E3-190;E3-191;E3-192;E3-193;E3-194;E3-195;E3-196;E3-197;E3-199;E3-200;E3-202;E3-203;E3-204;E3-206;E3-209;E3-211;E3-752;E3-850,medium-low,same_product_leader_presumed,true,true,stage6_competition::Lam Research::北方华创::推定竞争,2026-07-08,2026-07-08,2026-07-08,,,,unknown,检索快照,2020-01-14;2022-03-01;2025-10-01;2025-10-13;2026-01-06;2026-01-31;2026-03-25;2026-05-10;2026-06-28;2026-07-04,2026-07-05;2026-07-06;2026-07-08,需要内部验证,推断关系,E3-189,A:2;B:4;B-:13,公开资料检索,2026-10-08,公开资料不足以证明内部客户或当前交易关系，需要内部销售/客户数据确认。
Tokyo Electron,中微公司,推定竞争,同环节同产品龙头推定竞争：等离子刻蚀设备,E3-189;E3-190;E3-192;E3-193;E3-194;E3-195;E3-196;E3-197;E3-198;E3-199;E3-200;E3-201;E3-202;E3-203;E3-206;E3-754;E3-853,medium-low,same_product_leader_presumed,true,true,stage6_competition::Tokyo Electron::中微公司::推定竞争,2026-07-08,2026-07-08,2026-07-08,,,,unknown,检索快照,2020-01-14;2020-07-30;2022-03-01;2025-10-01;2025-10-13;2026-01-06;2026-01-31;2026-03-25;2026-05-10;2026-07-04,2026-07-05;2026-07-06;2026-07-08,需要内部验证,推断关系,E3-189,A:2;B:3;B-:12,公开资料检索,2026-10-08,公开资料不足以证明内部客户或当前交易关系，需要内部销售/客户数据确认。
Tokyo Electron,北方华创,推定竞争,同环节同产品龙头推定竞争：等离子刻蚀设备,E3-189;E3-190;E3-191;E3-192;E3-193;E3-194;E3-195;E3-196;E3-197;E3-199;E3-200;E3-201;E3-202;E3-203;E3-206;E3-754;E3-850,medium-low,same_product_leader_presumed,true,true,stage6_competition::Tokyo Electron::北方华创::推定竞争,2026-07-08,2026-07-08,2026-07-08,,,,unknown,检索快照,2020-01-14;2022-03-01;2025-10-01;2025-10-13;2026-01-06;2026-01-31;2026-03-25;2026-05-10;2026-06-28;2026-07-04,2026-07-05;2026-07-06;2026-07-08,需要内部验证,推断关系,E3-189,A:2;B:4;B-:11,公开资料检索,2026-10-08,公开资料不足以证明内部客户或当前交易关系，需要内部销售/客户数据确认。
中微公司,北方华创,推定竞争,同环节同产品龙头推定竞争：等离子刻蚀设备,E3-189;E3-190;E3-191;E3-192;E3-193;E3-194;E3-195;E3-196;E3-197;E3-198;E3-199;E3-200;E3-850;E3-853,medium-low,same_product_leader_presumed,true,true,stage6_competition::中微公司::北方华创::推定竞争,2026-07-08,2026-07-08,2026-07-08,,,,unknown,检索快照,2020-01-14;2020-07-30;2022-03-01;2025-10-01;2025-10-13;2026-01-06;2026-01-31;2026-03-25;2026-05-10;2026-06-28;2026-07-04,2026-07-05;2026-07-08,需要内部验证,推断关系,E3-189,A:2;B:4;B-:8,公开资料检索,2026-10-08,公开资料不足以证明内部客户或当前交易关系，需要内部销售/客户数据确认。
Applied Materials,拓荆科技,推定竞争,同环节同产品龙头推定竞争：CVD设备,E3-194;E3-201;E3-202;E3-203;E3-209;E3-211;E3-213;E3-214;E3-215;E3-216;E3-217;E3-218;E3-219;E3-220;E3-221;E3-222;E3-223;E3-224;E3-225;E3-227;E3-228;E3-231;E3-233;E3-238;E3-251;E3-254;E3-266;E3-267;E3-273;E3-276;E3-281;E3-282;E3-750;E3-887,medium-low,same_product_leader_presumed,true,true,stage6_competition::Applied Materials::拓荆科技::推定竞争,2026-07-08,2026-07-08,2026-07-08,,,,unknown,检索快照,2022-05-20;2023-02-28;2023-05-21;2023-05-22;2023-06-17;2023-08-24;2024-10-12;2026-01-31;2026-02-26;2026-02-27;2026-04-11;2026-05-09;2026-05-19;2026-05-31,2026-07-05;2026-07-06;2026-07-08,需要内部验证,推断关系,E3-194,A:2;B:3;B-:29,公开资料检索,2026-10-08,公开资料不足以证明内部客户或当前交易关系，需要内部销售/客户数据确认。
Lam Research,拓荆科技,推定竞争,同环节同产品龙头推定竞争：CVD设备,E3-194;E3-202;E3-203;E3-204;E3-206;E3-209;E3-211;E3-213;E3-214;E3-215;E3-216;E3-217;E3-218;E3-219;E3-220;E3-221;E3-222;E3-223;E3-224;E3-225;E3-226;E3-228;E3-230;E3-233;E3-752;E3-887,medium-low,same_product_leader_presumed,true,true,stage6_competition::Lam Research::拓荆科技::推定竞争,2026-07-08,2026-07-08,2026-07-08,,,,unknown,检索快照,2022-05-20;2023-02-28;2023-06-17;2023-08-24;2024-10-12;2026-01-31;2026-02-26;2026-04-11;2026-05-09;2026-05-19;2026-05-31,2026-07-05;2026-07-06;2026-07-08,需要内部验证,推断关系,E3-194,A:2;B:2;B-:22,公开资料检索,2026-10-08,公开资料不足以证明内部客户或当前交易关系，需要内部销售/客户数据确认。
Tokyo Electron,拓荆科技,推定竞争,同环节同产品龙头推定竞争：CVD设备,E3-194;E3-201;E3-202;E3-203;E3-206;E3-213;E3-214;E3-215;E3-216;E3-217;E3-218;E3-219;E3-220;E3-221;E3-222;E3-223;E3-224;E3-225;E3-226;E3-231;E3-233;E3-754;E3-887,medium-low,same_product_leader_presumed,true,true,stage6_competition::Tokyo Electron::拓荆科技::推定竞争,2026-07-08,2026-07-08,2026-07-08,,,,unknown,检索快照,2022-05-20;2023-02-28;2023-06-17;2023-08-24;2024-10-12;2026-01-31;2026-02-26;2026-04-11;2026-05-09;2026-05-19;2026-05-31,2026-07-05;2026-07-06;2026-07-08,需要内部验证,推断关系,E3-194,A:2;B:2;B-:19,公开资料检索,2026-10-08,公开资料不足以证明内部客户或当前交易关系，需要内部销售/客户数据确认。
中微公司,拓荆科技,推定竞争,同环节同产品龙头推定竞争：CVD设备,E3-213;E3-214;E3-215;E3-216;E3-217;E3-218;E3-219;E3-220;E3-221;E3-222;E3-223;E3-224;E3-854;E3-887,medium-low,same_product_leader_presumed,true,true,stage6_competition::中微公司::拓荆科技::推定竞争,2026-07-08,2026-07-08,2026-07-08,,,,unknown,检索快照,2022-05-20;2023-02-28;2023-06-17;2023-08-24;2024-10-12;2026-02-26;2026-04-11;2026-05-09;2026-05-19;2026-05-31,2026-07-05;2026-07-08,需要内部验证,推断关系,E3-213,A:2;B:2;B-:10,公开资料检索,2026-10-08,公开资料不足以证明内部客户或当前交易关系，需要内部销售/客户数据确认。
北方华创,拓荆科技,推定竞争,同环节同产品龙头推定竞争：CVD设备,E3-213;E3-214;E3-215;E3-216;E3-217;E3-218;E3-219;E3-220;E3-221;E3-222;E3-223;E3-224;E3-851;E3-887,medium-low,same_product_leader_presumed,true,true,stage6_competition::北方华创::拓荆科技::推定竞争,2026-07-08,2026-07-08,2026-07-08,,,,unknown,检索快照,2022-05-20;2023-02-28;2023-06-17;2023-08-24;2024-10-12;2026-02-26;2026-04-11;2026-05-09;2026-05-19;2026-05-31,2026-07-05;2026-07-08,需要内部验证,推断关系,E3-213,A:2;B:2;B-:10,公开资料检索,2026-10-08,公开资料不足以证明内部客户或当前交易关系，需要内部销售/客户数据确认。
Applied Materials,KLA,推定竞争,同环节同产品龙头推定竞争：缺陷检测设备,E3-194;E3-201;E3-202;E3-203;E3-209;E3-211;E3-225;E3-227;E3-228;E3-231;E3-233;E3-238;E3-251;E3-254;E3-266;E3-267;E3-268;E3-269;E3-273;E3-274;E3-276;E3-281;E3-282;E3-750;E3-877,medium-low,same_product_leader_presumed,true,true,stage6_competition::Applied Materials::KLA::推定竞争,2026-07-08,2026-07-08,2026-07-08,,,,unknown,检索快照,2023-05-21;2023-05-22;2023-08-24;2023-09-06;2026-01-31;2026-02-27,2026-07-05;2026-07-06;2026-07-08,需要内部验证,推断关系,E3-194,A:2;B:1;B-:22,公开资料检索,2026-10-08,公开资料不足以证明内部客户或当前交易关系，需要内部销售/客户数据确认。
Applied Materials,中科飞测,推定竞争,同环节同产品龙头推定竞争：缺陷检测设备,E3-194;E3-201;E3-202;E3-203;E3-209;E3-211;E3-225;E3-227;E3-228;E3-231;E3-233;E3-238;E3-251;E3-254;E3-261;E3-262;E3-263;E3-264;E3-265;E3-266;E3-267;E3-268;E3-269;E3-270;E3-273;E3-276;E3-281;E3-282;E3-750;E3-890,medium-low,same_product_leader_presumed,true,true,stage6_competition::Applied Materials::中科飞测::推定竞争,2026-07-08,2026-07-08,2026-07-08,,,,unknown,检索快照,2022-12-14;2023-05-21;2023-05-22;2023-08-24;2023-09-06;2023-12-17;2026-01-16;2026-01-19;2026-01-22;2026-01-31;2026-02-27;2026-04-06,2026-07-05;2026-07-06;2026-07-08,需要内部验证,推断关系,E3-194,A:2;B:1;B-:27,公开资料检索,2026-10-08,公开资料不足以证明内部客户或当前交易关系，需要内部销售/客户数据确认。
KLA,中科飞测,推定竞争,同环节同产品龙头推定竞争：缺陷检测设备,E3-261;E3-262;E3-263;E3-264;E3-265;E3-266;E3-267;E3-268;E3-269;E3-270;E3-273;E3-274;E3-276;E3-281;E3-282;E3-877;E3-890,medium-low,same_product_leader_presumed,true,true,stage6_competition::KLA::中科飞测::推定竞争,2026-07-08,2026-07-08,2026-07-08,,,,unknown,检索快照,2022-12-14;2023-05-21;2023-05-22;2023-08-24;2023-09-06;2023-12-17;2026-01-16;2026-01-19;2026-01-22;2026-04-06,2026-07-05;2026-07-08,需要内部验证,推断关系,E3-261,A:2;B:1;B-:14,公开资料检索,2026-10-08,公开资料不足以证明内部客户或当前交易关系，需要内部销售/客户数据确认。
Applied Materials,Ebara,推定竞争,同环节同产品龙头推定竞争：CMP抛光设备,E3-238;E3-251;E3-254;E3-260;E3-750;E3-760,medium-low,same_product_leader_presumed,true,true,stage6_competition::Applied Materials::Ebara::推定竞争,2026-07-08,2026-07-08,2026-07-06,,,,unknown,检索快照,2026-02-27,2026-07-05;2026-07-06,需要内部验证,推断关系,E3-238,A:2;B-:4,公开资料检索,2026-10-08,公开资料不足以证明内部客户或当前交易关系，需要内部销售/客户数据确认。
Applied Materials,华海清科,推定竞争,同环节同产品龙头推定竞争：CMP抛光设备,E3-238;E3-239;E3-240;E3-243;E3-244;E3-245;E3-246;E3-247;E3-251;E3-254;E3-750;E3-888,medium-low,same_product_leader_presumed,true,true,stage6_competition::Applied Materials::华海清科::推定竞争,2026-07-08,2026-07-08,2026-07-08,,,,unknown,检索快照,2022-08-05;2023-01-17;2023-02-20;2023-11-01;2026-02-27;2026-06-17,2026-07-05;2026-07-06;2026-07-08,需要内部验证,推断关系,E3-238,A:2;B:2;B-:8,公开资料检索,2026-10-08,公开资料不足以证明内部客户或当前交易关系，需要内部销售/客户数据确认。
Ebara,华海清科,推定竞争,同环节同产品龙头推定竞争：CMP抛光设备,E3-238;E3-239;E3-240;E3-243;E3-244;E3-245;E3-246;E3-247;E3-251;E3-260;E3-760;E3-888,medium-low,same_product_leader_presumed,true,true,stage6_competition::Ebara::华海清科::推定竞争,2026-07-08,2026-07-08,2026-07-08,,,,unknown,检索快照,2022-08-05;2023-01-17;2023-02-20;2023-11-01;2026-02-27;2026-06-17,2026-07-05;2026-07-06;2026-07-08,需要内部验证,推断关系,E3-238,A:2;B:2;B-:8,公开资料检索,2026-10-08,公开资料不足以证明内部客户或当前交易关系，需要内部销售/客户数据确认。
SCREEN,盛美上海,推定竞争,同环节同产品龙头推定竞争：清洗设备,E3-237;E3-238;E3-239;E3-240;E3-241;E3-242;E3-243;E3-248;E3-250;E3-254;E3-759;E3-889,medium-low,same_product_leader_presumed,true,true,stage6_competition::SCREEN::盛美上海::推定竞争,2026-07-08,2026-07-08,2026-07-08,,,,unknown,检索快照,2022-04-20;2023-01-17;2026-02-27;2026-05-15;2026-06-03;2026-06-17;2026-07-04,2026-07-05;2026-07-06;2026-07-08,需要内部验证,推断关系,E3-237,A:2;B:3;B-:7,公开资料检索,2026-10-08,公开资料不足以证明内部客户或当前交易关系，需要内部销售/客户数据确认。
Advantest,Teradyne,推定竞争,同环节同产品龙头推定竞争：SoC测试机,E3-288;E3-289;E3-293;E3-295;E3-296;E3-297;E3-301;E3-302;E3-305;E3-878;E3-879,medium-low,same_product_leader_presumed,true,true,stage6_competition::Advantest::Teradyne::推定竞争,2026-07-08,2026-07-08,2026-07-08,,,,unknown,检索快照,2021-02-23;2022-08-15;2025-04-27,2026-07-05;2026-07-08,需要内部验证,推断关系,E3-288,A:2;B:2;B-:7,公开资料检索,2026-10-08,公开资料不足以证明内部客户或当前交易关系，需要内部销售/客户数据确认。
Advantest,华峰测控,推定竞争,同环节同产品龙头推定竞争：SoC测试机,E3-283;E3-284;E3-285;E3-286;E3-287;E3-288;E3-289;E3-290;E3-293;E3-294;E3-295;E3-296;E3-297;E3-301;E3-302;E3-879;E3-891,medium-low,same_product_leader_presumed,true,true,stage6_competition::Advantest::华峰测控::推定竞争,2026-07-08,2026-07-08,2026-07-08,,,,unknown,检索快照,2020-09-17;2021-02-23;2021-07-05;2022-08-15;2023-07-08;2024-12-11;2025-01-03;2025-02-21;2025-04-27;2025-12-19,2026-07-05;2026-07-08,需要内部验证,推断关系,E3-283,A:2;B:2;B-:13,公开资料检索,2026-10-08,公开资料不足以证明内部客户或当前交易关系，需要内部销售/客户数据确认。
Advantest,长川科技,推定竞争,同环节同产品龙头推定竞争：SoC测试机,E3-283;E3-284;E3-285;E3-286;E3-288;E3-289;E3-290;E3-291;E3-292;E3-293;E3-294;E3-295;E3-296;E3-297;E3-301;E3-302;E3-879;E3-892,medium-low,same_product_leader_presumed,true,true,stage6_competition::Advantest::长川科技::推定竞争,2026-07-08,2026-07-08,2026-07-08,,,,unknown,检索快照,2020-09-17;2021-02-23;2022-08-15;2022-11-10;2022-12-14;2023-07-08;2024-12-11;2025-01-03;2025-02-21;2025-04-27;2025-12-19,2026-07-05;2026-07-08,需要内部验证,推断关系,E3-283,A:2;B:2;B-:14,公开资料检索,2026-10-08,公开资料不足以证明内部客户或当前交易关系，需要内部销售/客户数据确认。
Teradyne,华峰测控,推定竞争,同环节同产品龙头推定竞争：SoC测试机,E3-283;E3-284;E3-285;E3-286;E3-287;E3-288;E3-289;E3-290;E3-293;E3-294;E3-295;E3-297;E3-301;E3-305;E3-878;E3-891,medium-low,same_product_leader_presumed,true,true,stage6_competition::Teradyne::华峰测控::推定竞争,2026-07-08,2026-07-08,2026-07-08,,,,unknown,检索快照,2020-09-17;2021-02-23;2021-07-05;2022-08-15;2023-07-08;2024-12-11;2025-01-03;2025-02-21;2025-04-27;2025-12-19,2026-07-05;2026-07-08,需要内部验证,推断关系,E3-283,A:2;B:2;B-:12,公开资料检索,2026-10-08,公开资料不足以证明内部客户或当前交易关系，需要内部销售/客户数据确认。
Teradyne,长川科技,推定竞争,同环节同产品龙头推定竞争：SoC测试机,E3-283;E3-284;E3-285;E3-286;E3-288;E3-289;E3-290;E3-291;E3-292;E3-293;E3-294;E3-295;E3-297;E3-301;E3-305;E3-878;E3-892,medium-low,same_product_leader_presumed,true,true,stage6_competition::Teradyne::长川科技::推定竞争,2026-07-08,2026-07-08,2026-07-08,,,,unknown,检索快照,2020-09-17;2021-02-23;2022-08-15;2022-11-10;2022-12-14;2023-07-08;2024-12-11;2025-01-03;2025-02-21;2025-04-27;2025-12-19,2026-07-05;2026-07-08,需要内部验证,推断关系,E3-283,A:2;B:2;B-:13,公开资料检索,2026-10-08,公开资料不足以证明内部客户或当前交易关系，需要内部销售/客户数据确认。
华峰测控,长川科技,推定竞争,同环节同产品龙头推定竞争：SoC测试机,E3-283;E3-284;E3-285;E3-286;E3-287;E3-288;E3-289;E3-290;E3-291;E3-292;E3-293;E3-294;E3-891;E3-892,medium-low,same_product_leader_presumed,true,true,stage6_competition::华峰测控::长川科技::推定竞争,2026-07-08,2026-07-08,2026-07-08,,,,unknown,检索快照,2020-09-17;2021-02-23;2021-07-05;2022-08-15;2022-11-10;2022-12-14;2023-07-08;2024-12-11;2025-01-03;2025-02-21;2025-04-27;2025-12-19,2026-07-05;2026-07-08,需要内部验证,推断关系,E3-283,A:2;B:2;B-:10,公开资料检索,2026-10-08,公开资料不足以证明内部客户或当前交易关系，需要内部销售/客户数据确认。
GlobalWafers,SUMCO,推定竞争,同环节同产品龙头推定竞争：300mm硅片,E3-313;E3-316;E3-318;E3-321;E3-324;E3-329;E3-761;E3-893,medium-low,same_product_leader_presumed,true,true,stage6_competition::GlobalWafers::SUMCO::推定竞争,2026-07-08,2026-07-08,2026-07-08,,,,unknown,检索快照,2022-01-12;2023-10-11,2026-07-05;2026-07-06;2026-07-08,需要内部验证,推断关系,E3-313,A:2;B:1;B-:5,公开资料检索,2026-10-08,公开资料不足以证明内部客户或当前交易关系，需要内部销售/客户数据确认。
GlobalWafers,Shin-Etsu,推定竞争,同环节同产品龙头推定竞争：300mm硅片,E3-313;E3-316;E3-318;E3-321;E3-324;E3-329;E3-762;E3-893,medium-low,same_product_leader_presumed,true,true,stage6_competition::GlobalWafers::Shin-Etsu::推定竞争,2026-07-08,2026-07-08,2026-07-08,,,,unknown,检索快照,2022-01-12;2023-10-11,2026-07-05;2026-07-06;2026-07-08,需要内部验证,推断关系,E3-313,A:2;B:1;B-:5,公开资料检索,2026-10-08,公开资料不足以证明内部客户或当前交易关系，需要内部销售/客户数据确认。
GlobalWafers,Siltronic,推定竞争,同环节同产品龙头推定竞争：300mm硅片,E3-313;E3-316;E3-318;E3-324;E3-763;E3-893,medium-low,same_product_leader_presumed,true,true,stage6_competition::GlobalWafers::Siltronic::推定竞争,2026-07-08,2026-07-08,2026-07-08,,,,unknown,检索快照,2022-01-12;2023-10-11,2026-07-05;2026-07-06;2026-07-08,需要内部验证,推断关系,E3-313,A:2;B:1;B-:3,公开资料检索,2026-10-08,公开资料不足以证明内部客户或当前交易关系，需要内部销售/客户数据确认。
GlobalWafers,TCL中环,推定竞争,同环节同产品龙头推定竞争：300mm硅片,E3-307;E3-308;E3-309;E3-310;E3-311;E3-312;E3-313;E3-315;E3-316;E3-317;E3-318;E3-324;E3-893;E3-894,medium-low,same_product_leader_presumed,true,true,stage6_competition::GlobalWafers::TCL中环::推定竞争,2026-07-08,2026-07-08,2026-07-08,,,,unknown,检索快照,2022-01-12;2022-09-08;2022-10-19;2023-10-11;2026-01-22;2026-04-27;2026-05-13;2026-06-09,2026-07-05;2026-07-08,需要内部验证,推断关系,E3-307,A:2;B:2;B-:10,公开资料检索,2026-10-08,公开资料不足以证明内部客户或当前交易关系，需要内部销售/客户数据确认。
GlobalWafers,沪硅产业,推定竞争,同环节同产品龙头推定竞争：300mm硅片,E3-307;E3-308;E3-309;E3-311;E3-312;E3-313;E3-314;E3-315;E3-316;E3-317;E3-318;E3-324;E3-893;E3-895,medium-low,same_product_leader_presumed,true,true,stage6_competition::GlobalWafers::沪硅产业::推定竞争,2026-07-08,2026-07-08,2026-07-08,,,,unknown,检索快照,2021-09-17;2022-01-12;2022-09-08;2022-10-19;2023-10-11;2026-04-27;2026-05-13;2026-06-09,2026-07-05;2026-07-08,需要内部验证,推断关系,E3-307,A:2;B:2;B-:10,公开资料检索,2026-10-08,公开资料不足以证明内部客户或当前交易关系，需要内部销售/客户数据确认。
SUMCO,Shin-Etsu,推定竞争,同环节同产品龙头推定竞争：300mm硅片,E3-318;E3-321;E3-324;E3-329;E3-761;E3-762,medium-low,same_product_leader_presumed,true,true,stage6_competition::SUMCO::Shin-Etsu::推定竞争,2026-07-08,2026-07-08,2026-07-06,,,,unknown,检索快照,,2026-07-05;2026-07-06,需要内部验证,推断关系,E3-318,A:2;B-:4,公开资料检索,2026-10-08,公开资料不足以证明内部客户或当前交易关系，需要内部销售/客户数据确认。
SUMCO,Siltronic,推定竞争,同环节同产品龙头推定竞争：300mm硅片,E3-318;E3-321;E3-324;E3-329;E3-761;E3-763,medium-low,same_product_leader_presumed,true,true,stage6_competition::SUMCO::Siltronic::推定竞争,2026-07-08,2026-07-08,2026-07-06,,,,unknown,检索快照,,2026-07-05;2026-07-06,需要内部验证,推断关系,E3-318,A:2;B-:4,公开资料检索,2026-10-08,公开资料不足以证明内部客户或当前交易关系，需要内部销售/客户数据确认。
SUMCO,TCL中环,推定竞争,同环节同产品龙头推定竞争：300mm硅片,E3-307;E3-308;E3-309;E3-310;E3-311;E3-312;E3-315;E3-317;E3-321;E3-329;E3-761;E3-894,medium-low,same_product_leader_presumed,true,true,stage6_competition::SUMCO::TCL中环::推定竞争,2026-07-08,2026-07-08,2026-07-08,,,,unknown,检索快照,2022-09-08;2022-10-19;2026-01-22;2026-04-27;2026-05-13;2026-06-09,2026-07-05;2026-07-06;2026-07-08,需要内部验证,推断关系,E3-307,A:2;B:1;B-:9,公开资料检索,2026-10-08,公开资料不足以证明内部客户或当前交易关系，需要内部销售/客户数据确认。
SUMCO,沪硅产业,推定竞争,同环节同产品龙头推定竞争：300mm硅片,E3-307;E3-308;E3-309;E3-311;E3-312;E3-313;E3-314;E3-315;E3-316;E3-317;E3-321;E3-329;E3-761;E3-895,medium-low,same_product_leader_presumed,true,true,stage6_competition::SUMCO::沪硅产业::推定竞争,2026-07-08,2026-07-08,2026-07-08,,,,unknown,检索快照,2021-09-17;2022-01-12;2022-09-08;2022-10-19;2023-10-11;2026-04-27;2026-05-13;2026-06-09,2026-07-05;2026-07-06;2026-07-08,需要内部验证,推断关系,E3-307,A:2;B:2;B-:10,公开资料检索,2026-10-08,公开资料不足以证明内部客户或当前交易关系，需要内部销售/客户数据确认。
Shin-Etsu,Siltronic,推定竞争,同环节同产品龙头推定竞争：300mm硅片,E3-318;E3-321;E3-324;E3-329;E3-762;E3-763,medium-low,same_product_leader_presumed,true,true,stage6_competition::Shin-Etsu::Siltronic::推定竞争,2026-07-08,2026-07-08,2026-07-06,,,,unknown,检索快照,,2026-07-05;2026-07-06,需要内部验证,推断关系,E3-318,A:2;B-:4,公开资料检索,2026-10-08,公开资料不足以证明内部客户或当前交易关系，需要内部销售/客户数据确认。
Shin-Etsu,TCL中环,推定竞争,同环节同产品龙头推定竞争：300mm硅片,E3-307;E3-308;E3-309;E3-310;E3-311;E3-312;E3-315;E3-317;E3-318;E3-321;E3-324;E3-329;E3-762;E3-894,medium-low,same_product_leader_presumed,true,true,stage6_competition::Shin-Etsu::TCL中环::推定竞争,2026-07-08,2026-07-08,2026-07-08,,,,unknown,检索快照,2022-09-08;2022-10-19;2026-01-22;2026-04-27;2026-05-13;2026-06-09,2026-07-05;2026-07-06;2026-07-08,需要内部验证,推断关系,E3-307,A:2;B:1;B-:11,公开资料检索,2026-10-08,公开资料不足以证明内部客户或当前交易关系，需要内部销售/客户数据确认。
Shin-Etsu,沪硅产业,推定竞争,同环节同产品龙头推定竞争：300mm硅片,E3-307;E3-308;E3-309;E3-311;E3-312;E3-313;E3-314;E3-315;E3-316;E3-317;E3-318;E3-321;E3-324;E3-329;E3-762;E3-895,medium-low,same_product_leader_presumed,true,true,stage6_competition::Shin-Etsu::沪硅产业::推定竞争,2026-07-08,2026-07-08,2026-07-08,,,,unknown,检索快照,2021-09-17;2022-01-12;2022-09-08;2022-10-19;2023-10-11;2026-04-27;2026-05-13;2026-06-09,2026-07-05;2026-07-06;2026-07-08,需要内部验证,推断关系,E3-307,A:2;B:2;B-:12,公开资料检索,2026-10-08,公开资料不足以证明内部客户或当前交易关系，需要内部销售/客户数据确认。
Siltronic,TCL中环,推定竞争,同环节同产品龙头推定竞争：300mm硅片,E3-307;E3-308;E3-309;E3-310;E3-311;E3-312;E3-315;E3-317;E3-318;E3-324;E3-763;E3-894,medium-low,same_product_leader_presumed,true,true,stage6_competition::Siltronic::TCL中环::推定竞争,2026-07-08,2026-07-08,2026-07-08,,,,unknown,检索快照,2022-09-08;2022-10-19;2026-01-22;2026-04-27;2026-05-13;2026-06-09,2026-07-05;2026-07-06;2026-07-08,需要内部验证,推断关系,E3-307,A:2;B:1;B-:9,公开资料检索,2026-10-08,公开资料不足以证明内部客户或当前交易关系，需要内部销售/客户数据确认。
Siltronic,沪硅产业,推定竞争,同环节同产品龙头推定竞争：300mm硅片,E3-307;E3-308;E3-309;E3-311;E3-312;E3-313;E3-314;E3-315;E3-316;E3-317;E3-318;E3-324;E3-763;E3-895,medium-low,same_product_leader_presumed,true,true,stage6_competition::Siltronic::沪硅产业::推定竞争,2026-07-08,2026-07-08,2026-07-08,,,,unknown,检索快照,2021-09-17;2022-01-12;2022-09-08;2022-10-19;2023-10-11;2026-04-27;2026-05-13;2026-06-09,2026-07-05;2026-07-06;2026-07-08,需要内部验证,推断关系,E3-307,A:2;B:2;B-:10,公开资料检索,2026-10-08,公开资料不足以证明内部客户或当前交易关系，需要内部销售/客户数据确认。
TCL中环,沪硅产业,推定竞争,同环节同产品龙头推定竞争：300mm硅片,E3-307;E3-308;E3-309;E3-310;E3-311;E3-312;E3-313;E3-314;E3-315;E3-316;E3-317;E3-894;E3-895,medium-low,same_product_leader_presumed,true,true,stage6_competition::TCL中环::沪硅产业::推定竞争,2026-07-08,2026-07-08,2026-07-08,,,,unknown,检索快照,2021-09-17;2022-01-12;2022-09-08;2022-10-19;2023-10-11;2026-01-22;2026-04-27;2026-05-13;2026-06-09,2026-07-05;2026-07-08,需要内部验证,推断关系,E3-307,A:2;B:2;B-:9,公开资料检索,2026-10-08,公开资料不足以证明内部客户或当前交易关系，需要内部销售/客户数据确认。
DuPont,JSR,推定竞争,同环节同产品龙头推定竞争：光刻胶,E3-330;E3-342;E3-346;E3-347;E3-353;E3-764;E3-901,medium-low,same_product_leader_presumed,true,true,stage6_competition::DuPont::JSR::推定竞争,2026-07-08,2026-07-08,2026-07-08,,,,unknown,检索快照,2026-06-27,2026-07-05;2026-07-06;2026-07-08,需要内部验证,推断关系,E3-330,A:2;B:1;B-:4,公开资料检索,2026-10-08,公开资料不足以证明内部客户或当前交易关系，需要内部销售/客户数据确认。
DuPont,Shin-Etsu,推定竞争,同环节同产品龙头推定竞争：光刻胶,E3-330;E3-342;E3-346;E3-347;E3-353;E3-762;E3-764,medium-low,same_product_leader_presumed,true,true,stage6_competition::DuPont::Shin-Etsu::推定竞争,2026-07-08,2026-07-08,2026-07-06,,,,unknown,检索快照,2026-06-27,2026-07-05;2026-07-06,需要内部验证,推断关系,E3-330,A:2;B:1;B-:4,公开资料检索,2026-10-08,公开资料不足以证明内部客户或当前交易关系，需要内部销售/客户数据确认。
DuPont,TOK,推定竞争,同环节同产品龙头推定竞争：光刻胶,E3-342;E3-346;E3-347;E3-353;E3-764;E3-765,medium-low,same_product_leader_presumed,true,true,stage6_competition::DuPont::TOK::推定竞争,2026-07-08,2026-07-08,2026-07-06,,,,unknown,检索快照,,2026-07-05;2026-07-06,需要内部验证,推断关系,E3-342,A:2;B-:4,公开资料检索,2026-10-08,公开资料不足以证明内部客户或当前交易关系，需要内部销售/客户数据确认。
DuPont,彤程新材,推定竞争,同环节同产品龙头推定竞争：光刻胶,E3-330;E3-331;E3-332;E3-333;E3-334;E3-336;E3-337;E3-338;E3-339;E3-340;E3-341;E3-342;E3-347;E3-764;E3-898,medium-low,same_product_leader_presumed,true,true,stage6_competition::DuPont::彤程新材::推定竞争,2026-07-08,2026-07-08,2026-07-08,,,,unknown,检索快照,2021-09-30;2022-03-15;2024-04-23;2024-06-13;2024-06-17;2025-08-21;2026-01-07;2026-01-09;2026-01-15;2026-06-27,2026-07-05;2026-07-06;2026-07-08,需要内部验证,推断关系,E3-330,A:2;B:2;B-:11,公开资料检索,2026-10-08,公开资料不足以证明内部客户或当前交易关系，需要内部销售/客户数据确认。
JSR,Shin-Etsu,推定竞争,同环节同产品龙头推定竞争：光刻胶,E3-330;E3-342;E3-346;E3-347;E3-353;E3-762;E3-901,medium-low,same_product_leader_presumed,true,true,stage6_competition::JSR::Shin-Etsu::推定竞争,2026-07-08,2026-07-08,2026-07-08,,,,unknown,检索快照,2026-06-27,2026-07-05;2026-07-06;2026-07-08,需要内部验证,推断关系,E3-330,A:2;B:1;B-:4,公开资料检索,2026-10-08,公开资料不足以证明内部客户或当前交易关系，需要内部销售/客户数据确认。
JSR,TOK,推定竞争,同环节同产品龙头推定竞争：光刻胶,E3-330;E3-342;E3-346;E3-347;E3-353;E3-765;E3-901,medium-low,same_product_leader_presumed,true,true,stage6_competition::JSR::TOK::推定竞争,2026-07-08,2026-07-08,2026-07-08,,,,unknown,检索快照,2026-06-27,2026-07-05;2026-07-06;2026-07-08,需要内部验证,推断关系,E3-330,A:2;B:1;B-:4,公开资料检索,2026-10-08,公开资料不足以证明内部客户或当前交易关系，需要内部销售/客户数据确认。
JSR,彤程新材,推定竞争,同环节同产品龙头推定竞争：光刻胶,E3-330;E3-331;E3-332;E3-333;E3-334;E3-336;E3-337;E3-338;E3-339;E3-340;E3-341;E3-342;E3-346;E3-347;E3-353;E3-898;E3-901,medium-low,same_product_leader_presumed,true,true,stage6_competition::JSR::彤程新材::推定竞争,2026-07-08,2026-07-08,2026-07-08,,,,unknown,检索快照,2021-09-30;2022-03-15;2024-04-23;2024-06-13;2024-06-17;2025-08-21;2026-01-07;2026-01-09;2026-01-15;2026-06-27,2026-07-05;2026-07-08,需要内部验证,推断关系,E3-330,A:2;B:2;B-:13,公开资料检索,2026-10-08,公开资料不足以证明内部客户或当前交易关系，需要内部销售/客户数据确认。
Shin-Etsu,TOK,推定竞争,同环节同产品龙头推定竞争：光刻胶,E3-330;E3-346;E3-347;E3-353;E3-762;E3-765,medium-low,same_product_leader_presumed,true,true,stage6_competition::Shin-Etsu::TOK::推定竞争,2026-07-08,2026-07-08,2026-07-06,,,,unknown,检索快照,2026-06-27,2026-07-05;2026-07-06,需要内部验证,推断关系,E3-330,A:2;B:1;B-:3,公开资料检索,2026-10-08,公开资料不足以证明内部客户或当前交易关系，需要内部销售/客户数据确认。
Shin-Etsu,彤程新材,推定竞争,同环节同产品龙头推定竞争：光刻胶,E3-330;E3-331;E3-332;E3-333;E3-334;E3-336;E3-337;E3-338;E3-339;E3-340;E3-341;E3-346;E3-347;E3-353;E3-762;E3-898,medium-low,same_product_leader_presumed,true,true,stage6_competition::Shin-Etsu::彤程新材::推定竞争,2026-07-08,2026-07-08,2026-07-08,,,,unknown,检索快照,2021-09-30;2022-03-15;2024-04-23;2024-06-13;2024-06-17;2025-08-21;2026-01-07;2026-01-09;2026-01-15;2026-06-27,2026-07-05;2026-07-06;2026-07-08,需要内部验证,推断关系,E3-330,A:2;B:2;B-:12,公开资料检索,2026-10-08,公开资料不足以证明内部客户或当前交易关系，需要内部销售/客户数据确认。
TOK,彤程新材,推定竞争,同环节同产品龙头推定竞争：光刻胶,E3-330;E3-331;E3-332;E3-333;E3-334;E3-336;E3-337;E3-338;E3-339;E3-340;E3-341;E3-346;E3-347;E3-353;E3-765;E3-898,medium-low,same_product_leader_presumed,true,true,stage6_competition::TOK::彤程新材::推定竞争,2026-07-08,2026-07-08,2026-07-08,,,,unknown,检索快照,2021-09-30;2022-03-15;2024-04-23;2024-06-13;2024-06-17;2025-08-21;2026-01-07;2026-01-09;2026-01-15;2026-06-27,2026-07-05;2026-07-06;2026-07-08,需要内部验证,推断关系,E3-330,A:2;B:2;B-:12,公开资料检索,2026-10-08,公开资料不足以证明内部客户或当前交易关系，需要内部销售/客户数据确认。
DuPont,Entegris,推定竞争,同环节同产品龙头推定竞争：CMP抛光液,E3-342;E3-347;E3-373;E3-403;E3-404;E3-414;E3-418;E3-421;E3-764;E3-766,medium-low,same_product_leader_presumed,true,true,stage6_competition::DuPont::Entegris::推定竞争,2026-07-08,2026-07-08,2026-07-06,,,,unknown,检索快照,2026-03-11;2026-03-19,2026-07-05;2026-07-06,需要内部验证,推断关系,E3-342,A:2;B-:8,公开资料检索,2026-10-08,公开资料不足以证明内部客户或当前交易关系，需要内部销售/客户数据确认。
DuPont,安集科技,推定竞争,同环节同产品龙头推定竞争：CMP抛光液,E3-342;E3-347;E3-402;E3-403;E3-404;E3-405;E3-406;E3-407;E3-409;E3-410;E3-411;E3-412;E3-413;E3-414;E3-418;E3-421;E3-764;E3-803,medium-low,same_product_leader_presumed,true,true,stage6_competition::DuPont::安集科技::推定竞争,2026-07-08,2026-07-08,2026-07-06,,,,unknown,检索快照,2019-07-09;2020-10-29;2021-06-29;2022-06-28;2022-07-01;2026-03-10;2026-03-11;2026-03-19;2026-03-20;2026-06-09,2026-07-05;2026-07-06,需要内部验证,推断关系,E3-342,A:2;B-:16,公开资料检索,2026-10-08,公开资料不足以证明内部客户或当前交易关系，需要内部销售/客户数据确认。
Entegris,安集科技,推定竞争,同环节同产品龙头推定竞争：CMP抛光液,E3-373;E3-402;E3-403;E3-404;E3-405;E3-406;E3-407;E3-409;E3-410;E3-411;E3-412;E3-413;E3-414;E3-418;E3-421;E3-766;E3-803,medium-low,same_product_leader_presumed,true,true,stage6_competition::Entegris::安集科技::推定竞争,2026-07-08,2026-07-08,2026-07-06,,,,unknown,检索快照,2019-07-09;2020-10-29;2021-06-29;2022-06-28;2022-07-01;2026-03-10;2026-03-11;2026-03-19;2026-03-20;2026-06-09,2026-07-05;2026-07-06,需要内部验证,推断关系,E3-373,A:2;B-:15,公开资料检索,2026-10-08,公开资料不足以证明内部客户或当前交易关系，需要内部销售/客户数据确认。
Air Liquide,Entegris,推定竞争,同环节同产品龙头推定竞争：电子特气,E3-362;E3-363;E3-368;E3-370;E3-372;E3-373;E3-375;E3-376;E3-377;E3-414;E3-418;E3-421;E3-766;E3-767,medium-low,same_product_leader_presumed,true,true,stage6_competition::Air Liquide::Entegris::推定竞争,2026-07-08,2026-07-08,2026-07-06,,,,unknown,检索快照,2020-06-26;2020-06-29,2026-07-05;2026-07-06,需要内部验证,推断关系,E3-362,A:2;B-:12,公开资料检索,2026-10-08,公开资料不足以证明内部客户或当前交易关系，需要内部销售/客户数据确认。
Air Liquide,Linde,推定竞争,同环节同产品龙头推定竞争：电子特气,E3-362;E3-363;E3-366;E3-368;E3-370;E3-372;E3-374;E3-375;E3-376;E3-377;E3-767;E3-768,medium-low,same_product_leader_presumed,true,true,stage6_competition::Air Liquide::Linde::推定竞争,2026-07-08,2026-07-08,2026-07-06,,,,unknown,检索快照,2020-06-26;2020-06-29,2026-07-05;2026-07-06,需要内部验证,推断关系,E3-362,A:2;B-:10,公开资料检索,2026-10-08,公开资料不足以证明内部客户或当前交易关系，需要内部销售/客户数据确认。
Air Liquide,华特气体,推定竞争,同环节同产品龙头推定竞争：电子特气,E3-354;E3-355;E3-356;E3-357;E3-358;E3-359;E3-361;E3-362;E3-363;E3-364;E3-368;E3-370;E3-372;E3-375;E3-376;E3-377;E3-767;E3-902,medium-low,same_product_leader_presumed,true,true,stage6_competition::Air Liquide::华特气体::推定竞争,2026-07-08,2026-07-08,2026-07-08,,,,unknown,检索快照,2020-06-26;2020-06-29;2021-12-01;2024-05-28;2026-01-08;2026-04-27;2026-06-29,2026-07-05;2026-07-06;2026-07-08,需要内部验证,推断关系,E3-354,A:2;B:1;B-:15,公开资料检索,2026-10-08,公开资料不足以证明内部客户或当前交易关系，需要内部销售/客户数据确认。
Entegris,Linde,推定竞争,同环节同产品龙头推定竞争：电子特气,E3-362;E3-363;E3-366;E3-368;E3-370;E3-373;E3-374;E3-375;E3-414;E3-418;E3-421;E3-766;E3-768,medium-low,same_product_leader_presumed,true,true,stage6_competition::Entegris::Linde::推定竞争,2026-07-08,2026-07-08,2026-07-06,,,,unknown,检索快照,2020-06-26;2020-06-29,2026-07-05;2026-07-06,需要内部验证,推断关系,E3-362,A:2;B-:11,公开资料检索,2026-10-08,公开资料不足以证明内部客户或当前交易关系，需要内部销售/客户数据确认。
Entegris,华特气体,推定竞争,同环节同产品龙头推定竞争：电子特气,E3-354;E3-355;E3-356;E3-357;E3-358;E3-359;E3-361;E3-362;E3-363;E3-364;E3-373;E3-414;E3-418;E3-421;E3-766;E3-902,medium-low,same_product_leader_presumed,true,true,stage6_competition::Entegris::华特气体::推定竞争,2026-07-08,2026-07-08,2026-07-08,,,,unknown,检索快照,2020-06-26;2020-06-29;2021-12-01;2024-05-28;2026-01-08;2026-04-27;2026-06-29,2026-07-05;2026-07-06;2026-07-08,需要内部验证,推断关系,E3-354,A:2;B:1;B-:13,公开资料检索,2026-10-08,公开资料不足以证明内部客户或当前交易关系，需要内部销售/客户数据确认。
Linde,华特气体,推定竞争,同环节同产品龙头推定竞争：电子特气,E3-354;E3-355;E3-356;E3-357;E3-358;E3-359;E3-361;E3-362;E3-363;E3-364;E3-366;E3-368;E3-370;E3-374;E3-375;E3-768;E3-902,medium-low,same_product_leader_presumed,true,true,stage6_competition::Linde::华特气体::推定竞争,2026-07-08,2026-07-08,2026-07-08,,,,unknown,检索快照,2020-06-26;2020-06-29;2021-12-01;2024-05-28;2026-01-08;2026-04-27;2026-06-29,2026-07-05;2026-07-06;2026-07-08,需要内部验证,推断关系,E3-354,A:2;B:1;B-:14,公开资料检索,2026-10-08,公开资料不足以证明内部客户或当前交易关系，需要内部销售/客户数据确认。
JX Advanced Metals,Tosoh,推定竞争,同环节同产品龙头推定竞争：溅射靶材,E3-390;E3-393;E3-395;E3-396;E3-401;E3-800;E3-802,medium-low,same_product_leader_presumed,true,true,stage6_competition::JX Advanced Metals::Tosoh::推定竞争,2026-07-08,2026-07-08,2026-07-06,,,,unknown,检索快照,,2026-07-05;2026-07-06,需要内部验证,推断关系,E3-390,A:2;B-:5,公开资料检索,2026-10-08,公开资料不足以证明内部客户或当前交易关系，需要内部销售/客户数据确认。
JX Advanced Metals,江丰电子,推定竞争,同环节同产品龙头推定竞争：溅射靶材,E3-378;E3-379;E3-380;E3-381;E3-382;E3-383;E3-384;E3-385;E3-386;E3-387;E3-388;E3-389;E3-390;E3-393;E3-395;E3-396;E3-800;E3-905,medium-low,same_product_leader_presumed,true,true,stage6_competition::JX Advanced Metals::江丰电子::推定竞争,2026-07-08,2026-07-08,2026-07-08,,,,unknown,检索快照,2018-04-26;2018-07-31;2018-08-31;2021-03-30;2023-01-08;2024-11-21;2026-02-09;2026-06-09;2026-06-25;2026-06-29;2026-06-30,2026-07-05;2026-07-06;2026-07-08,需要内部验证,推断关系,E3-378,A:2;B:3;B-:13,公开资料检索,2026-10-08,公开资料不足以证明内部客户或当前交易关系，需要内部销售/客户数据确认。
Tosoh,江丰电子,推定竞争,同环节同产品龙头推定竞争：溅射靶材,E3-378;E3-379;E3-380;E3-381;E3-382;E3-383;E3-384;E3-385;E3-386;E3-387;E3-388;E3-389;E3-393;E3-396;E3-401;E3-802;E3-905,medium-low,same_product_leader_presumed,true,true,stage6_competition::Tosoh::江丰电子::推定竞争,2026-07-08,2026-07-08,2026-07-08,,,,unknown,检索快照,2018-04-26;2018-07-31;2018-08-31;2021-03-30;2023-01-08;2024-11-21;2026-02-09;2026-06-09;2026-06-25;2026-06-29;2026-06-30,2026-07-05;2026-07-06;2026-07-08,需要内部验证,推断关系,E3-378,A:2;B:3;B-:12,公开资料检索,2026-10-08,公开资料不足以证明内部客户或当前交易关系，需要内部销售/客户数据确认。
Ibiden,Unimicron,推定竞争,同环节同产品龙头推定竞争：ABF载板,E3-438;E3-439;E3-442;E3-443;E3-444;E3-445;E3-446;E3-448;E3-449;E3-805;E3-918,medium-low,same_product_leader_presumed,true,true,stage6_competition::Ibiden::Unimicron::推定竞争,2026-07-08,2026-07-08,2026-07-08,,,,unknown,检索快照,,2026-07-05;2026-07-06;2026-07-08,需要内部验证,推断关系,E3-438,A:2;B-:9,公开资料检索,2026-10-08,公开资料不足以证明内部客户或当前交易关系，需要内部销售/客户数据确认。
Shinko Electric,兴森科技,推定竞争,同环节同产品龙头推定竞争：封装基板,E3-426;E3-428;E3-433;E3-434;E3-436;E3-437;E3-438;E3-442;E3-446;E3-806;E3-807,medium-low,same_product_leader_presumed,true,true,stage6_competition::Shinko Electric::兴森科技::推定竞争,2026-07-08,2026-07-08,2026-07-06,,,,unknown,检索快照,2022-04-23;2023-11-12;2024-02-22;2024-10-12;2026-03-25;2026-05-21,2026-07-05;2026-07-06,需要内部验证,推断关系,E3-426,A:2;B-:9,公开资料检索,2026-10-08,公开资料不足以证明内部客户或当前交易关系，需要内部销售/客户数据确认。
Shinko Electric,深南电路,推定竞争,同环节同产品龙头推定竞争：封装基板,E3-426;E3-427;E3-428;E3-432;E3-434;E3-435;E3-437;E3-438;E3-442;E3-446;E3-806;E3-808,medium-low,same_product_leader_presumed,true,true,stage6_competition::Shinko Electric::深南电路::推定竞争,2026-07-08,2026-07-08,2026-07-06,,,,unknown,检索快照,2021-07-09;2022-04-23;2023-08-23;2024-10-12;2026-01-19;2026-03-25;2026-05-21,2026-07-05;2026-07-06,需要内部验证,推断关系,E3-426,A:2;B-:10,公开资料检索,2026-10-08,公开资料不足以证明内部客户或当前交易关系，需要内部销售/客户数据确认。
兴森科技,深南电路,推定竞争,同环节同产品龙头推定竞争：封装基板,E3-426;E3-427;E3-428;E3-432;E3-433;E3-434;E3-435;E3-436;E3-437;E3-807;E3-808,medium-low,same_product_leader_presumed,true,true,stage6_competition::兴森科技::深南电路::推定竞争,2026-07-08,2026-07-08,2026-07-06,,,,unknown,检索快照,2021-07-09;2022-04-23;2023-08-23;2023-11-12;2024-02-22;2024-10-12;2026-01-19;2026-03-25;2026-05-21,2026-07-05;2026-07-06,需要内部验证,推断关系,E3-426,A:2;B-:9,公开资料检索,2026-10-08,公开资料不足以证明内部客户或当前交易关系，需要内部销售/客户数据确认。
ASE,Powertech,推定竞争,同环节同产品龙头推定竞争：封装测试服务,E3-452;E3-466;E3-470;E3-471;E3-477;E3-485;E3-486;E3-488;E3-489;E3-491;E3-493;E3-494;E3-495;E3-769;E3-809,medium-low,same_product_leader_presumed,true,true,stage6_competition::ASE::Powertech::推定竞争,2026-07-08,2026-07-08,2026-07-06,,,,unknown,检索快照,2023-10-16;2026-05-29,2026-07-05;2026-07-06,需要内部验证,推断关系,E3-452,A:2;A-:1;B-:12,公开资料检索,2026-10-08,公开资料不足以证明内部客户或当前交易关系，需要内部销售/客户数据确认。
Amkor,Powertech,推定竞争,同环节同产品龙头推定竞争：封装测试服务,E3-452;E3-466;E3-470;E3-471;E3-485;E3-486;E3-488;E3-489;E3-490;E3-491;E3-493;E3-494;E3-495;E3-770;E3-809,medium-low,same_product_leader_presumed,true,true,stage6_competition::Amkor::Powertech::推定竞争,2026-07-08,2026-07-08,2026-07-06,,,,unknown,检索快照,2026-05-29,2026-07-05;2026-07-06,需要内部验证,推断关系,E3-452,A:2;A-:1;B-:12,公开资料检索,2026-10-08,公开资料不足以证明内部客户或当前交易关系，需要内部销售/客户数据确认。
Powertech,华天科技,推定竞争,同环节同产品龙头推定竞争：封装测试服务,E3-450;E3-451;E3-452;E3-453;E3-455;E3-456;E3-457;E3-458;E3-459;E3-460;E3-461;E3-475;E3-476;E3-480;E3-482;E3-483;E3-484;E3-486;E3-493;E3-494;E3-809;E3-871;E3-872,medium-low,same_product_leader_presumed,true,true,stage6_competition::Powertech::华天科技::推定竞争,2026-07-08,2026-07-08,2026-07-08,,,,unknown,检索快照,2021-04-20;2021-12-15;2022-01-01;2023-05-17;2023-07-19;2023-11-04;2024-05-02;2024-05-15;2024-06-21;2024-09-20;2024-11-10;2026-05-06;2026-05-25;2026-05-29;2026-06-19;2026-06-21,2026-07-05;2026-07-06;2026-07-08,需要内部验证,推断关系,E3-450,A:3;B:4;B-:16,公开资料检索,2026-10-08,公开资料不足以证明内部客户或当前交易关系，需要内部销售/客户数据确认。
Powertech,通富微电,推定竞争,同环节同产品龙头推定竞争：封装测试服务,E3-450;E3-451;E3-452;E3-453;E3-455;E3-456;E3-457;E3-458;E3-459;E3-460;E3-461;E3-475;E3-476;E3-480;E3-481;E3-482;E3-483;E3-484;E3-486;E3-493;E3-494;E3-809;E3-811;E3-910,medium-low,same_product_leader_presumed,true,true,stage6_competition::Powertech::通富微电::推定竞争,2026-07-08,2026-07-08,2026-07-08,,,,unknown,检索快照,2021-04-20;2021-12-15;2022-01-01;2023-03-27;2023-05-17;2023-07-19;2023-11-04;2024-05-02;2024-05-15;2024-06-21;2024-09-20;2024-11-10;2026-05-06;2026-05-25;2026-05-29;2026-06-19;2026-06-21,2026-07-05;2026-07-06;2026-07-08,需要内部验证,推断关系,E3-450,A:2;A-:1;B:4;B-:17,公开资料检索,2026-10-08,公开资料不足以证明内部客户或当前交易关系，需要内部销售/客户数据确认。
Powertech,长电科技,推定竞争,同环节同产品龙头推定竞争：封装测试服务,E3-450;E3-451;E3-452;E3-453;E3-455;E3-456;E3-457;E3-458;E3-459;E3-460;E3-461;E3-474;E3-475;E3-476;E3-477;E3-478;E3-479;E3-480;E3-481;E3-482;E3-483;E3-484;E3-485;E3-486;E3-489;E3-491;E3-493;E3-494;E3-809;E3-869;E3-870,medium-low,same_product_leader_presumed,true,true,stage6_competition::Powertech::长电科技::推定竞争,2026-07-08,2026-07-08,2026-07-08,,,,unknown,检索快照,2021-04-20;2021-12-15;2022-01-01;2023-03-27;2023-05-17;2023-07-19;2023-10-16;2023-11-04;2024-05-02;2024-05-15;2024-06-21;2024-06-27;2024-08-26;2024-09-19;2024-09-20;2024-11-10;2026-05-06;2026-05-25;2026-05-29;2026-06-19;2026-06-21,2026-07-05;2026-07-06;2026-07-08,需要内部验证,推断关系,E3-450,A:1;A-:3;B:4;B-:23,公开资料检索,2026-10-08,公开资料不足以证明内部客户或当前交易关系，需要内部销售/客户数据确认。
Kioxia,Micron,推定竞争,同环节同产品龙头推定竞争：NAND闪存芯片,E3-520;E3-521;E3-522;E3-525;E3-527;E3-528;E3-531;E3-532;E3-533;E3-534;E3-541;E3-542;E3-543;E3-814;E3-815,medium-low,same_product_leader_presumed,true,true,stage6_competition::Kioxia::Micron::推定竞争,2026-07-08,2026-07-08,2026-07-06,,,,unknown,检索快照,2026-04-03;2026-05-19;2026-05-20;2026-06-03,2026-07-05;2026-07-06,需要内部验证,推断关系,E3-520,A:2;B-:13,公开资料检索,2026-10-08,公开资料不足以证明内部客户或当前交易关系，需要内部销售/客户数据确认。
Kioxia,SK hynix,推定竞争,同环节同产品龙头推定竞争：NAND闪存芯片,E3-450;E3-451;E3-453;E3-455;E3-471;E3-498;E3-499;E3-503;E3-504;E3-505;E3-506;E3-508;E3-509;E3-510;E3-511;E3-512;E3-513;E3-514;E3-515;E3-516;E3-517;E3-518;E3-519;E3-520;E3-521;E3-522;E3-523;E3-524;E3-525;E3-527;E3-528;E3-531;E3-532;E3-533;E3-534;E3-541;E3-542;E3-543;E3-814;E3-816;E3-845;E3-916,medium-low,same_product_leader_presumed,true,true,stage6_competition::Kioxia::SK hynix::推定竞争,2026-07-08,2026-07-08,2026-07-08,,,,unknown,检索快照,2026-02-01;2026-03-03;2026-04-03;2026-05-06;2026-05-19;2026-05-20;2026-05-25;2026-05-27;2026-05-29;2026-06-03;2026-06-15;2026-06-19;2026-06-21,2026-07-05;2026-07-06;2026-07-07;2026-07-08,需要内部验证,推断关系,E3-450,A:1;A-:4;B:5;B-:32,公开资料检索,2026-10-08,公开资料不足以证明内部客户或当前交易关系，需要内部销售/客户数据确认。
Kioxia,Samsung,推定竞争,同环节同产品龙头推定竞争：NAND闪存芯片,E3-520;E3-521;E3-522;E3-523;E3-524;E3-525;E3-526;E3-527;E3-528;E3-531;E3-532;E3-533;E3-534;E3-541;E3-542;E3-543;E3-772;E3-775;E3-814,medium-low,same_product_leader_presumed,true,true,stage6_competition::Kioxia::Samsung::推定竞争,2026-07-08,2026-07-08,2026-07-06,,,,unknown,检索快照,2026-02-01;2026-04-03;2026-05-19;2026-05-20;2026-05-30;2026-06-03,2026-07-05;2026-07-06,需要内部验证,推断关系,E3-520,A:3;B-:16,公开资料检索,2026-10-08,公开资料不足以证明内部客户或当前交易关系，需要内部销售/客户数据确认。
Kioxia,Western Digital,推定竞争,同环节同产品龙头推定竞争：NAND闪存芯片,E3-520;E3-521;E3-522;E3-525;E3-527;E3-528;E3-531;E3-532;E3-533;E3-541;E3-542;E3-543;E3-814;E3-827,medium-low,same_product_leader_presumed,true,true,stage6_competition::Kioxia::Western Digital::推定竞争,2026-07-08,2026-07-08,2026-07-06,,,,unknown,检索快照,2026-04-03;2026-05-19;2026-05-20;2026-06-03,2026-07-05;2026-07-06,需要内部验证,推断关系,E3-520,A:2;B-:12,公开资料检索,2026-10-08,公开资料不足以证明内部客户或当前交易关系，需要内部销售/客户数据确认。
Kioxia,长江存储,推定竞争,同环节同产品龙头推定竞争：NAND闪存芯片,E3-520;E3-521;E3-522;E3-523;E3-524;E3-525;E3-526;E3-527;E3-528;E3-529;E3-530;E3-531;E3-532;E3-533;E3-541;E3-542;E3-543;E3-813;E3-814,medium-low,same_product_leader_presumed,true,true,stage6_competition::Kioxia::长江存储::推定竞争,2026-07-08,2026-07-08,2026-07-06,,,,unknown,检索快照,2026-02-01;2026-04-03;2026-05-19;2026-05-20;2026-05-30;2026-06-03,2026-07-05;2026-07-06,需要内部验证,推断关系,E3-520,A:2;B-:17,公开资料检索,2026-10-08,公开资料不足以证明内部客户或当前交易关系，需要内部销售/客户数据确认。
Micron,Western Digital,推定竞争,同环节同产品龙头推定竞争：NAND闪存芯片,E3-520;E3-521;E3-522;E3-525;E3-527;E3-528;E3-531;E3-532;E3-533;E3-534;E3-541;E3-542;E3-543;E3-815;E3-827,medium-low,same_product_leader_presumed,true,true,stage6_competition::Micron::Western Digital::推定竞争,2026-07-08,2026-07-08,2026-07-06,,,,unknown,检索快照,2026-04-03;2026-05-19;2026-05-20;2026-06-03,2026-07-05;2026-07-06,需要内部验证,推断关系,E3-520,A:2;B-:13,公开资料检索,2026-10-08,公开资料不足以证明内部客户或当前交易关系，需要内部销售/客户数据确认。
Micron,长江存储,推定竞争,同环节同产品龙头推定竞争：NAND闪存芯片,E3-520;E3-521;E3-522;E3-523;E3-524;E3-525;E3-526;E3-527;E3-528;E3-529;E3-530;E3-531;E3-532;E3-533;E3-534;E3-541;E3-542;E3-543;E3-813;E3-815,medium-low,same_product_leader_presumed,true,true,stage6_competition::Micron::长江存储::推定竞争,2026-07-08,2026-07-08,2026-07-06,,,,unknown,检索快照,2026-02-01;2026-04-03;2026-05-19;2026-05-20;2026-05-30;2026-06-03,2026-07-05;2026-07-06,需要内部验证,推断关系,E3-520,A:2;B-:18,公开资料检索,2026-10-08,公开资料不足以证明内部客户或当前交易关系，需要内部销售/客户数据确认。
SK hynix,Western Digital,推定竞争,同环节同产品龙头推定竞争：NAND闪存芯片,E3-450;E3-451;E3-453;E3-455;E3-471;E3-498;E3-499;E3-503;E3-504;E3-505;E3-506;E3-508;E3-509;E3-510;E3-511;E3-512;E3-513;E3-514;E3-515;E3-516;E3-517;E3-518;E3-519;E3-520;E3-521;E3-522;E3-523;E3-524;E3-525;E3-527;E3-528;E3-531;E3-532;E3-533;E3-534;E3-541;E3-542;E3-543;E3-816;E3-827;E3-845;E3-916,medium-low,same_product_leader_presumed,true,true,stage6_competition::SK hynix::Western Digital::推定竞争,2026-07-08,2026-07-08,2026-07-08,,,,unknown,检索快照,2026-02-01;2026-03-03;2026-04-03;2026-05-06;2026-05-19;2026-05-20;2026-05-25;2026-05-27;2026-05-29;2026-06-03;2026-06-15;2026-06-19;2026-06-21,2026-07-05;2026-07-06;2026-07-07;2026-07-08,需要内部验证,推断关系,E3-450,A:1;A-:4;B:5;B-:32,公开资料检索,2026-10-08,公开资料不足以证明内部客户或当前交易关系，需要内部销售/客户数据确认。
SK hynix,长江存储,推定竞争,同环节同产品龙头推定竞争：NAND闪存芯片,E3-450;E3-451;E3-453;E3-455;E3-471;E3-498;E3-499;E3-503;E3-504;E3-505;E3-506;E3-508;E3-509;E3-510;E3-511;E3-512;E3-513;E3-514;E3-515;E3-516;E3-517;E3-518;E3-519;E3-520;E3-521;E3-522;E3-523;E3-524;E3-525;E3-526;E3-527;E3-528;E3-529;E3-530;E3-531;E3-532;E3-533;E3-534;E3-541;E3-542;E3-543;E3-813;E3-816;E3-845;E3-916,medium-low,same_product_leader_presumed,true,true,stage6_competition::SK hynix::长江存储::推定竞争,2026-07-08,2026-07-08,2026-07-08,,,,unknown,检索快照,2026-02-01;2026-03-03;2026-04-03;2026-05-06;2026-05-19;2026-05-20;2026-05-25;2026-05-27;2026-05-29;2026-05-30;2026-06-03;2026-06-15;2026-06-19;2026-06-21,2026-07-05;2026-07-06;2026-07-07;2026-07-08,需要内部验证,推断关系,E3-450,A:1;A-:4;B:5;B-:35,公开资料检索,2026-10-08,公开资料不足以证明内部客户或当前交易关系，需要内部销售/客户数据确认。
Samsung,Western Digital,推定竞争,同环节同产品龙头推定竞争：NAND闪存芯片,E3-520;E3-521;E3-522;E3-523;E3-524;E3-525;E3-526;E3-527;E3-528;E3-531;E3-532;E3-533;E3-534;E3-541;E3-542;E3-543;E3-772;E3-775;E3-827,medium-low,same_product_leader_presumed,true,true,stage6_competition::Samsung::Western Digital::推定竞争,2026-07-08,2026-07-08,2026-07-06,,,,unknown,检索快照,2026-02-01;2026-04-03;2026-05-19;2026-05-20;2026-05-30;2026-06-03,2026-07-05;2026-07-06,需要内部验证,推断关系,E3-520,A:3;B-:16,公开资料检索,2026-10-08,公开资料不足以证明内部客户或当前交易关系，需要内部销售/客户数据确认。
Samsung,长江存储,推定竞争,同环节同产品龙头推定竞争：NAND闪存芯片,E3-520;E3-521;E3-522;E3-523;E3-524;E3-525;E3-526;E3-527;E3-528;E3-529;E3-530;E3-531;E3-532;E3-533;E3-534;E3-541;E3-542;E3-543;E3-772;E3-775;E3-813,medium-low,same_product_leader_presumed,true,true,stage6_competition::Samsung::长江存储::推定竞争,2026-07-08,2026-07-08,2026-07-06,,,,unknown,检索快照,2026-02-01;2026-04-03;2026-05-19;2026-05-20;2026-05-30;2026-06-03,2026-07-05;2026-07-06,需要内部验证,推断关系,E3-520,A:3;B-:18,公开资料检索,2026-10-08,公开资料不足以证明内部客户或当前交易关系，需要内部销售/客户数据确认。
Western Digital,长江存储,推定竞争,同环节同产品龙头推定竞争：NAND闪存芯片,E3-520;E3-521;E3-522;E3-523;E3-524;E3-525;E3-526;E3-527;E3-528;E3-529;E3-530;E3-531;E3-532;E3-533;E3-541;E3-542;E3-543;E3-813;E3-827,medium-low,same_product_leader_presumed,true,true,stage6_competition::Western Digital::长江存储::推定竞争,2026-07-08,2026-07-08,2026-07-06,,,,unknown,检索快照,2026-02-01;2026-04-03;2026-05-19;2026-05-20;2026-05-30;2026-06-03,2026-07-05;2026-07-06,需要内部验证,推断关系,E3-520,A:2;B-:17,公开资料检索,2026-10-08,公开资料不足以证明内部客户或当前交易关系，需要内部销售/客户数据确认。
Coherent,Wolfspeed,推定竞争,同环节同产品龙头推定竞争：SiC衬底,E3-592;E3-602;E3-603;E3-605;E3-607;E3-608;E3-620;E3-627;E3-628;E3-629;E3-630;E3-634;E3-636;E3-637;E3-639;E3-779;E3-821,medium-low,same_product_leader_presumed,true,true,stage6_competition::Coherent::Wolfspeed::推定竞争,2026-07-08,2026-07-08,2026-07-06,,,,unknown,检索快照,2024-12-07;2026-03-17;2026-04-01;2026-06-28;2026-07-02,2026-07-05;2026-07-06,需要内部验证,推断关系,E3-592,A:2;B:1;B-:14,公开资料检索,2026-10-08,公开资料不足以证明内部客户或当前交易关系，需要内部销售/客户数据确认。
Coherent,三安光电,推定竞争,同环节同产品龙头推定竞争：SiC衬底,E3-592;E3-595;E3-624;E3-646;E3-647;E3-648;E3-649;E3-650;E3-821;E3-828;E3-857;E3-858;E3-859,medium-low,same_product_leader_presumed,true,true,stage6_competition::Coherent::三安光电::推定竞争,2026-07-08,2026-07-08,2026-07-08,,,,unknown,检索快照,2020-11-20;2021-04-12;2021-11-05;2023-07-07;2023-08-06;2025-12-05;2026-03-17;2026-05-21,2026-07-05;2026-07-06;2026-07-08,需要内部验证,推断关系,E3-592,A:5;B:3;B-:5,公开资料检索,2026-10-08,公开资料不足以证明内部客户或当前交易关系，需要内部销售/客户数据确认。
Coherent,天岳先进,推定竞争,同环节同产品龙头推定竞争：SiC衬底,E3-592;E3-593;E3-595;E3-596;E3-597;E3-598;E3-599;E3-600;E3-601;E3-602;E3-603;E3-821;E3-912,medium-low,same_product_leader_presumed,true,true,stage6_competition::Coherent::天岳先进::推定竞争,2026-07-08,2026-07-08,2026-07-08,,,,unknown,检索快照,2026-03-17;2026-03-27;2026-03-31;2026-04-01;2026-04-06;2026-04-08;2026-05-08;2026-05-15;2026-05-21;2026-07-02;2026-07-03,2026-07-05;2026-07-06;2026-07-08,需要内部验证,推断关系,E3-592,A:2;B:2;B-:9,公开资料检索,2026-10-08,公开资料不足以证明内部客户或当前交易关系，需要内部销售/客户数据确认。
Coherent,天科合达,推定竞争,同环节同产品龙头推定竞争：SiC衬底,E3-592;E3-593;E3-595;E3-602;E3-603;E3-821;E3-913,medium-low,same_product_leader_presumed,true,true,stage6_competition::Coherent::天科合达::推定竞争,2026-07-08,2026-07-08,2026-07-08,,,,unknown,检索快照,2026-03-17;2026-03-31;2026-04-01;2026-05-21;2026-07-02,2026-07-05;2026-07-06;2026-07-08,需要内部验证,推断关系,E3-592,A:2;B:2;B-:3,公开资料检索,2026-10-08,公开资料不足以证明内部客户或当前交易关系，需要内部销售/客户数据确认。
Wolfspeed,天岳先进,推定竞争,同环节同产品龙头推定竞争：SiC衬底,E3-592;E3-593;E3-595;E3-596;E3-597;E3-598;E3-599;E3-600;E3-601;E3-602;E3-603;E3-605;E3-607;E3-608;E3-620;E3-627;E3-628;E3-629;E3-630;E3-634;E3-636;E3-637;E3-639;E3-779;E3-912,medium-low,same_product_leader_presumed,true,true,stage6_competition::Wolfspeed::天岳先进::推定竞争,2026-07-08,2026-07-08,2026-07-08,,,,unknown,检索快照,2024-12-07;2026-03-17;2026-03-27;2026-03-31;2026-04-01;2026-04-06;2026-04-08;2026-05-08;2026-05-15;2026-05-21;2026-06-28;2026-07-02;2026-07-03,2026-07-05;2026-07-06;2026-07-08,需要内部验证,推断关系,E3-592,A:2;B:2;B-:21,公开资料检索,2026-10-08,公开资料不足以证明内部客户或当前交易关系，需要内部销售/客户数据确认。
Wolfspeed,天科合达,推定竞争,同环节同产品龙头推定竞争：SiC衬底,E3-592;E3-593;E3-595;E3-602;E3-603;E3-605;E3-607;E3-608;E3-620;E3-627;E3-628;E3-629;E3-630;E3-634;E3-636;E3-637;E3-639;E3-779;E3-913,medium-low,same_product_leader_presumed,true,true,stage6_competition::Wolfspeed::天科合达::推定竞争,2026-07-08,2026-07-08,2026-07-08,,,,unknown,检索快照,2024-12-07;2026-03-17;2026-03-31;2026-04-01;2026-05-21;2026-06-28;2026-07-02,2026-07-05;2026-07-06;2026-07-08,需要内部验证,推断关系,E3-592,A:2;B:2;B-:15,公开资料检索,2026-10-08,公开资料不足以证明内部客户或当前交易关系，需要内部销售/客户数据确认。
三安光电,天岳先进,推定竞争,同环节同产品龙头推定竞争：SiC衬底,E3-592;E3-593;E3-595;E3-596;E3-597;E3-598;E3-599;E3-600;E3-601;E3-602;E3-603;E3-624;E3-646;E3-647;E3-648;E3-649;E3-650;E3-828;E3-857;E3-858;E3-859;E3-912,medium-low,same_product_leader_presumed,true,true,stage6_competition::三安光电::天岳先进::推定竞争,2026-07-08,2026-07-08,2026-07-08,,,,unknown,检索快照,2020-11-20;2021-04-12;2021-11-05;2023-07-07;2023-08-06;2025-12-05;2026-03-17;2026-03-27;2026-03-31;2026-04-01;2026-04-06;2026-04-08;2026-05-08;2026-05-15;2026-05-21;2026-07-02;2026-07-03,2026-07-05;2026-07-06;2026-07-08,需要内部验证,推断关系,E3-592,A:5;B:4;B-:13,公开资料检索,2026-10-08,公开资料不足以证明内部客户或当前交易关系，需要内部销售/客户数据确认。
三安光电,天科合达,推定竞争,同环节同产品龙头推定竞争：SiC衬底,E3-593;E3-595;E3-602;E3-603;E3-624;E3-646;E3-647;E3-648;E3-649;E3-650;E3-828;E3-857;E3-858;E3-859;E3-913,medium-low,same_product_leader_presumed,true,true,stage6_competition::三安光电::天科合达::推定竞争,2026-07-08,2026-07-08,2026-07-08,,,,unknown,检索快照,2020-11-20;2021-04-12;2021-11-05;2023-07-07;2023-08-06;2025-12-05;2026-03-31;2026-04-01;2026-05-21;2026-07-02,2026-07-05;2026-07-06;2026-07-08,需要内部验证,推断关系,E3-593,A:5;B:4;B-:6,公开资料检索,2026-10-08,公开资料不足以证明内部客户或当前交易关系，需要内部销售/客户数据确认。
天岳先进,天科合达,推定竞争,同环节同产品龙头推定竞争：SiC衬底,E3-592;E3-593;E3-595;E3-596;E3-597;E3-598;E3-599;E3-600;E3-601;E3-602;E3-603;E3-912;E3-913,medium-low,same_product_leader_presumed,true,true,stage6_competition::天岳先进::天科合达::推定竞争,2026-07-08,2026-07-08,2026-07-08,,,,unknown,检索快照,2026-03-17;2026-03-27;2026-03-31;2026-04-01;2026-04-06;2026-04-08;2026-05-08;2026-05-15;2026-05-21;2026-07-02;2026-07-03,2026-07-05;2026-07-08,需要内部验证,推断关系,E3-592,A:2;B:2;B-:9,公开资料检索,2026-10-08,公开资料不足以证明内部客户或当前交易关系，需要内部销售/客户数据确认。
EPC,Infineon,推定竞争,同环节同产品龙头推定竞争：GaN功率器件,E3-647;E3-652;E3-653;E3-656;E3-659;E3-661;E3-778;E3-915,medium-low,same_product_leader_presumed,true,true,stage6_competition::EPC::Infineon::推定竞争,2026-07-08,2026-07-08,2026-07-08,,,,unknown,检索快照,2023-07-07,2026-07-05;2026-07-06;2026-07-08,需要内部验证,推断关系,E3-647,A:2;B:1;B-:5,公开资料检索,2026-10-08,公开资料不足以证明内部客户或当前交易关系，需要内部销售/客户数据确认。
EPC,Navitas,推定竞争,同环节同产品龙头推定竞争：GaN功率器件,E3-647;E3-652;E3-653;E3-659;E3-823;E3-915,medium-low,same_product_leader_presumed,true,true,stage6_competition::EPC::Navitas::推定竞争,2026-07-08,2026-07-08,2026-07-08,,,,unknown,检索快照,2023-07-07,2026-07-05;2026-07-06;2026-07-08,需要内部验证,推断关系,E3-647,A:2;B:1;B-:3,公开资料检索,2026-10-08,公开资料不足以证明内部客户或当前交易关系，需要内部销售/客户数据确认。
EPC,三安光电,推定竞争,同环节同产品龙头推定竞争：GaN功率器件,E3-595;E3-624;E3-646;E3-647;E3-648;E3-649;E3-650;E3-653;E3-659;E3-828;E3-857;E3-858;E3-859;E3-915,medium-low,same_product_leader_presumed,true,true,stage6_competition::EPC::三安光电::推定竞争,2026-07-08,2026-07-08,2026-07-08,,,,unknown,检索快照,2020-11-20;2021-04-12;2021-11-05;2023-07-07;2023-08-06;2025-12-05;2026-05-21,2026-07-05;2026-07-06;2026-07-08,需要内部验证,推断关系,E3-595,A:5;B:3;B-:6,公开资料检索,2026-10-08,公开资料不足以证明内部客户或当前交易关系，需要内部销售/客户数据确认。
EPC,英诺赛科,推定竞争,同环节同产品龙头推定竞争：GaN功率器件,E3-640;E3-643;E3-644;E3-645;E3-646;E3-647;E3-648;E3-651;E3-652;E3-653;E3-659;E3-914;E3-915,medium-low,same_product_leader_presumed,true,true,stage6_competition::EPC::英诺赛科::推定竞争,2026-07-08,2026-07-08,2026-07-08,,,,unknown,检索快照,2017-07-21;2023-07-07;2023-08-06;2025-12-05;2026-03-14;2026-03-17;2026-04-23,2026-07-05;2026-07-08,需要内部验证,推断关系,E3-640,A:2;B:1;B-:10,公开资料检索,2026-10-08,公开资料不足以证明内部客户或当前交易关系，需要内部销售/客户数据确认。
Infineon,Navitas,推定竞争,同环节同产品龙头推定竞争：GaN功率器件,E3-652;E3-656;E3-661;E3-778;E3-823,medium-low,same_product_leader_presumed,true,true,stage6_competition::Infineon::Navitas::推定竞争,2026-07-08,2026-07-08,2026-07-06,,,,unknown,检索快照,,2026-07-05;2026-07-06,需要内部验证,推断关系,E3-652,A:2;B-:3,公开资料检索,2026-10-08,公开资料不足以证明内部客户或当前交易关系，需要内部销售/客户数据确认。
Infineon,英诺赛科,推定竞争,同环节同产品龙头推定竞争：GaN功率器件,E3-640;E3-643;E3-644;E3-645;E3-646;E3-647;E3-648;E3-651;E3-652;E3-656;E3-661;E3-778;E3-914,medium-low,same_product_leader_presumed,true,true,stage6_competition::Infineon::英诺赛科::推定竞争,2026-07-08,2026-07-08,2026-07-08,,,,unknown,检索快照,2017-07-21;2023-07-07;2023-08-06;2025-12-05;2026-03-14;2026-03-17;2026-04-23,2026-07-05;2026-07-06;2026-07-08,需要内部验证,推断关系,E3-640,A:2;B:1;B-:10,公开资料检索,2026-10-08,公开资料不足以证明内部客户或当前交易关系，需要内部销售/客户数据确认。
Navitas,三安光电,推定竞争,同环节同产品龙头推定竞争：GaN功率器件,E3-595;E3-624;E3-646;E3-647;E3-648;E3-649;E3-650;E3-652;E3-823;E3-828;E3-857;E3-858;E3-859,medium-low,same_product_leader_presumed,true,true,stage6_competition::Navitas::三安光电::推定竞争,2026-07-08,2026-07-08,2026-07-08,,,,unknown,检索快照,2020-11-20;2021-04-12;2021-11-05;2023-07-07;2023-08-06;2025-12-05;2026-05-21,2026-07-05;2026-07-06;2026-07-08,需要内部验证,推断关系,E3-595,A:5;B:3;B-:5,公开资料检索,2026-10-08,公开资料不足以证明内部客户或当前交易关系，需要内部销售/客户数据确认。
Navitas,英诺赛科,推定竞争,同环节同产品龙头推定竞争：GaN功率器件,E3-640;E3-643;E3-644;E3-645;E3-646;E3-647;E3-648;E3-651;E3-652;E3-823;E3-914,medium-low,same_product_leader_presumed,true,true,stage6_competition::Navitas::英诺赛科::推定竞争,2026-07-08,2026-07-08,2026-07-08,,,,unknown,检索快照,2017-07-21;2023-07-07;2023-08-06;2025-12-05;2026-03-14;2026-03-17;2026-04-23,2026-07-05;2026-07-06;2026-07-08,需要内部验证,推断关系,E3-640,A:2;B:1;B-:8,公开资料检索,2026-10-08,公开资料不足以证明内部客户或当前交易关系，需要内部销售/客户数据确认。
三安光电,英诺赛科,推定竞争,同环节同产品龙头推定竞争：GaN功率器件,E3-595;E3-624;E3-640;E3-643;E3-644;E3-645;E3-646;E3-647;E3-648;E3-649;E3-650;E3-651;E3-652;E3-828;E3-857;E3-858;E3-859;E3-914,medium-low,same_product_leader_presumed,true,true,stage6_competition::三安光电::英诺赛科::推定竞争,2026-07-08,2026-07-08,2026-07-08,,,,unknown,检索快照,2017-07-21;2020-11-20;2021-04-12;2021-11-05;2023-07-07;2023-08-06;2025-12-05;2026-03-14;2026-03-17;2026-04-23;2026-05-21,2026-07-05;2026-07-06;2026-07-08,需要内部验证,推断关系,E3-595,A:5;B:3;B-:10,公开资料检索,2026-10-08,公开资料不足以证明内部客户或当前交易关系，需要内部销售/客户数据确认。
