company_name,product_service_name,relation_type,l4_code,l4_name,basis,evidence_ids,confidence,requires_internal_validation,derivation,record_id,data_as_of,first_seen_at,last_verified_at,event_date,event_start_at,event_end_at,time_precision,temporal_basis,source_publish_dates,source_retrieved_dates,current_validity,claim_nature,primary_evidence_id,evidence_grade_summary,verification_method,needs_refresh_after,risk_note
华大九天,EDA全流程平台,PRODUCES,L4-UPSTREAM-EDA软件,EDA软件,国内EDA上市龙头，覆盖模拟/数字/制造/封装等EDA工具线。,E3-001;E3-002;E3-003;E3-004;E3-005;E3-006;E3-007;E3-008;E3-009;E3-010;E3-011;E3-787,high,false,basis_keyword_match,stage6::华大九天::PRODUCES::EDA全流程平台,2026-07-08,2026-07-08,2026-07-06,,,,unknown,检索快照,2022-04-19;2022-08-05;2022-10-28;2024-09-06;2026-05-05;2026-05-21;2026-05-25;2026-06-17,2026-07-05;2026-07-06,当前支持,事实判断,E3-001,A:1;B-:11,公开资料检索,2026-10-08,
华大九天,制造/良率EDA工具,PRODUCES,L4-UPSTREAM-EDA软件,EDA软件,国内EDA上市龙头，覆盖模拟/数字/制造/封装等EDA工具线。,E3-001;E3-002;E3-003;E3-004;E3-005;E3-006;E3-007;E3-008;E3-009;E3-010;E3-011;E3-787,high,false,basis_keyword_match,stage6::华大九天::PRODUCES::制造/良率EDA工具,2026-07-08,2026-07-08,2026-07-06,,,,unknown,检索快照,2022-04-19;2022-08-05;2022-10-28;2024-09-06;2026-05-05;2026-05-21;2026-05-25;2026-06-17,2026-07-05;2026-07-06,当前支持,事实判断,E3-001,A:1;B-:11,公开资料检索,2026-10-08,
广立微,制造/良率EDA工具,PRODUCES,L4-UPSTREAM-EDA软件,EDA软件,测试芯片、成品率提升与EDA数据分析领域代表企业。,E3-001;E3-002;E3-003;E3-004;E3-006;E3-007;E3-008;E3-009;E3-011;E3-788,high,false,basis_keyword_match,stage6::广立微::PRODUCES::制造/良率EDA工具,2026-07-08,2026-07-08,2026-07-06,,,,unknown,检索快照,2022-04-19;2022-10-28;2024-09-06;2026-05-05;2026-05-25;2026-06-17,2026-07-05;2026-07-06,当前支持,事实判断,E3-001,A:1;B-:9,公开资料检索,2026-10-08,
概伦电子,制造/良率EDA工具,PRODUCES,L4-UPSTREAM-EDA软件,EDA软件,器件建模、PDK、良率提升等EDA点工具代表企业。,E3-001;E3-003;E3-004;E3-005;E3-006;E3-007;E3-008;E3-009;E3-011;E3-789,high,false,basis_keyword_match,stage6::概伦电子::PRODUCES::制造/良率EDA工具,2026-07-08,2026-07-08,2026-07-06,,,,unknown,检索快照,2022-04-19;2022-10-28;2024-09-06;2026-05-05;2026-05-21;2026-05-25,2026-07-05;2026-07-06,当前支持,事实判断,E3-001,A:1;B-:9,公开资料检索,2026-10-08,
Cadence,EDA全流程平台,PRODUCES,L4-UPSTREAM-EDA软件,EDA软件,全球EDA三巨头之一，模拟/数字设计和系统设计平台领先。,E3-003;E3-012;E3-013;E3-014;E3-015;E3-017;E3-018;E3-019;E3-020;E3-745,high,false,basis_keyword_match,stage6::Cadence::PRODUCES::EDA全流程平台,2026-07-08,2026-07-08,2026-07-06,,,,unknown,检索快照,2026-05-05,2026-07-05;2026-07-06,当前支持,事实判断,E3-003,A:1;B-:9,公开资料检索,2026-10-08,
Cadence,数字设计EDA工具,PRODUCES,L4-UPSTREAM-EDA软件,EDA软件,全球EDA三巨头之一，模拟/数字设计和系统设计平台领先。,E3-003;E3-012;E3-013;E3-014;E3-015;E3-017;E3-018;E3-019;E3-020;E3-745,high,false,basis_keyword_match,stage6::Cadence::PRODUCES::数字设计EDA工具,2026-07-08,2026-07-08,2026-07-06,,,,unknown,检索快照,2026-05-05,2026-07-05;2026-07-06,当前支持,事实判断,E3-003,A:1;B-:9,公开资料检索,2026-10-08,
Siemens EDA,EDA全流程平台,PRODUCES,L4-UPSTREAM-EDA软件,EDA软件,全球EDA三巨头之一，IC验证、DFT、PCB/封装设计工具领先。,E3-013;E3-018;E3-746,medium,false,basis_keyword_match,stage6::Siemens EDA::PRODUCES::EDA全流程平台,2026-07-08,2026-07-08,2026-07-06,,,,unknown,检索快照,,2026-07-05;2026-07-06,当前支持,事实判断,E3-013,A:1;B-:2,公开资料检索,2026-10-08,
Synopsys,EDA全流程平台,PRODUCES,L4-UPSTREAM-EDA软件,EDA软件,全球EDA三巨头之一，覆盖设计、验证、IP和软件安全。,E3-003;E3-005;E3-012;E3-013;E3-014;E3-015;E3-018;E3-019;E3-743;E3-744,high,false,basis_keyword_match,stage6::Synopsys::PRODUCES::EDA全流程平台,2026-07-08,2026-07-08,2026-07-06,,,,unknown,检索快照,2026-05-05;2026-05-21,2026-07-05;2026-07-06,当前支持,事实判断,E3-003,A:2;B-:8,公开资料检索,2026-10-08,
芯原股份,芯片定制服务,PRODUCES,L4-UPSTREAM-半导体IP-芯片定制,半导体IP/芯片定制,国内半导体IP和一站式芯片定制服务代表企业。,E3-024;E3-025;E3-026;E3-027;E3-028;E3-029;E3-030;E3-031;E3-032;E3-033;E3-880,medium,false,basis_keyword_match,stage6::芯原股份::PRODUCES::芯片定制服务,2026-07-08,2026-07-08,2026-07-08,,,,unknown,检索快照,2021-07-28;2021-09-24;2023-01-18;2024-12-05;2024-12-26;2026-01-26;2026-03-06;2026-03-09,2026-07-05;2026-07-08,当前支持,事实判断,E3-024,A:1;B:3;B-:7,公开资料检索,2026-10-08,
Alphawave,接口IP,PRODUCES,L4-UPSTREAM-半导体IP-芯片定制,半导体IP/芯片定制,高速连接IP和chiplet互连IP代表企业。,E3-039;E3-749,medium,false,hardcoded,stage6::Alphawave::PRODUCES::接口IP,2026-07-08,2026-07-08,2026-07-06,,,,unknown,检索快照,,2026-07-05;2026-07-06,当前支持,事实判断,E3-039,A:1;B-:1,公开资料检索,2026-10-08,
Arm,处理器IP核,PRODUCES,L4-UPSTREAM-半导体IP-芯片定制,半导体IP/芯片定制,CPU/GPU/NPU处理器IP生态全球领先。,E3-034;E3-039;E3-040;E3-041;E3-044;E3-747,high,false,basis_keyword_match,stage6::Arm::PRODUCES::处理器IP核,2026-07-08,2026-07-08,2026-07-06,,,,unknown,检索快照,,2026-07-05;2026-07-06,当前支持,事实判断,E3-034,A:1;B-:5,公开资料检索,2026-10-08,
Cadence,接口IP,PRODUCES,L4-UPSTREAM-半导体IP-芯片定制,半导体IP/芯片定制,接口IP、验证IP和EDA平台协同能力领先。,E3-034;E3-039;E3-040;E3-041;E3-044;E3-745,high,false,basis_keyword_match,stage6::Cadence::PRODUCES::接口IP,2026-07-08,2026-07-08,2026-07-06,,,,unknown,检索快照,,2026-07-05;2026-07-06,当前支持,事实判断,E3-034,A:1;B-:5,公开资料检索,2026-10-08,
Rambus,接口IP,PRODUCES,L4-UPSTREAM-半导体IP-芯片定制,半导体IP/芯片定制,高速内存和接口IP代表企业。,E3-039;E3-748,medium,false,basis_keyword_match,stage6::Rambus::PRODUCES::接口IP,2026-07-08,2026-07-08,2026-07-06,,,,unknown,检索快照,,2026-07-05;2026-07-06,当前支持,事实判断,E3-039,A:1;B-:1,公开资料检索,2026-10-08,
Synopsys,接口IP,PRODUCES,L4-UPSTREAM-半导体IP-芯片定制,半导体IP/芯片定制,接口IP、基础IP和EDA协同生态领先。,E3-034;E3-039;E3-040;E3-041;E3-044;E3-743;E3-744,high,false,basis_keyword_match,stage6::Synopsys::PRODUCES::接口IP,2026-07-08,2026-07-08,2026-07-06,,,,unknown,检索快照,,2026-07-05;2026-07-06,当前支持,事实判断,E3-034,A:2;B-:5,公开资料检索,2026-10-08,
寒武纪,AI加速卡,PRODUCES,L4-MIDSTREAM-AI-COMPUTE-CHIP,AI/GPU/CPU算力芯片,国内AI训练/推理芯片代表企业。,E3-046;E3-047;E3-048;E3-049;E3-050;E3-051;E3-052;E3-053;E3-054;E3-055;E3-056;E3-830,high,false,hardcoded,stage6::寒武纪::PRODUCES::AI加速卡,2026-07-08,2026-07-08,2026-07-07,,,,unknown,检索快照,2026-01-26;2026-04-26;2026-05-02;2026-05-03;2026-05-09;2026-06-22;2026-07-02,2026-07-05;2026-07-07,当前支持,事实判断,E3-046,A:1;B:4;B-:7,公开资料检索,2026-10-08,
海光信息,CPU/DCU算力芯片,PRODUCES,L4-MIDSTREAM-AI-COMPUTE-CHIP,AI/GPU/CPU算力芯片,国产CPU/DCU算力芯片代表企业。,E3-046;E3-047;E3-048;E3-049;E3-050;E3-051;E3-052;E3-053;E3-054;E3-055;E3-056;E3-831,high,false,hardcoded,stage6::海光信息::PRODUCES::CPU/DCU算力芯片,2026-07-08,2026-07-08,2026-07-07,,,,unknown,检索快照,2026-01-26;2026-04-26;2026-05-02;2026-05-03;2026-05-09;2026-06-22;2026-07-02,2026-07-05;2026-07-07,当前支持,事实判断,E3-046,A:1;B:4;B-:7,公开资料检索,2026-10-08,
海思,移动SoC,PRODUCES,L4-MIDSTREAM-MOBILE-SOC,手机SoC/通信基带,华为旗下芯片设计平台，覆盖AI、通信和SoC。,E3-054;E3-056;E3-069;E3-070;E3-072;E3-074;E3-075;E3-076;E3-077;E3-078;E3-079;E3-080;E3-781,high,false,hardcoded,stage6::海思::PRODUCES::移动SoC,2026-07-08,2026-07-08,2026-07-06,,,,unknown,检索快照,2026-01-13;2026-01-26;2026-03-13;2026-04-01;2026-04-14;2026-04-18;2026-05-22;2026-06-11;2026-06-22,2026-07-05;2026-07-06,当前支持,事实判断,E3-054,A:1;B-:12,公开资料检索,2026-10-08,
海思,通信基带芯片,PRODUCES,L4-MIDSTREAM-MOBILE-SOC,手机SoC/通信基带,华为旗下芯片设计平台，覆盖AI、通信和SoC。,E3-054;E3-056;E3-069;E3-070;E3-072;E3-074;E3-075;E3-076;E3-077;E3-078;E3-079;E3-080;E3-781,high,false,hardcoded,stage6::海思::PRODUCES::通信基带芯片,2026-07-08,2026-07-08,2026-07-06,,,,unknown,检索快照,2026-01-13;2026-01-26;2026-03-13;2026-04-01;2026-04-14;2026-04-18;2026-05-22;2026-06-11;2026-06-22,2026-07-05;2026-07-06,当前支持,事实判断,E3-054,A:1;B-:12,公开资料检索,2026-10-08,
AMD,AI GPU,PRODUCES,L4-MIDSTREAM-AI-COMPUTE-CHIP,AI/GPU/CPU算力芯片,CPU/GPU/AI加速器主要供应商。,E3-057;E3-058;E3-059;E3-060;E3-066;E3-733,high,false,hardcoded,stage6::AMD::PRODUCES::AI GPU,2026-07-08,2026-07-08,2026-07-06,,,,unknown,检索快照,,2026-07-05;2026-07-06,当前支持,事实判断,E3-057,A:1;B-:5,公开资料检索,2026-10-08,
AMD,CPU/DCU算力芯片,PRODUCES,L4-MIDSTREAM-AI-COMPUTE-CHIP,AI/GPU/CPU算力芯片,CPU/GPU/AI加速器主要供应商。,E3-057;E3-058;E3-059;E3-060;E3-066;E3-733,high,false,hardcoded,stage6::AMD::PRODUCES::CPU/DCU算力芯片,2026-07-08,2026-07-08,2026-07-06,,,,unknown,检索快照,,2026-07-05;2026-07-06,当前支持,事实判断,E3-057,A:1;B-:5,公开资料检索,2026-10-08,
AMD,AI加速卡,PRODUCES,L4-MIDSTREAM-AI-COMPUTE-CHIP,AI/GPU/CPU算力芯片,CPU/GPU/AI加速器主要供应商。,E3-057;E3-058;E3-059;E3-060;E3-066;E3-733,high,false,hardcoded,stage6::AMD::PRODUCES::AI加速卡,2026-07-08,2026-07-08,2026-07-06,,,,unknown,检索快照,,2026-07-05;2026-07-06,当前支持,事实判断,E3-057,A:1;B-:5,公开资料检索,2026-10-08,
Broadcom,数据中心网络芯片,PRODUCES,L4-MIDSTREAM-AI-COMPUTE-CHIP,AI/GPU/CPU算力芯片,网络芯片和定制AI ASIC代表企业。,E3-057;E3-058;E3-059;E3-063;E3-064;E3-065;E3-066;E3-067;E3-068;E3-734,high,false,hardcoded,stage6::Broadcom::PRODUCES::数据中心网络芯片,2026-07-08,2026-07-08,2026-07-06,,,,unknown,检索快照,,2026-07-05;2026-07-06,当前支持,事实判断,E3-057,A:1;B-:9,公开资料检索,2026-10-08,
Marvell,数据中心网络芯片,PRODUCES,L4-MIDSTREAM-AI-COMPUTE-CHIP,AI/GPU/CPU算力芯片,数据中心互连、网络和定制硅芯片代表企业。,E3-058;E3-063;E3-064;E3-066;E3-067;E3-068;E3-735,high,false,hardcoded,stage6::Marvell::PRODUCES::数据中心网络芯片,2026-07-08,2026-07-08,2026-07-06,,,,unknown,检索快照,,2026-07-05;2026-07-06,当前支持,事实判断,E3-058,A:1;B-:6,公开资料检索,2026-10-08,
NVIDIA,AI GPU,PRODUCES,L4-MIDSTREAM-AI-COMPUTE-CHIP,AI/GPU/CPU算力芯片,AI GPU和加速计算生态全球领先。,E3-056;E3-057;E3-058;E3-059;E3-060;E3-063;E3-065;E3-066;E3-067;E3-732,high,false,hardcoded,stage6::NVIDIA::PRODUCES::AI GPU,2026-07-08,2026-07-08,2026-07-06,,,,unknown,检索快照,2026-06-22,2026-07-05;2026-07-06,当前支持,事实判断,E3-056,A:1;B-:9,公开资料检索,2026-10-08,
NVIDIA,AI加速卡,PRODUCES,L4-MIDSTREAM-AI-COMPUTE-CHIP,AI/GPU/CPU算力芯片,AI GPU和加速计算生态全球领先。,E3-056;E3-057;E3-058;E3-059;E3-060;E3-063;E3-065;E3-066;E3-067;E3-732,high,false,hardcoded,stage6::NVIDIA::PRODUCES::AI加速卡,2026-07-08,2026-07-08,2026-07-06,,,,unknown,检索快照,2026-06-22,2026-07-05;2026-07-06,当前支持,事实判断,E3-056,A:1;B-:9,公开资料检索,2026-10-08,
NVIDIA,AI加速卡,SELLS,L4-MIDSTREAM-AI-COMPUTE-CHIP,AI/GPU/CPU算力芯片,AI GPU和加速计算生态全球领先。,E3-056;E3-057;E3-058;E3-059;E3-060;E3-063;E3-065;E3-066;E3-067;E3-732,high,false,hardcoded,stage6::NVIDIA::SELLS::AI加速卡,2026-07-08,2026-07-08,2026-07-06,,,,unknown,检索快照,2026-06-22,2026-07-05;2026-07-06,当前支持,事实判断,E3-056,A:1;B-:9,公开资料检索,2026-10-08,
MediaTek,移动SoC,PRODUCES,L4-MIDSTREAM-MOBILE-SOC,手机SoC/通信基带,移动SoC和连接芯片全球主要供应商。,E3-069;E3-070;E3-071;E3-072;E3-073;E3-075;E3-076;E3-079;E3-081;E3-082;E3-083;E3-084;E3-088;E3-089;E3-881,medium,false,basis_keyword_match,stage6::MediaTek::PRODUCES::移动SoC,2026-07-08,2026-07-08,2026-07-08,,,,unknown,检索快照,2026-04-01;2026-04-14;2026-04-18;2026-04-21;2026-04-27;2026-05-22;2026-06-11,2026-07-05;2026-07-08,当前支持,事实判断,E3-069,A:1;A-:1;B:1;B-:12,公开资料检索,2026-10-08,
卓胜微,RF芯片,PRODUCES,L4-MIDSTREAM-ANALOG-RF-MCU-SENSOR,模拟/RF/MCU/传感器,射频前端芯片国内代表企业。,E3-077;E3-078;E3-080;E3-093;E3-094;E3-095;E3-096;E3-098;E3-099;E3-100;E3-101;E3-102;E3-826,high,false,hardcoded,stage6::卓胜微::PRODUCES::RF芯片,2026-07-08,2026-07-08,2026-07-06,,,,unknown,检索快照,2020-09-25;2020-11-19;2022-03-23;2022-08-05;2023-10-30;2024-12-22;2025-01-28;2026-01-13,2026-07-05;2026-07-06,当前支持,事实判断,E3-077,A:1;B-:12,公开资料检索,2026-10-08,
卓胜微,射频前端芯片,PRODUCES,L4-MIDSTREAM-MOBILE-SOC,手机SoC/通信基带,射频前端芯片国内代表企业。,E3-077;E3-078;E3-080;E3-826,medium,false,basis_keyword_match,stage6::卓胜微::PRODUCES::射频前端芯片,2026-07-08,2026-07-08,2026-07-06,,,,unknown,检索快照,2026-01-13,2026-07-05;2026-07-06,当前支持,事实判断,E3-077,A:1;B-:3,公开资料检索,2026-10-08,
紫光展锐,移动SoC,PRODUCES,L4-MIDSTREAM-MOBILE-SOC,手机SoC/通信基带,手机SoC和蜂窝基带芯片国内代表企业。,E3-069;E3-070;E3-071;E3-072;E3-073;E3-075;E3-076;E3-077;E3-078;E3-079;E3-080;E3-081;E3-782,high,false,hardcoded,stage6::紫光展锐::PRODUCES::移动SoC,2026-07-08,2026-07-08,2026-07-06,,,,unknown,检索快照,2026-01-13;2026-04-01;2026-04-14;2026-04-18;2026-04-21;2026-04-27;2026-05-22;2026-06-11,2026-07-05;2026-07-06,当前支持,事实判断,E3-069,A:1;B-:12,公开资料检索,2026-10-08,
紫光展锐,通信基带芯片,PRODUCES,L4-MIDSTREAM-MOBILE-SOC,手机SoC/通信基带,手机SoC和蜂窝基带芯片国内代表企业。,E3-069;E3-070;E3-071;E3-072;E3-073;E3-075;E3-076;E3-077;E3-078;E3-079;E3-080;E3-081;E3-782,high,false,hardcoded,stage6::紫光展锐::PRODUCES::通信基带芯片,2026-07-08,2026-07-08,2026-07-06,,,,unknown,检索快照,2026-01-13;2026-04-01;2026-04-14;2026-04-18;2026-04-21;2026-04-27;2026-05-22;2026-06-11,2026-07-05;2026-07-06,当前支持,事实判断,E3-069,A:1;B-:12,公开资料检索,2026-10-08,
Apple,智能终端,PRODUCES,L4-DOWNSTREAM-ICT-DEVICE,消费电子/通信设备,自研A/M系列SoC代表终端厂商垂直整合能力。,E3-069;E3-070;E3-071;E3-072;E3-073;E3-076;E3-081;E3-082;E3-084;E3-088;E3-722;E3-742,high,false,hardcoded,stage6::Apple::PRODUCES::智能终端,2026-07-08,2026-07-08,2026-07-06,,,,unknown,检索快照,2024-05-07;2026-04-14;2026-04-21;2026-04-27;2026-05-22;2026-06-11,2026-07-05;2026-07-06,当前支持,事实判断,E3-069,A:1;B-:11,公开资料检索,2026-10-08,
Apple,手机/平板终端,PRODUCES,L4-DOWNSTREAM-SMART-DEVICE-PC,智能终端/PC,自研A/M系列SoC代表终端厂商垂直整合能力。,E3-069;E3-070;E3-071;E3-072;E3-073;E3-076;E3-081;E3-082;E3-084;E3-088;E3-722;E3-742,high,false,hardcoded,stage6::Apple::PRODUCES::手机/平板终端,2026-07-08,2026-07-08,2026-07-06,,,,unknown,检索快照,2024-05-07;2026-04-14;2026-04-21;2026-04-27;2026-05-22;2026-06-11,2026-07-05;2026-07-06,当前支持,事实判断,E3-069,A:1;B-:11,公开资料检索,2026-10-08,
Apple,PC整机,PRODUCES,L4-DOWNSTREAM-SMART-DEVICE-PC,智能终端/PC,自研A/M系列SoC代表终端厂商垂直整合能力。,E3-069;E3-070;E3-071;E3-072;E3-073;E3-076;E3-081;E3-082;E3-084;E3-088;E3-722;E3-742,high,false,hardcoded,stage6::Apple::PRODUCES::PC整机,2026-07-08,2026-07-08,2026-07-06,,,,unknown,检索快照,2024-05-07;2026-04-14;2026-04-21;2026-04-27;2026-05-22;2026-06-11,2026-07-05;2026-07-06,当前支持,事实判断,E3-069,A:1;B-:11,公开资料检索,2026-10-08,
Apple,移动SoC,USES,L4-MIDSTREAM-MOBILE-SOC,手机SoC/通信基带,自研A/M系列SoC代表终端厂商垂直整合能力。,E3-069;E3-070;E3-071;E3-072;E3-073;E3-076;E3-081;E3-082;E3-084;E3-088;E3-722;E3-742,high,false,hardcoded,stage6::Apple::USES::移动SoC,2026-07-08,2026-07-08,2026-07-06,,,,unknown,检索快照,2024-05-07;2026-04-14;2026-04-21;2026-04-27;2026-05-22;2026-06-11,2026-07-05;2026-07-06,当前支持,事实判断,E3-069,A:1;B-:11,公开资料检索,2026-10-08,
Qualcomm,移动SoC,PRODUCES,L4-MIDSTREAM-MOBILE-SOC,手机SoC/通信基带,手机SoC、基带和无线通信专利生态领先。,E3-069;E3-070;E3-071;E3-072;E3-073;E3-075;E3-076;E3-081;E3-082;E3-083;E3-084;E3-088;E3-089;E3-090;E3-873;E3-874,medium,false,basis_keyword_match,stage6::Qualcomm::PRODUCES::移动SoC,2026-07-08,2026-07-08,2026-07-08,,,,unknown,检索快照,2026-04-01;2026-04-14;2026-04-21;2026-04-27;2026-05-22;2026-06-11,2026-07-05;2026-07-08,当前支持,事实判断,E3-069,A:2;A-:1;B:1;B-:12,公开资料检索,2026-10-08,
Qualcomm,通信基带芯片,PRODUCES,L4-MIDSTREAM-MOBILE-SOC,手机SoC/通信基带,手机SoC、基带和无线通信专利生态领先。,E3-069;E3-070;E3-071;E3-072;E3-073;E3-075;E3-076;E3-081;E3-082;E3-083;E3-084;E3-088;E3-089;E3-090;E3-873;E3-874,medium,false,basis_keyword_match,stage6::Qualcomm::PRODUCES::通信基带芯片,2026-07-08,2026-07-08,2026-07-08,,,,unknown,检索快照,2026-04-01;2026-04-14;2026-04-21;2026-04-27;2026-05-22;2026-06-11,2026-07-05;2026-07-08,当前支持,事实判断,E3-069,A:2;A-:1;B:1;B-:12,公开资料检索,2026-10-08,
兆易创新,MCU,PRODUCES,L4-MIDSTREAM-ANALOG-RF-MCU-SENSOR,模拟/RF/MCU/传感器,存储和MCU设计代表企业，覆盖Nor Flash等产品。,E3-093;E3-094;E3-095;E3-096;E3-097;E3-098;E3-100;E3-101;E3-102;E3-104;E3-498;E3-500;E3-501;E3-502;E3-505;E3-544;E3-545;E3-546;E3-547;E3-548;E3-549;E3-550;E3-551;E3-552;E3-553;E3-554;E3-555;E3-560;E3-564;E3-566;E3-848;E3-882;E3-883,high,false,hardcoded,stage6::兆易创新::PRODUCES::MCU,2026-07-08,2026-07-08,2026-07-08,,,,unknown,检索快照,2020-03-23;2020-09-25;2020-11-19;2022-04-22;2022-08-05;2023-03-30;2023-10-30;2024-02-27;2024-04-01;2024-06-25;2024-10-20;2024-12-22;2025-01-28;2026-01-05;2026-03-03;2026-03-15;2026-05-13;2026-05-19;2026-05-22;2026-05-26;2026-05-27;2026-06-04;2026-06-22;2026-06-25;2026-06-30,2026-07-05;2026-07-07;2026-07-08,当前支持,事实判断,E3-093,A:3;B:8;B-:22,公开资料检索,2026-10-08,
兆易创新,DRAM芯片,PRODUCES,L4-MIDSTREAM-DRAM-HBM,DRAM/HBM,存储和MCU设计代表企业，覆盖Nor Flash等产品。,E3-093;E3-094;E3-095;E3-096;E3-097;E3-098;E3-100;E3-101;E3-102;E3-104;E3-498;E3-500;E3-501;E3-502;E3-505;E3-544;E3-545;E3-546;E3-547;E3-548;E3-549;E3-550;E3-551;E3-552;E3-553;E3-554;E3-555;E3-560;E3-564;E3-566;E3-848;E3-882;E3-883,high,false,hardcoded,stage6::兆易创新::PRODUCES::DRAM芯片,2026-07-08,2026-07-08,2026-07-08,,,,unknown,检索快照,2020-03-23;2020-09-25;2020-11-19;2022-04-22;2022-08-05;2023-03-30;2023-10-30;2024-02-27;2024-04-01;2024-06-25;2024-10-20;2024-12-22;2025-01-28;2026-01-05;2026-03-03;2026-03-15;2026-05-13;2026-05-19;2026-05-22;2026-05-26;2026-05-27;2026-06-04;2026-06-22;2026-06-25;2026-06-30,2026-07-05;2026-07-07;2026-07-08,当前支持,事实判断,E3-093,A:3;B:8;B-:22,公开资料检索,2026-10-08,
兆易创新,NOR Flash,PRODUCES,L4-MIDSTREAM-存储控制-模组-NOR,存储控制/模组/NOR,存储和MCU设计代表企业，覆盖Nor Flash等产品。,E3-093;E3-094;E3-095;E3-096;E3-097;E3-098;E3-100;E3-101;E3-102;E3-104;E3-498;E3-500;E3-501;E3-502;E3-505;E3-544;E3-545;E3-546;E3-547;E3-548;E3-549;E3-550;E3-551;E3-552;E3-553;E3-554;E3-555;E3-560;E3-564;E3-566;E3-848;E3-882;E3-883,high,false,hardcoded,stage6::兆易创新::PRODUCES::NOR Flash,2026-07-08,2026-07-08,2026-07-08,,,,unknown,检索快照,2020-03-23;2020-09-25;2020-11-19;2022-04-22;2022-08-05;2023-03-30;2023-10-30;2024-02-27;2024-04-01;2024-06-25;2024-10-20;2024-12-22;2025-01-28;2026-01-05;2026-03-03;2026-03-15;2026-05-13;2026-05-19;2026-05-22;2026-05-26;2026-05-27;2026-06-04;2026-06-22;2026-06-25;2026-06-30,2026-07-05;2026-07-07;2026-07-08,当前支持,事实判断,E3-093,A:3;B:8;B-:22,公开资料检索,2026-10-08,
圣邦股份,模拟芯片,PRODUCES,L4-MIDSTREAM-ANALOG-RF-MCU-SENSOR,模拟/RF/MCU/传感器,模拟芯片国内代表企业。,E3-093;E3-094;E3-095;E3-096;E3-098;E3-099;E3-100;E3-101;E3-102;E3-103;E3-790,high,false,basis_keyword_match,stage6::圣邦股份::PRODUCES::模拟芯片,2026-07-08,2026-07-08,2026-07-06,,,,unknown,检索快照,2020-09-25;2020-10-30;2020-11-19;2022-03-23;2022-08-05;2023-10-30;2024-12-22;2025-01-28,2026-07-05;2026-07-06,当前支持,事实判断,E3-093,A:1;B-:10,公开资料检索,2026-10-08,
韦尔股份,图像传感器,PRODUCES,L4-MIDSTREAM-ANALOG-RF-MCU-SENSOR,模拟/RF/MCU/传感器,CIS图像传感器和汽车/消费传感器代表企业。,E3-093;E3-094;E3-095;E3-096;E3-097;E3-098;E3-099;E3-100;E3-101;E3-102;E3-103;E3-884,medium,false,basis_keyword_match,stage6::韦尔股份::PRODUCES::图像传感器,2026-07-08,2026-07-08,2026-07-08,,,,unknown,检索快照,2020-09-25;2020-10-30;2020-11-19;2022-03-23;2022-08-05;2023-10-30;2024-10-20;2024-12-22;2025-01-28,2026-07-05;2026-07-08,当前支持,事实判断,E3-093,A:1;B:1;B-:10,公开资料检索,2026-10-08,
Analog Devices,模拟芯片,PRODUCES,L4-MIDSTREAM-ANALOG-RF-MCU-SENSOR,模拟/RF/MCU/传感器,高性能模拟、信号链和电源管理全球龙头。,E3-106;E3-107;E3-108;E3-109;E3-111;E3-113;E3-115;E3-791,high,false,hardcoded,stage6::Analog Devices::PRODUCES::模拟芯片,2026-07-08,2026-07-08,2026-07-06,,,,unknown,检索快照,,2026-07-05;2026-07-06,当前支持,事实判断,E3-106,A:1;B-:7,公开资料检索,2026-10-08,
NXP,MCU,PRODUCES,L4-MIDSTREAM-ANALOG-RF-MCU-SENSOR,模拟/RF/MCU/传感器,汽车、MCU和安全连接芯片全球主要厂商。,E3-106;E3-107;E3-108;E3-111;E3-112;E3-113;E3-115;E3-792,high,false,basis_keyword_match,stage6::NXP::PRODUCES::MCU,2026-07-08,2026-07-08,2026-07-06,,,,unknown,检索快照,,2026-07-05;2026-07-06,当前支持,事实判断,E3-106,A:1;B-:7,公开资料检索,2026-10-08,
Texas Instruments,模拟芯片,PRODUCES,L4-MIDSTREAM-ANALOG-RF-MCU-SENSOR,模拟/RF/MCU/传感器,模拟和嵌入式芯片IDM龙头。,E3-106;E3-111;E3-112;E3-113;E3-115;E3-153;E3-155;E3-160;E3-793,high,false,hardcoded,stage6::Texas Instruments::PRODUCES::模拟芯片,2026-07-08,2026-07-08,2026-07-06,,,,unknown,检索快照,,2026-07-05;2026-07-06,当前支持,事实判断,E3-106,A:1;B-:8,公开资料检索,2026-10-08,
TSMC,先进封装服务,PRODUCES,L4-MIDSTREAM-ADVANCED-PACKAGING,2.5D/3D/Chiplet先进封装,CoWoS和先进逻辑封装产能全球核心。,E3-121;E3-122;E3-124;E3-129;E3-130;E3-131;E3-133;E3-135;E3-136;E3-137;E3-138;E3-140;E3-450;E3-451;E3-455;E3-462;E3-463;E3-464;E3-465;E3-466;E3-467;E3-468;E3-470;E3-471;E3-855;E3-856,medium,false,hardcoded,stage6::TSMC::PRODUCES::先进封装服务,2026-07-08,2026-07-08,2026-07-08,,,,unknown,检索快照,2024-12-22;2026-02-04;2026-05-06;2026-05-25;2026-06-19,2026-07-05;2026-07-08,当前支持,事实判断,E3-121,A:2;A-:2;B:1;B-:21,公开资料检索,2026-10-08,
TSMC,2.5D封装,PRODUCES,L4-MIDSTREAM-ADVANCED-PACKAGING,2.5D/3D/Chiplet先进封装,CoWoS和先进逻辑封装产能全球核心。,E3-121;E3-122;E3-124;E3-129;E3-130;E3-131;E3-133;E3-135;E3-136;E3-137;E3-138;E3-140;E3-450;E3-451;E3-455;E3-462;E3-463;E3-464;E3-465;E3-466;E3-467;E3-468;E3-470;E3-471;E3-855;E3-856,medium,false,hardcoded,stage6::TSMC::PRODUCES::2.5D封装,2026-07-08,2026-07-08,2026-07-08,,,,unknown,检索快照,2024-12-22;2026-02-04;2026-05-06;2026-05-25;2026-06-19,2026-07-05;2026-07-08,当前支持,事实判断,E3-121,A:2;A-:2;B:1;B-:21,公开资料检索,2026-10-08,
TSMC,3D封装,PRODUCES,L4-MIDSTREAM-ADVANCED-PACKAGING,2.5D/3D/Chiplet先进封装,CoWoS和先进逻辑封装产能全球核心。,E3-121;E3-122;E3-124;E3-129;E3-130;E3-131;E3-133;E3-135;E3-136;E3-137;E3-138;E3-140;E3-450;E3-451;E3-455;E3-462;E3-463;E3-464;E3-465;E3-466;E3-467;E3-468;E3-470;E3-471;E3-855;E3-856,medium,false,hardcoded,stage6::TSMC::PRODUCES::3D封装,2026-07-08,2026-07-08,2026-07-08,,,,unknown,检索快照,2024-12-22;2026-02-04;2026-05-06;2026-05-25;2026-06-19,2026-07-05;2026-07-08,当前支持,事实判断,E3-121,A:2;A-:2;B:1;B-:21,公开资料检索,2026-10-08,
TSMC,先进制程代工,PRODUCES,L4-MIDSTREAM-晶圆代工-Foundry,晶圆代工/Foundry,先进制程和晶圆代工份额全球领先。,E3-121;E3-122;E3-124;E3-129;E3-130;E3-131;E3-133;E3-135;E3-136;E3-137;E3-138;E3-140;E3-855,medium,false,basis_keyword_match,stage6::TSMC::PRODUCES::先进制程代工,2026-07-08,2026-07-08,2026-07-08,,,,unknown,检索快照,2024-12-22;2026-02-04,2026-07-05;2026-07-08,当前支持,事实判断,E3-121,A:1;A-:2;B-:10,公开资料检索,2026-10-08,
UMC,成熟制程代工,PRODUCES,L4-MIDSTREAM-晶圆代工-Foundry,晶圆代工/Foundry,成熟制程晶圆代工全球主要厂商。,E3-118;E3-120;E3-127;E3-133;E3-137;E3-773,high,false,basis_keyword_match,stage6::UMC::PRODUCES::成熟制程代工,2026-07-08,2026-07-08,2026-07-06,,,,unknown,检索快照,2024-11-09;2026-04-13,2026-07-05;2026-07-06,当前支持,事实判断,E3-118,A:1;B-:5,公开资料检索,2026-10-08,
中芯国际,成熟制程代工,PRODUCES,L4-MIDSTREAM-晶圆代工-Foundry,晶圆代工/Foundry,中国大陆晶圆代工规模和制程能力领先。,E3-117;E3-118;E3-119;E3-120;E3-121;E3-122;E3-123;E3-124;E3-126;E3-127;E3-128;E3-129;E3-133;E3-137;E3-885,medium,false,hardcoded,stage6::中芯国际::PRODUCES::成熟制程代工,2026-07-08,2026-07-08,2026-07-08,,,,unknown,检索快照,2023-02-10;2023-07-25;2023-08-10;2024-11-09;2024-12-22;2026-02-04;2026-04-13;2026-05-06;2026-06-17,2026-07-05;2026-07-08,当前支持,事实判断,E3-117,A:1;B:1;B-:13,公开资料检索,2026-10-08,
华虹半导体,成熟制程代工,PRODUCES,L4-MIDSTREAM-晶圆代工-Foundry,晶圆代工/Foundry,特色工艺和成熟制程代工代表企业。,E3-117;E3-118;E3-119;E3-120;E3-121;E3-122;E3-123;E3-124;E3-125;E3-127;E3-128;E3-138;E3-794,high,false,basis_keyword_match,stage6::华虹半导体::PRODUCES::成熟制程代工,2026-07-08,2026-07-08,2026-07-06,,,,unknown,检索快照,2023-07-25;2023-08-10;2024-11-09;2024-12-22;2025-02-21;2026-02-04;2026-04-13;2026-05-06;2026-06-17,2026-07-05;2026-07-06,当前支持,事实判断,E3-117,A:1;B-:12,公开资料检索,2026-10-08,
华虹半导体,特色工艺代工,PRODUCES,L4-MIDSTREAM-晶圆代工-Foundry,晶圆代工/Foundry,特色工艺和成熟制程代工代表企业。,E3-117;E3-118;E3-119;E3-120;E3-121;E3-122;E3-123;E3-124;E3-125;E3-127;E3-128;E3-138;E3-794,high,false,basis_keyword_match,stage6::华虹半导体::PRODUCES::特色工艺代工,2026-07-08,2026-07-08,2026-07-06,,,,unknown,检索快照,2023-07-25;2023-08-10;2024-11-09;2024-12-22;2025-02-21;2026-02-04;2026-04-13;2026-05-06;2026-06-17,2026-07-05;2026-07-06,当前支持,事实判断,E3-117,A:1;B-:12,公开资料检索,2026-10-08,
晶合集成,成熟制程代工,PRODUCES,L4-MIDSTREAM-晶圆代工-Foundry,晶圆代工/Foundry,显示驱动、CIS和成熟制程代工代表企业。,E3-118;E3-120;E3-123;E3-124;E3-127;E3-129;E3-886,medium,false,hardcoded,stage6::晶合集成::PRODUCES::成熟制程代工,2026-07-08,2026-07-08,2026-07-08,,,,unknown,检索快照,2023-08-10;2024-11-09;2024-12-22;2026-04-13,2026-07-05;2026-07-08,当前支持,事实判断,E3-118,A:1;B-:6,公开资料检索,2026-10-08,
GlobalFoundries,成熟制程代工,PRODUCES,L4-MIDSTREAM-晶圆代工-Foundry,晶圆代工/Foundry,特色工艺和成熟制程代工全球主要厂商。,E3-124;E3-133;E3-137;E3-138;E3-774,high,false,basis_keyword_match,stage6::GlobalFoundries::PRODUCES::成熟制程代工,2026-07-08,2026-07-08,2026-07-06,,,,unknown,检索快照,2024-12-22,2026-07-05;2026-07-06,当前支持,事实判断,E3-124,A:1;B-:4,公开资料检索,2026-10-08,
GlobalFoundries,特色工艺代工,PRODUCES,L4-MIDSTREAM-晶圆代工-Foundry,晶圆代工/Foundry,特色工艺和成熟制程代工全球主要厂商。,E3-124;E3-133;E3-137;E3-138;E3-774,high,false,basis_keyword_match,stage6::GlobalFoundries::PRODUCES::特色工艺代工,2026-07-08,2026-07-08,2026-07-06,,,,unknown,检索快照,2024-12-22,2026-07-05;2026-07-06,当前支持,事实判断,E3-124,A:1;B-:4,公开资料检索,2026-10-08,
Samsung,先进制程代工,PRODUCES,L4-MIDSTREAM-晶圆代工-Foundry,晶圆代工/Foundry,DRAM、NAND和HBM综合存储龙头。,E3-124;E3-130;E3-133;E3-135;E3-136;E3-137;E3-138;E3-153;E3-154;E3-155;E3-157;E3-158;E3-159;E3-160;E3-161;E3-162;E3-465;E3-499;E3-503;E3-504;E3-505;E3-506;E3-508;E3-509;E3-510;E3-511;E3-513;E3-514;E3-515;E3-516;E3-517;E3-518;E3-520;E3-521;E3-522;E3-523;E3-524;E3-525;E3-526;E3-527;E3-528;E3-531;E3-532;E3-533;E3-534;E3-541;E3-542;E3-543;E3-709;E3-722;E3-725;E3-772;E3-775,high,false,hardcoded,stage6::Samsung::PRODUCES::先进制程代工,2026-07-08,2026-07-08,2026-07-06,,,,unknown,检索快照,2024-12-22;2026-02-01;2026-03-26;2026-04-03;2026-05-19;2026-05-20;2026-05-27;2026-05-29;2026-05-30;2026-06-03;2026-06-15,2026-07-05;2026-07-06,当前支持,事实判断,E3-124,A:2;A-:1;B:3;B-:47,公开资料检索,2026-10-08,
Samsung,成熟制程代工,PRODUCES,L4-MIDSTREAM-晶圆代工-Foundry,晶圆代工/Foundry,DRAM、NAND和HBM综合存储龙头。,E3-124;E3-130;E3-133;E3-135;E3-136;E3-137;E3-138;E3-153;E3-154;E3-155;E3-157;E3-158;E3-159;E3-160;E3-161;E3-162;E3-465;E3-499;E3-503;E3-504;E3-505;E3-506;E3-508;E3-509;E3-510;E3-511;E3-513;E3-514;E3-515;E3-516;E3-517;E3-518;E3-520;E3-521;E3-522;E3-523;E3-524;E3-525;E3-526;E3-527;E3-528;E3-531;E3-532;E3-533;E3-534;E3-541;E3-542;E3-543;E3-709;E3-722;E3-725;E3-772;E3-775,high,false,hardcoded,stage6::Samsung::PRODUCES::成熟制程代工,2026-07-08,2026-07-08,2026-07-06,,,,unknown,检索快照,2024-12-22;2026-02-01;2026-03-26;2026-04-03;2026-05-19;2026-05-20;2026-05-27;2026-05-29;2026-05-30;2026-06-03;2026-06-15,2026-07-05;2026-07-06,当前支持,事实判断,E3-124,A:2;A-:1;B:3;B-:47,公开资料检索,2026-10-08,
Samsung,智能终端,PRODUCES,L4-DOWNSTREAM-ICT-DEVICE,消费电子/通信设备,DRAM、NAND和HBM综合存储龙头。,E3-124;E3-130;E3-133;E3-135;E3-136;E3-137;E3-138;E3-153;E3-154;E3-155;E3-157;E3-158;E3-159;E3-160;E3-161;E3-162;E3-465;E3-499;E3-503;E3-504;E3-505;E3-506;E3-508;E3-509;E3-510;E3-511;E3-513;E3-514;E3-515;E3-516;E3-517;E3-518;E3-520;E3-521;E3-522;E3-523;E3-524;E3-525;E3-526;E3-527;E3-528;E3-531;E3-532;E3-533;E3-534;E3-541;E3-542;E3-543;E3-709;E3-722;E3-725;E3-772;E3-775,high,false,hardcoded,stage6::Samsung::PRODUCES::智能终端,2026-07-08,2026-07-08,2026-07-06,,,,unknown,检索快照,2024-12-22;2026-02-01;2026-03-26;2026-04-03;2026-05-19;2026-05-20;2026-05-27;2026-05-29;2026-05-30;2026-06-03;2026-06-15,2026-07-05;2026-07-06,当前支持,事实判断,E3-124,A:2;A-:1;B:3;B-:47,公开资料检索,2026-10-08,
Samsung,手机/平板终端,PRODUCES,L4-DOWNSTREAM-SMART-DEVICE-PC,智能终端/PC,DRAM、NAND和HBM综合存储龙头。,E3-124;E3-130;E3-133;E3-135;E3-136;E3-137;E3-138;E3-153;E3-154;E3-155;E3-157;E3-158;E3-159;E3-160;E3-161;E3-162;E3-465;E3-499;E3-503;E3-504;E3-505;E3-506;E3-508;E3-509;E3-510;E3-511;E3-513;E3-514;E3-515;E3-516;E3-517;E3-518;E3-520;E3-521;E3-522;E3-523;E3-524;E3-525;E3-526;E3-527;E3-528;E3-531;E3-532;E3-533;E3-534;E3-541;E3-542;E3-543;E3-709;E3-722;E3-725;E3-772;E3-775,high,false,hardcoded,stage6::Samsung::PRODUCES::手机/平板终端,2026-07-08,2026-07-08,2026-07-06,,,,unknown,检索快照,2024-12-22;2026-02-01;2026-03-26;2026-04-03;2026-05-19;2026-05-20;2026-05-27;2026-05-29;2026-05-30;2026-06-03;2026-06-15,2026-07-05;2026-07-06,当前支持,事实判断,E3-124,A:2;A-:1;B:3;B-:47,公开资料检索,2026-10-08,
华润微,功率/模拟IDM器件,PRODUCES,L4-MIDSTREAM-IDM-特色工艺制造,IDM/特色工艺制造,功率器件、模拟和特色工艺制造一体化代表企业。,E3-144;E3-146;E3-147;E3-149;E3-150;E3-151;E3-152;E3-570;E3-573;E3-579;E3-860;E3-861,medium,false,hardcoded,stage6::华润微::PRODUCES::功率/模拟IDM器件,2026-07-08,2026-07-08,2026-07-08,,,,unknown,检索快照,2021-03-12;2021-04-08;2021-04-20;2024-03-02;2024-11-13;2026-02-13;2026-03-02;2026-05-10;2026-06-06;2026-06-29,2026-07-05;2026-07-08,当前支持,事实判断,E3-144,A:2;B:2;B-:8,公开资料检索,2026-10-08,
华润微,IGBT器件/模块,PRODUCES,L4-MIDSTREAM-功率器件-模块,功率器件/模块,功率器件、模拟和特色工艺制造一体化代表企业。,E3-144;E3-146;E3-147;E3-149;E3-150;E3-151;E3-152;E3-570;E3-573;E3-579;E3-860;E3-861,medium,false,hardcoded,stage6::华润微::PRODUCES::IGBT器件/模块,2026-07-08,2026-07-08,2026-07-08,,,,unknown,检索快照,2021-03-12;2021-04-08;2021-04-20;2024-03-02;2024-11-13;2026-02-13;2026-03-02;2026-05-10;2026-06-06;2026-06-29,2026-07-05;2026-07-08,当前支持,事实判断,E3-144,A:2;B:2;B-:8,公开资料检索,2026-10-08,
华润微,MOSFET功率器件,PRODUCES,L4-MIDSTREAM-功率器件-模块,功率器件/模块,功率器件、模拟和特色工艺制造一体化代表企业。,E3-144;E3-146;E3-147;E3-149;E3-150;E3-151;E3-152;E3-570;E3-573;E3-579;E3-860;E3-861,medium,false,hardcoded,stage6::华润微::PRODUCES::MOSFET功率器件,2026-07-08,2026-07-08,2026-07-08,,,,unknown,检索快照,2021-03-12;2021-04-08;2021-04-20;2024-03-02;2024-11-13;2026-02-13;2026-03-02;2026-05-10;2026-06-06;2026-06-29,2026-07-05;2026-07-08,当前支持,事实判断,E3-144,A:2;B:2;B-:8,公开资料检索,2026-10-08,
华润微,功率模块,PRODUCES,L4-MIDSTREAM-功率器件-模块,功率器件/模块,功率器件、模拟和特色工艺制造一体化代表企业。,E3-144;E3-146;E3-147;E3-149;E3-150;E3-151;E3-152;E3-570;E3-573;E3-579;E3-860;E3-861,medium,false,hardcoded,stage6::华润微::PRODUCES::功率模块,2026-07-08,2026-07-08,2026-07-08,,,,unknown,检索快照,2021-03-12;2021-04-08;2021-04-20;2024-03-02;2024-11-13;2026-02-13;2026-03-02;2026-05-10;2026-06-06;2026-06-29,2026-07-05;2026-07-08,当前支持,事实判断,E3-144,A:2;B:2;B-:8,公开资料检索,2026-10-08,
士兰微,功率/模拟IDM器件,PRODUCES,L4-MIDSTREAM-IDM-特色工艺制造,IDM/特色工艺制造,SiC功率器件和IDM能力布局代表企业。,E3-141;E3-142;E3-143;E3-144;E3-147;E3-148;E3-151;E3-152;E3-568;E3-569;E3-570;E3-571;E3-572;E3-573;E3-574;E3-575;E3-576;E3-577;E3-579;E3-616;E3-617;E3-618;E3-619;E3-620;E3-622;E3-623;E3-624;E3-625;E3-862;E3-863;E3-864,medium,false,hardcoded,stage6::士兰微::PRODUCES::功率/模拟IDM器件,2026-07-08,2026-07-08,2026-07-08,,,,unknown,检索快照,2021-04-08;2021-11-05;2022-03-26;2024-03-02;2024-04-10;2024-11-07;2024-11-13;2026-03-02;2026-05-10;2026-05-27;2026-06-06;2026-06-17;2026-06-28;2026-06-29,2026-07-05;2026-07-08,当前支持,事实判断,E3-141,A:3;B:6;B-:22,公开资料检索,2026-10-08,
士兰微,IGBT器件/模块,PRODUCES,L4-MIDSTREAM-功率器件-模块,功率器件/模块,SiC功率器件和IDM能力布局代表企业。,E3-141;E3-142;E3-143;E3-144;E3-147;E3-148;E3-151;E3-152;E3-568;E3-569;E3-570;E3-571;E3-572;E3-573;E3-574;E3-575;E3-576;E3-577;E3-579;E3-616;E3-617;E3-618;E3-619;E3-620;E3-622;E3-623;E3-624;E3-625;E3-862;E3-863;E3-864,medium,false,hardcoded,stage6::士兰微::PRODUCES::IGBT器件/模块,2026-07-08,2026-07-08,2026-07-08,,,,unknown,检索快照,2021-04-08;2021-11-05;2022-03-26;2024-03-02;2024-04-10;2024-11-07;2024-11-13;2026-03-02;2026-05-10;2026-05-27;2026-06-06;2026-06-17;2026-06-28;2026-06-29,2026-07-05;2026-07-08,当前支持,事实判断,E3-141,A:3;B:6;B-:22,公开资料检索,2026-10-08,
士兰微,功率模块,PRODUCES,L4-MIDSTREAM-功率器件-模块,功率器件/模块,SiC功率器件和IDM能力布局代表企业。,E3-141;E3-142;E3-143;E3-144;E3-147;E3-148;E3-151;E3-152;E3-568;E3-569;E3-570;E3-571;E3-572;E3-573;E3-574;E3-575;E3-576;E3-577;E3-579;E3-616;E3-617;E3-618;E3-619;E3-620;E3-622;E3-623;E3-624;E3-625;E3-862;E3-863;E3-864,medium,false,hardcoded,stage6::士兰微::PRODUCES::功率模块,2026-07-08,2026-07-08,2026-07-08,,,,unknown,检索快照,2021-04-08;2021-11-05;2022-03-26;2024-03-02;2024-04-10;2024-11-07;2024-11-13;2026-03-02;2026-05-10;2026-05-27;2026-06-06;2026-06-17;2026-06-28;2026-06-29,2026-07-05;2026-07-08,当前支持,事实判断,E3-141,A:3;B:6;B-:22,公开资料检索,2026-10-08,
士兰微,SiC MOSFET,PRODUCES,L4-MIDSTREAM-SiC功率器件-模块,SiC功率器件/模块,SiC功率器件和IDM能力布局代表企业。,E3-141;E3-142;E3-143;E3-144;E3-147;E3-148;E3-151;E3-152;E3-568;E3-569;E3-570;E3-571;E3-572;E3-573;E3-574;E3-575;E3-576;E3-577;E3-579;E3-616;E3-617;E3-618;E3-619;E3-620;E3-622;E3-623;E3-624;E3-625;E3-862;E3-863;E3-864,medium,false,hardcoded,stage6::士兰微::PRODUCES::SiC MOSFET,2026-07-08,2026-07-08,2026-07-08,,,,unknown,检索快照,2021-04-08;2021-11-05;2022-03-26;2024-03-02;2024-04-10;2024-11-07;2024-11-13;2026-03-02;2026-05-10;2026-05-27;2026-06-06;2026-06-17;2026-06-28;2026-06-29,2026-07-05;2026-07-08,当前支持,事实判断,E3-141,A:3;B:6;B-:22,公开资料检索,2026-10-08,
士兰微,SiC功率模块,PRODUCES,L4-MIDSTREAM-SiC功率器件-模块,SiC功率器件/模块,SiC功率器件和IDM能力布局代表企业。,E3-141;E3-142;E3-143;E3-144;E3-147;E3-148;E3-151;E3-152;E3-568;E3-569;E3-570;E3-571;E3-572;E3-573;E3-574;E3-575;E3-576;E3-577;E3-579;E3-616;E3-617;E3-618;E3-619;E3-620;E3-622;E3-623;E3-624;E3-625;E3-862;E3-863;E3-864,medium,false,hardcoded,stage6::士兰微::PRODUCES::SiC功率模块,2026-07-08,2026-07-08,2026-07-08,,,,unknown,检索快照,2021-04-08;2021-11-05;2022-03-26;2024-03-02;2024-04-10;2024-11-07;2024-11-13;2026-03-02;2026-05-10;2026-05-27;2026-06-06;2026-06-17;2026-06-28;2026-06-29,2026-07-05;2026-07-08,当前支持,事实判断,E3-141,A:3;B:6;B-:22,公开资料检索,2026-10-08,
士兰微,SiC二极管,PRODUCES,L4-MIDSTREAM-SiC功率器件-模块,SiC功率器件/模块,SiC功率器件和IDM能力布局代表企业。,E3-141;E3-142;E3-143;E3-144;E3-147;E3-148;E3-151;E3-152;E3-568;E3-569;E3-570;E3-571;E3-572;E3-573;E3-574;E3-575;E3-576;E3-577;E3-579;E3-616;E3-617;E3-618;E3-619;E3-620;E3-622;E3-623;E3-624;E3-625;E3-862;E3-863;E3-864,medium,false,hardcoded,stage6::士兰微::PRODUCES::SiC二极管,2026-07-08,2026-07-08,2026-07-08,,,,unknown,检索快照,2021-04-08;2021-11-05;2022-03-26;2024-03-02;2024-04-10;2024-11-07;2024-11-13;2026-03-02;2026-05-10;2026-05-27;2026-06-06;2026-06-17;2026-06-28;2026-06-29,2026-07-05;2026-07-08,当前支持,事实判断,E3-141,A:3;B:6;B-:22,公开资料检索,2026-10-08,
闻泰科技,功率/模拟IDM器件,PRODUCES,L4-MIDSTREAM-IDM-特色工艺制造,IDM/特色工艺制造,通过Nexperia覆盖功率和分立器件IDM能力。,E3-144;E3-147;E3-151;E3-623;E3-624;E3-865;E3-866,medium,false,hardcoded,stage6::闻泰科技::PRODUCES::功率/模拟IDM器件,2026-07-08,2026-07-08,2026-07-08,,,,unknown,检索快照,2021-11-05;2024-03-02;2024-11-07;2024-11-13;2026-05-10,2026-07-05;2026-07-08,当前支持,事实判断,E3-144,A:2;B:2;B-:3,公开资料检索,2026-10-08,
闻泰科技,MOSFET功率器件,PRODUCES,L4-MIDSTREAM-功率器件-模块,功率器件/模块,通过Nexperia覆盖功率和分立器件IDM能力。,E3-144;E3-147;E3-151;E3-623;E3-624;E3-865;E3-866,medium,false,hardcoded,stage6::闻泰科技::PRODUCES::MOSFET功率器件,2026-07-08,2026-07-08,2026-07-08,,,,unknown,检索快照,2021-11-05;2024-03-02;2024-11-07;2024-11-13;2026-05-10,2026-07-05;2026-07-08,当前支持,事实判断,E3-144,A:2;B:2;B-:3,公开资料检索,2026-10-08,
闻泰科技,SiC MOSFET,PRODUCES,L4-MIDSTREAM-SiC功率器件-模块,SiC功率器件/模块,通过Nexperia覆盖功率和分立器件IDM能力。,E3-144;E3-147;E3-151;E3-623;E3-624;E3-865;E3-866,medium,false,hardcoded,stage6::闻泰科技::PRODUCES::SiC MOSFET,2026-07-08,2026-07-08,2026-07-08,,,,unknown,检索快照,2021-11-05;2024-03-02;2024-11-07;2024-11-13;2026-05-10,2026-07-05;2026-07-08,当前支持,事实判断,E3-144,A:2;B:2;B-:3,公开资料检索,2026-10-08,
Infineon,IGBT器件/模块,PRODUCES,L4-MIDSTREAM-功率器件-模块,功率器件/模块,功率半导体和汽车功率器件全球龙头。,E3-141;E3-142;E3-143;E3-156;E3-162;E3-568;E3-571;E3-572;E3-574;E3-576;E3-577;E3-580;E3-583;E3-584;E3-585;E3-587;E3-591;E3-616;E3-618;E3-619;E3-620;E3-622;E3-627;E3-628;E3-629;E3-630;E3-634;E3-635;E3-636;E3-637;E3-639;E3-652;E3-656;E3-661;E3-778,high,false,hardcoded,stage6::Infineon::PRODUCES::IGBT器件/模块,2026-07-08,2026-07-08,2026-07-06,,,,unknown,检索快照,2024-12-07;2026-05-27;2026-06-28,2026-07-05;2026-07-06,当前支持,事实判断,E3-141,A:1;B-:34,公开资料检索,2026-10-08,
Infineon,SiC MOSFET,PRODUCES,L4-MIDSTREAM-SiC功率器件-模块,SiC功率器件/模块,功率半导体和汽车功率器件全球龙头。,E3-141;E3-142;E3-143;E3-156;E3-162;E3-568;E3-571;E3-572;E3-574;E3-576;E3-577;E3-580;E3-583;E3-584;E3-585;E3-587;E3-591;E3-616;E3-618;E3-619;E3-620;E3-622;E3-627;E3-628;E3-629;E3-630;E3-634;E3-635;E3-636;E3-637;E3-639;E3-652;E3-656;E3-661;E3-778,high,false,hardcoded,stage6::Infineon::PRODUCES::SiC MOSFET,2026-07-08,2026-07-08,2026-07-06,,,,unknown,检索快照,2024-12-07;2026-05-27;2026-06-28,2026-07-05;2026-07-06,当前支持,事实判断,E3-141,A:1;B-:34,公开资料检索,2026-10-08,
Infineon,功率/模拟IDM器件,PRODUCES,L4-MIDSTREAM-IDM-特色工艺制造,IDM/特色工艺制造,功率、汽车和安全芯片IDM龙头。,E3-141;E3-142;E3-143;E3-156;E3-162;E3-778,high,false,basis_keyword_match,stage6::Infineon::PRODUCES::功率/模拟IDM器件,2026-07-08,2026-07-08,2026-07-06,,,,unknown,检索快照,2026-05-27,2026-07-05;2026-07-06,当前支持,事实判断,E3-141,A:1;B-:5,公开资料检索,2026-10-08,
Intel,功率/模拟IDM器件,PRODUCES,L4-MIDSTREAM-IDM-特色工艺制造,IDM/特色工艺制造,CPU和先进制造IDM代表企业。,E3-153;E3-155;E3-158;E3-159;E3-160;E3-771,high,false,basis_keyword_match,stage6::Intel::PRODUCES::功率/模拟IDM器件,2026-07-08,2026-07-08,2026-07-06,,,,unknown,检索快照,,2026-07-05;2026-07-06,当前支持,事实判断,E3-153,A:1;B-:5,公开资料检索,2026-10-08,
Samsung,功率/模拟IDM器件,PRODUCES,L4-MIDSTREAM-IDM-特色工艺制造,IDM/特色工艺制造,存储、逻辑和代工综合IDM能力领先。,E3-153;E3-154;E3-155;E3-157;E3-158;E3-159;E3-160;E3-161;E3-162;E3-772;E3-775,high,false,basis_keyword_match,stage6::Samsung::PRODUCES::功率/模拟IDM器件,2026-07-08,2026-07-08,2026-07-06,,,,unknown,检索快照,,2026-07-05;2026-07-06,当前支持,事实判断,E3-153,A:2;B-:9,公开资料检索,2026-10-08,
Texas Instruments,功率/模拟IDM器件,PRODUCES,L4-MIDSTREAM-IDM-特色工艺制造,IDM/特色工艺制造,模拟和嵌入式芯片IDM龙头。,E3-153;E3-155;E3-160;E3-793,medium,false,basis_keyword_match,stage6::Texas Instruments::PRODUCES::功率/模拟IDM器件,2026-07-08,2026-07-08,2026-07-06,,,,unknown,检索快照,,2026-07-05;2026-07-06,当前支持,事实判断,E3-153,A:1;B-:3,公开资料检索,2026-10-08,
上海微电子,光刻机,PRODUCES,L4-UPSTREAM-光刻设备,光刻设备,国产光刻机和图形化设备代表企业。,E3-165;E3-166;E3-168;E3-169;E3-170;E3-185;E3-919,medium,false,hardcoded,stage6::上海微电子::PRODUCES::光刻机,2026-07-08,2026-07-08,2026-07-08,,,,unknown,检索快照,2026-01-12;2026-03-11;2026-06-03;2026-06-08;2026-06-15,2026-07-05;2026-07-08,当前支持,事实判断,E3-165,A:1;B:2;B-:4,公开资料检索,2026-10-08,
芯源微,涂胶显影设备,PRODUCES,L4-UPSTREAM-光刻设备,光刻设备,涂胶显影和清洗设备国产代表企业。,E3-171;E3-172;E3-173;E3-174;E3-175;E3-176;E3-906,medium,false,basis_keyword_match,stage6::芯源微::PRODUCES::涂胶显影设备,2026-07-08,2026-07-08,2026-07-08,,,,unknown,检索快照,2019-10-22;2021-03-30;2022-01-23;2022-01-24;2022-03-09;2022-09-04,2026-07-05;2026-07-08,当前支持,事实判断,E3-171,A:1;B:1;B-:5,公开资料检索,2026-10-08,
ASML,光刻机,PRODUCES,L4-UPSTREAM-光刻设备,光刻设备,EUV/DUV光刻设备全球核心供应商。,E3-166;E3-168;E3-170;E3-180;E3-181;E3-875;E3-876,medium,false,hardcoded,stage6::ASML::PRODUCES::光刻机,2026-07-08,2026-07-08,2026-07-08,,,,unknown,检索快照,2026-01-12;2026-06-03;2026-06-08,2026-07-05;2026-07-08,当前支持,事实判断,E3-166,A:2;B:1;B-:4,公开资料检索,2026-10-08,
Canon,光刻机,PRODUCES,L4-UPSTREAM-光刻设备,光刻设备,i-line、KrF和纳米压印等光刻设备代表厂商。,E3-166;E3-180;E3-181;E3-757,medium,false,hardcoded,stage6::Canon::PRODUCES::光刻机,2026-07-08,2026-07-08,2026-07-06,,,,unknown,检索快照,2026-01-12,2026-07-05;2026-07-06,当前支持,事实判断,E3-166,A:1;B-:3,公开资料检索,2026-10-08,
Nikon,光刻机,PRODUCES,L4-UPSTREAM-光刻设备,光刻设备,DUV/i-line等光刻设备全球主要供应商。,E3-166;E3-180;E3-181;E3-758,medium,false,hardcoded,stage6::Nikon::PRODUCES::光刻机,2026-07-08,2026-07-08,2026-07-06,,,,unknown,检索快照,2026-01-12,2026-07-05;2026-07-06,当前支持,事实判断,E3-166,A:1;B-:3,公开资料检索,2026-10-08,
中微公司,等离子刻蚀设备,PRODUCES,L4-UPSTREAM-刻蚀设备,刻蚀设备,介质刻蚀、MOCVD和高端刻蚀设备国产代表。,E3-189;E3-190;E3-192;E3-193;E3-194;E3-195;E3-196;E3-197;E3-198;E3-199;E3-200;E3-853,medium,false,basis_keyword_match,stage6::中微公司::PRODUCES::等离子刻蚀设备,2026-07-08,2026-07-08,2026-07-08,,,,unknown,检索快照,2020-01-14;2020-07-30;2022-03-01;2025-10-01;2025-10-13;2026-01-06;2026-01-31;2026-03-25;2026-05-10;2026-07-04,2026-07-05;2026-07-08,当前支持,事实判断,E3-189,A:1;B:3;B-:8,公开资料检索,2026-10-08,
北方华创,等离子刻蚀设备,PRODUCES,L4-UPSTREAM-刻蚀设备,刻蚀设备,刻蚀、薄膜、清洗和热处理平台型设备企业。,E3-189;E3-190;E3-191;E3-192;E3-193;E3-194;E3-195;E3-196;E3-197;E3-199;E3-200;E3-850,medium,false,basis_keyword_match,stage6::北方华创::PRODUCES::等离子刻蚀设备,2026-07-08,2026-07-08,2026-07-08,,,,unknown,检索快照,2020-01-14;2022-03-01;2025-10-01;2025-10-13;2026-01-06;2026-01-31;2026-03-25;2026-05-10;2026-06-28;2026-07-04,2026-07-05;2026-07-08,当前支持,事实判断,E3-189,A:1;B:4;B-:7,公开资料检索,2026-10-08,
Applied Materials,CVD设备,PRODUCES,L4-UPSTREAM-薄膜沉积设备,薄膜沉积设备,沉积设备和材料工程解决方案全球龙头。,E3-194;E3-201;E3-202;E3-203;E3-209;E3-211;E3-225;E3-227;E3-228;E3-231;E3-233;E3-238;E3-251;E3-254;E3-266;E3-267;E3-273;E3-276;E3-281;E3-282;E3-750,high,false,hardcoded,stage6::Applied Materials::PRODUCES::CVD设备,2026-07-08,2026-07-08,2026-07-06,,,,unknown,检索快照,2023-05-21;2023-05-22;2026-01-31;2026-02-27,2026-07-05;2026-07-06,当前支持,事实判断,E3-194,A:1;B:1;B-:19,公开资料检索,2026-10-08,
Applied Materials,PVD设备,PRODUCES,L4-UPSTREAM-薄膜沉积设备,薄膜沉积设备,沉积设备和材料工程解决方案全球龙头。,E3-194;E3-201;E3-202;E3-203;E3-209;E3-211;E3-225;E3-227;E3-228;E3-231;E3-233;E3-238;E3-251;E3-254;E3-266;E3-267;E3-273;E3-276;E3-281;E3-282;E3-750,high,false,hardcoded,stage6::Applied Materials::PRODUCES::PVD设备,2026-07-08,2026-07-08,2026-07-06,,,,unknown,检索快照,2023-05-21;2023-05-22;2026-01-31;2026-02-27,2026-07-05;2026-07-06,当前支持,事实判断,E3-194,A:1;B:1;B-:19,公开资料检索,2026-10-08,
Applied Materials,缺陷检测设备,PRODUCES,L4-UPSTREAM-量测检测设备,量测检测设备,沉积设备和材料工程解决方案全球龙头。,E3-194;E3-201;E3-202;E3-203;E3-209;E3-211;E3-225;E3-227;E3-228;E3-231;E3-233;E3-238;E3-251;E3-254;E3-266;E3-267;E3-273;E3-276;E3-281;E3-282;E3-750,high,false,hardcoded,stage6::Applied Materials::PRODUCES::缺陷检测设备,2026-07-08,2026-07-08,2026-07-06,,,,unknown,检索快照,2023-05-21;2023-05-22;2026-01-31;2026-02-27,2026-07-05;2026-07-06,当前支持,事实判断,E3-194,A:1;B:1;B-:19,公开资料检索,2026-10-08,
Applied Materials,等离子刻蚀设备,PRODUCES,L4-UPSTREAM-刻蚀设备,刻蚀设备,刻蚀、沉积和工艺设备综合龙头。,E3-194;E3-201;E3-202;E3-203;E3-209;E3-211;E3-750,high,false,basis_keyword_match,stage6::Applied Materials::PRODUCES::等离子刻蚀设备,2026-07-08,2026-07-08,2026-07-06,,,,unknown,检索快照,2026-01-31,2026-07-05;2026-07-06,当前支持,事实判断,E3-194,A:1;B-:6,公开资料检索,2026-10-08,
Lam Research,CVD设备,PRODUCES,L4-UPSTREAM-薄膜沉积设备,薄膜沉积设备,沉积、刻蚀和清洗工艺设备全球主要厂商。,E3-194;E3-202;E3-203;E3-204;E3-206;E3-209;E3-211;E3-225;E3-226;E3-228;E3-230;E3-233;E3-752,high,false,hardcoded,stage6::Lam Research::PRODUCES::CVD设备,2026-07-08,2026-07-08,2026-07-06,,,,unknown,检索快照,2026-01-31,2026-07-05;2026-07-06,当前支持,事实判断,E3-194,A:1;B-:12,公开资料检索,2026-10-08,
Lam Research,等离子刻蚀设备,PRODUCES,L4-UPSTREAM-刻蚀设备,刻蚀设备,刻蚀和薄膜设备全球龙头。,E3-194;E3-202;E3-203;E3-204;E3-206;E3-209;E3-211;E3-752,high,false,basis_keyword_match,stage6::Lam Research::PRODUCES::等离子刻蚀设备,2026-07-08,2026-07-08,2026-07-06,,,,unknown,检索快照,2026-01-31,2026-07-05;2026-07-06,当前支持,事实判断,E3-194,A:1;B-:7,公开资料检索,2026-10-08,
Tokyo Electron,CVD设备,PRODUCES,L4-UPSTREAM-薄膜沉积设备,薄膜沉积设备,沉积、涂胶显影和热处理设备全球主要厂商。,E3-194;E3-201;E3-202;E3-203;E3-206;E3-225;E3-226;E3-231;E3-233;E3-754,high,false,hardcoded,stage6::Tokyo Electron::PRODUCES::CVD设备,2026-07-08,2026-07-08,2026-07-06,,,,unknown,检索快照,2026-01-31,2026-07-05;2026-07-06,当前支持,事实判断,E3-194,A:1;B-:9,公开资料检索,2026-10-08,
Tokyo Electron,等离子刻蚀设备,PRODUCES,L4-UPSTREAM-刻蚀设备,刻蚀设备,刻蚀、涂胶显影和沉积设备全球主要厂商。,E3-194;E3-201;E3-202;E3-203;E3-206;E3-754,high,false,basis_keyword_match,stage6::Tokyo Electron::PRODUCES::等离子刻蚀设备,2026-07-08,2026-07-08,2026-07-06,,,,unknown,检索快照,2026-01-31,2026-07-05;2026-07-06,当前支持,事实判断,E3-194,A:1;B-:5,公开资料检索,2026-10-08,
中微公司,CVD设备,PRODUCES,L4-UPSTREAM-薄膜沉积设备,薄膜沉积设备,MOCVD和先进工艺设备代表企业。,E3-213;E3-214;E3-218;E3-219;E3-221;E3-222;E3-223;E3-224;E3-854,medium,false,basis_keyword_match,stage6::中微公司::PRODUCES::CVD设备,2026-07-08,2026-07-08,2026-07-08,,,,unknown,检索快照,2022-05-20;2023-02-28;2023-08-24;2024-10-12;2026-04-11;2026-05-09;2026-05-19,2026-07-05;2026-07-08,当前支持,事实判断,E3-213,A:1;B:1;B-:7,公开资料检索,2026-10-08,
北方华创,CVD设备,PRODUCES,L4-UPSTREAM-薄膜沉积设备,薄膜沉积设备,PVD、CVD、ALD等薄膜设备国产平台型企业。,E3-213;E3-214;E3-216;E3-217;E3-218;E3-219;E3-221;E3-222;E3-224;E3-851,medium,false,basis_keyword_match,stage6::北方华创::PRODUCES::CVD设备,2026-07-08,2026-07-08,2026-07-08,,,,unknown,检索快照,2023-02-28;2023-08-24;2024-10-12;2026-02-26;2026-04-11;2026-05-09;2026-05-19,2026-07-05;2026-07-08,当前支持,事实判断,E3-213,A:1;B:1;B-:8,公开资料检索,2026-10-08,
北方华创,PVD设备,PRODUCES,L4-UPSTREAM-薄膜沉积设备,薄膜沉积设备,PVD、CVD、ALD等薄膜设备国产平台型企业。,E3-213;E3-214;E3-216;E3-217;E3-218;E3-219;E3-221;E3-222;E3-224;E3-851,medium,false,basis_keyword_match,stage6::北方华创::PRODUCES::PVD设备,2026-07-08,2026-07-08,2026-07-08,,,,unknown,检索快照,2023-02-28;2023-08-24;2024-10-12;2026-02-26;2026-04-11;2026-05-09;2026-05-19,2026-07-05;2026-07-08,当前支持,事实判断,E3-213,A:1;B:1;B-:8,公开资料检索,2026-10-08,
北方华创,ALD设备,PRODUCES,L4-UPSTREAM-薄膜沉积设备,薄膜沉积设备,PVD、CVD、ALD等薄膜设备国产平台型企业。,E3-213;E3-214;E3-216;E3-217;E3-218;E3-219;E3-221;E3-222;E3-224;E3-851,medium,false,basis_keyword_match,stage6::北方华创::PRODUCES::ALD设备,2026-07-08,2026-07-08,2026-07-08,,,,unknown,检索快照,2023-02-28;2023-08-24;2024-10-12;2026-02-26;2026-04-11;2026-05-09;2026-05-19,2026-07-05;2026-07-08,当前支持,事实判断,E3-213,A:1;B:1;B-:8,公开资料检索,2026-10-08,
拓荆科技,CVD设备,PRODUCES,L4-UPSTREAM-薄膜沉积设备,薄膜沉积设备,PECVD、ALD、SACVD等薄膜沉积设备代表企业。,E3-213;E3-214;E3-215;E3-216;E3-217;E3-218;E3-219;E3-220;E3-221;E3-222;E3-223;E3-224;E3-887,medium,false,hardcoded,stage6::拓荆科技::PRODUCES::CVD设备,2026-07-08,2026-07-08,2026-07-08,,,,unknown,检索快照,2022-05-20;2023-02-28;2023-06-17;2023-08-24;2024-10-12;2026-02-26;2026-04-11;2026-05-09;2026-05-19;2026-05-31,2026-07-05;2026-07-08,当前支持,事实判断,E3-213,A:1;B:2;B-:10,公开资料检索,2026-10-08,
拓荆科技,ALD设备,PRODUCES,L4-UPSTREAM-薄膜沉积设备,薄膜沉积设备,PECVD、ALD、SACVD等薄膜沉积设备代表企业。,E3-213;E3-214;E3-215;E3-216;E3-217;E3-218;E3-219;E3-220;E3-221;E3-222;E3-223;E3-224;E3-887,medium,false,hardcoded,stage6::拓荆科技::PRODUCES::ALD设备,2026-07-08,2026-07-08,2026-07-08,,,,unknown,检索快照,2022-05-20;2023-02-28;2023-06-17;2023-08-24;2024-10-12;2026-02-26;2026-04-11;2026-05-09;2026-05-19;2026-05-31,2026-07-05;2026-07-08,当前支持,事实判断,E3-213,A:1;B:2;B-:10,公开资料检索,2026-10-08,
ASM International,ALD设备,PRODUCES,L4-UPSTREAM-薄膜沉积设备,薄膜沉积设备,ALD和外延沉积设备全球代表厂商。,E3-225;E3-226;E3-231;E3-756,medium,false,basis_keyword_match,stage6::ASM International::PRODUCES::ALD设备,2026-07-08,2026-07-08,2026-07-06,,,,unknown,检索快照,,2026-07-05;2026-07-06,当前支持,事实判断,E3-225,A:1;B-:3,公开资料检索,2026-10-08,
北方华创,热处理设备,PRODUCES,L4-UPSTREAM-清洗-CMP-热处理设备,清洗/CMP/热处理设备,热处理、清洗和平台型设备能力覆盖广。,E3-237;E3-238;E3-242;E3-852,medium,false,basis_keyword_match,stage6::北方华创::PRODUCES::热处理设备,2026-07-08,2026-07-08,2026-07-08,,,,unknown,检索快照,2026-02-27;2026-05-15;2026-07-04,2026-07-05;2026-07-08,当前支持,事实判断,E3-237,A:1;B:1;B-:2,公开资料检索,2026-10-08,
华海清科,CMP抛光设备,PRODUCES,L4-UPSTREAM-清洗-CMP-热处理设备,清洗/CMP/热处理设备,CMP设备国产代表企业。,E3-238;E3-239;E3-240;E3-243;E3-244;E3-245;E3-246;E3-247;E3-888,medium,false,hardcoded,stage6::华海清科::PRODUCES::CMP抛光设备,2026-07-08,2026-07-08,2026-07-08,,,,unknown,检索快照,2022-08-05;2023-01-17;2023-02-20;2023-11-01;2026-02-27;2026-06-17,2026-07-05;2026-07-08,当前支持,事实判断,E3-238,A:1;B:2;B-:6,公开资料检索,2026-10-08,
盛美上海,清洗设备,PRODUCES,L4-UPSTREAM-清洗-CMP-热处理设备,清洗/CMP/热处理设备,半导体清洗和电镀设备国产代表企业。,E3-237;E3-238;E3-239;E3-240;E3-241;E3-242;E3-243;E3-248;E3-889,medium,false,hardcoded,stage6::盛美上海::PRODUCES::清洗设备,2026-07-08,2026-07-08,2026-07-08,,,,unknown,检索快照,2022-04-20;2023-01-17;2026-02-27;2026-05-15;2026-06-03;2026-06-17;2026-07-04,2026-07-05;2026-07-08,当前支持,事实判断,E3-237,A:1;B:3;B-:5,公开资料检索,2026-10-08,
Applied Materials,CMP抛光设备,PRODUCES,L4-UPSTREAM-清洗-CMP-热处理设备,清洗/CMP/热处理设备,CMP和多类工艺设备全球综合龙头。,E3-238;E3-251;E3-254;E3-750,medium,false,basis_keyword_match,stage6::Applied Materials::PRODUCES::CMP抛光设备,2026-07-08,2026-07-08,2026-07-06,,,,unknown,检索快照,2026-02-27,2026-07-05;2026-07-06,当前支持,事实判断,E3-238,A:1;B-:3,公开资料检索,2026-10-08,
Ebara,CMP抛光设备,PRODUCES,L4-UPSTREAM-清洗-CMP-热处理设备,清洗/CMP/热处理设备,CMP设备和真空设备全球主要供应商。,E3-238;E3-251;E3-260;E3-760,medium,false,basis_keyword_match,stage6::Ebara::PRODUCES::CMP抛光设备,2026-07-08,2026-07-08,2026-07-06,,,,unknown,检索快照,2026-02-27,2026-07-05;2026-07-06,当前支持,事实判断,E3-238,A:1;B-:3,公开资料检索,2026-10-08,
SCREEN,清洗设备,PRODUCES,L4-UPSTREAM-清洗-CMP-热处理设备,清洗/CMP/热处理设备,晶圆清洗设备全球龙头之一。,E3-250;E3-254;E3-759,medium,false,basis_keyword_match,stage6::SCREEN::PRODUCES::清洗设备,2026-07-08,2026-07-08,2026-07-06,,,,unknown,检索快照,,2026-07-05;2026-07-06,当前支持,事实判断,E3-250,A:1;B-:2,公开资料检索,2026-10-08,
中科飞测,缺陷检测设备,PRODUCES,L4-UPSTREAM-量测检测设备,量测检测设备,半导体检测和量测设备国产代表企业。,E3-261;E3-262;E3-263;E3-264;E3-265;E3-266;E3-267;E3-268;E3-269;E3-270;E3-890,medium,false,hardcoded,stage6::中科飞测::PRODUCES::缺陷检测设备,2026-07-08,2026-07-08,2026-07-08,,,,unknown,检索快照,2022-12-14;2023-05-21;2023-05-22;2023-08-24;2023-09-06;2023-12-17;2026-01-16;2026-01-19;2026-01-22;2026-04-06,2026-07-05;2026-07-08,当前支持,事实判断,E3-261,A:1;B:1;B-:9,公开资料检索,2026-10-08,
中科飞测,膜厚/CD量测设备,PRODUCES,L4-UPSTREAM-量测检测设备,量测检测设备,半导体检测和量测设备国产代表企业。,E3-261;E3-262;E3-263;E3-264;E3-265;E3-266;E3-267;E3-268;E3-269;E3-270;E3-890,medium,false,hardcoded,stage6::中科飞测::PRODUCES::膜厚/CD量测设备,2026-07-08,2026-07-08,2026-07-08,,,,unknown,检索快照,2022-12-14;2023-05-21;2023-05-22;2023-08-24;2023-09-06;2023-12-17;2026-01-16;2026-01-19;2026-01-22;2026-04-06,2026-07-05;2026-07-08,当前支持,事实判断,E3-261,A:1;B:1;B-:9,公开资料检索,2026-10-08,
精测电子,缺陷检测设备,PRODUCES,L4-UPSTREAM-量测检测设备,量测检测设备,显示和半导体检测设备国产代表企业。,E3-269;E3-795,medium-low,false,basis_keyword_match,stage6::精测电子::PRODUCES::缺陷检测设备,2026-07-08,2026-07-08,2026-07-06,,,,unknown,检索快照,2023-08-24,2026-07-05;2026-07-06,当前支持,事实判断,E3-269,A:1;B-:1,公开资料检索,2026-10-08,
KLA,缺陷检测设备,PRODUCES,L4-UPSTREAM-量测检测设备,量测检测设备,过程控制、检测和量测设备全球龙头。,E3-266;E3-267;E3-268;E3-269;E3-273;E3-274;E3-276;E3-281;E3-282;E3-877,medium,false,basis_keyword_match,stage6::KLA::PRODUCES::缺陷检测设备,2026-07-08,2026-07-08,2026-07-08,,,,unknown,检索快照,2023-05-21;2023-05-22;2023-08-24;2023-09-06,2026-07-05;2026-07-08,当前支持,事实判断,E3-266,A:1;B:1;B-:8,公开资料检索,2026-10-08,
KLA,膜厚/CD量测设备,PRODUCES,L4-UPSTREAM-量测检测设备,量测检测设备,过程控制、检测和量测设备全球龙头。,E3-266;E3-267;E3-268;E3-269;E3-273;E3-274;E3-276;E3-281;E3-282;E3-877,medium,false,basis_keyword_match,stage6::KLA::PRODUCES::膜厚/CD量测设备,2026-07-08,2026-07-08,2026-07-08,,,,unknown,检索快照,2023-05-21;2023-05-22;2023-08-24;2023-09-06,2026-07-05;2026-07-08,当前支持,事实判断,E3-266,A:1;B:1;B-:8,公开资料检索,2026-10-08,
Onto Innovation,缺陷检测设备,PRODUCES,L4-UPSTREAM-量测检测设备,量测检测设备,量测、检测和先进封装过程控制代表厂商。,E3-272;E3-796,medium-low,false,basis_keyword_match,stage6::Onto Innovation::PRODUCES::缺陷检测设备,2026-07-08,2026-07-08,2026-07-06,,,,unknown,检索快照,,2026-07-05;2026-07-06,当前支持,事实判断,E3-272,A:1;B-:1,公开资料检索,2026-10-08,
Onto Innovation,膜厚/CD量测设备,PRODUCES,L4-UPSTREAM-量测检测设备,量测检测设备,量测、检测和先进封装过程控制代表厂商。,E3-272;E3-796,medium-low,false,basis_keyword_match,stage6::Onto Innovation::PRODUCES::膜厚/CD量测设备,2026-07-08,2026-07-08,2026-07-06,,,,unknown,检索快照,,2026-07-05;2026-07-06,当前支持,事实判断,E3-272,A:1;B-:1,公开资料检索,2026-10-08,
华峰测控,SoC测试机,PRODUCES,L4-UPSTREAM-测试设备,测试设备,模拟和功率半导体测试设备国产代表企业。,E3-283;E3-284;E3-285;E3-286;E3-287;E3-288;E3-289;E3-290;E3-293;E3-294;E3-891,medium,false,hardcoded,stage6::华峰测控::PRODUCES::SoC测试机,2026-07-08,2026-07-08,2026-07-08,,,,unknown,检索快照,2020-09-17;2021-02-23;2021-07-05;2022-08-15;2023-07-08;2024-12-11;2025-01-03;2025-02-21;2025-04-27;2025-12-19,2026-07-05;2026-07-08,当前支持,事实判断,E3-283,A:1;B:2;B-:8,公开资料检索,2026-10-08,
长川科技,SoC测试机,PRODUCES,L4-UPSTREAM-测试设备,测试设备,测试机、分选机和探针台国产代表企业。,E3-283;E3-284;E3-285;E3-286;E3-289;E3-290;E3-291;E3-292;E3-293;E3-294;E3-892,medium,false,hardcoded,stage6::长川科技::PRODUCES::SoC测试机,2026-07-08,2026-07-08,2026-07-08,,,,unknown,检索快照,2020-09-17;2022-08-15;2022-11-10;2022-12-14;2023-07-08;2024-12-11;2025-01-03;2025-02-21;2025-04-27;2025-12-19,2026-07-05;2026-07-08,当前支持,事实判断,E3-283,A:1;B:1;B-:9,公开资料检索,2026-10-08,
长川科技,分选机/探针台,PRODUCES,L4-UPSTREAM-测试设备,测试设备,测试机、分选机和探针台国产代表企业。,E3-283;E3-284;E3-285;E3-286;E3-289;E3-290;E3-291;E3-292;E3-293;E3-294;E3-892,medium,false,hardcoded,stage6::长川科技::PRODUCES::分选机/探针台,2026-07-08,2026-07-08,2026-07-08,,,,unknown,检索快照,2020-09-17;2022-08-15;2022-11-10;2022-12-14;2023-07-08;2024-12-11;2025-01-03;2025-02-21;2025-04-27;2025-12-19,2026-07-05;2026-07-08,当前支持,事实判断,E3-283,A:1;B:1;B-:9,公开资料检索,2026-10-08,
Advantest,SoC测试机,PRODUCES,L4-UPSTREAM-测试设备,测试设备,半导体ATE测试设备全球龙头。,E3-288;E3-289;E3-293;E3-295;E3-296;E3-297;E3-301;E3-302;E3-879,medium,false,basis_keyword_match,stage6::Advantest::PRODUCES::SoC测试机,2026-07-08,2026-07-08,2026-07-08,,,,unknown,检索快照,2021-02-23;2022-08-15;2025-04-27,2026-07-05;2026-07-08,当前支持,事实判断,E3-288,A:1;B:2;B-:6,公开资料检索,2026-10-08,
Cohu,SoC测试机,PRODUCES,L4-UPSTREAM-测试设备,测试设备,测试、分选和接口解决方案全球主要厂商。,E3-295;E3-297;E3-301;E3-797,medium,false,hardcoded,stage6::Cohu::PRODUCES::SoC测试机,2026-07-08,2026-07-08,2026-07-06,,,,unknown,检索快照,,2026-07-05;2026-07-06,当前支持,事实判断,E3-295,A:1;B-:3,公开资料检索,2026-10-08,
Teradyne,SoC测试机,PRODUCES,L4-UPSTREAM-测试设备,测试设备,SoC、存储和系统级测试设备全球龙头。,E3-288;E3-289;E3-293;E3-295;E3-297;E3-301;E3-305;E3-878,medium,false,hardcoded,stage6::Teradyne::PRODUCES::SoC测试机,2026-07-08,2026-07-08,2026-07-08,,,,unknown,检索快照,2021-02-23;2022-08-15;2025-04-27,2026-07-05;2026-07-08,当前支持,事实判断,E3-288,A:1;B:2;B-:5,公开资料检索,2026-10-08,
GlobalWafers,300mm硅片,PRODUCES,L4-UPSTREAM-硅片,硅片,半导体硅片全球主要供应商。,E3-313;E3-316;E3-318;E3-324;E3-893,medium,false,hardcoded,stage6::GlobalWafers::PRODUCES::300mm硅片,2026-07-08,2026-07-08,2026-07-08,,,,unknown,检索快照,2022-01-12;2023-10-11,2026-07-05;2026-07-08,当前支持,事实判断,E3-313,A:1;B:1;B-:3,公开资料检索,2026-10-08,
GlobalWafers,200mm硅片,PRODUCES,L4-UPSTREAM-硅片,硅片,半导体硅片全球主要供应商。,E3-313;E3-316;E3-318;E3-324;E3-893,medium,false,hardcoded,stage6::GlobalWafers::PRODUCES::200mm硅片,2026-07-08,2026-07-08,2026-07-08,,,,unknown,检索快照,2022-01-12;2023-10-11,2026-07-05;2026-07-08,当前支持,事实判断,E3-313,A:1;B:1;B-:3,公开资料检索,2026-10-08,
GlobalWafers,外延片,PRODUCES,L4-UPSTREAM-硅片,硅片,半导体硅片全球主要供应商。,E3-313;E3-316;E3-318;E3-324;E3-893,medium,false,hardcoded,stage6::GlobalWafers::PRODUCES::外延片,2026-07-08,2026-07-08,2026-07-08,,,,unknown,检索快照,2022-01-12;2023-10-11,2026-07-05;2026-07-08,当前支持,事实判断,E3-313,A:1;B:1;B-:3,公开资料检索,2026-10-08,
TCL中环,300mm硅片,PRODUCES,L4-UPSTREAM-硅片,硅片,大尺寸硅片和半导体材料布局代表企业。,E3-307;E3-308;E3-309;E3-310;E3-311;E3-312;E3-315;E3-317;E3-894,medium,false,hardcoded,stage6::TCL中环::PRODUCES::300mm硅片,2026-07-08,2026-07-08,2026-07-08,,,,unknown,检索快照,2022-09-08;2022-10-19;2026-01-22;2026-04-27;2026-05-13;2026-06-09,2026-07-05;2026-07-08,当前支持,事实判断,E3-307,A:1;B:1;B-:7,公开资料检索,2026-10-08,
沪硅产业,300mm硅片,PRODUCES,L4-UPSTREAM-硅片,硅片,中国大陆半导体硅片代表企业。,E3-307;E3-308;E3-309;E3-311;E3-312;E3-313;E3-314;E3-315;E3-316;E3-317;E3-895,medium,false,hardcoded,stage6::沪硅产业::PRODUCES::300mm硅片,2026-07-08,2026-07-08,2026-07-08,,,,unknown,检索快照,2021-09-17;2022-01-12;2022-09-08;2022-10-19;2023-10-11;2026-04-27;2026-05-13;2026-06-09,2026-07-05;2026-07-08,当前支持,事实判断,E3-307,A:1;B:2;B-:8,公开资料检索,2026-10-08,
沪硅产业,200mm硅片,PRODUCES,L4-UPSTREAM-硅片,硅片,中国大陆半导体硅片代表企业。,E3-307;E3-308;E3-309;E3-311;E3-312;E3-313;E3-314;E3-315;E3-316;E3-317;E3-895,medium,false,hardcoded,stage6::沪硅产业::PRODUCES::200mm硅片,2026-07-08,2026-07-08,2026-07-08,,,,unknown,检索快照,2021-09-17;2022-01-12;2022-09-08;2022-10-19;2023-10-11;2026-04-27;2026-05-13;2026-06-09,2026-07-05;2026-07-08,当前支持,事实判断,E3-307,A:1;B:2;B-:8,公开资料检索,2026-10-08,
沪硅产业,外延片,PRODUCES,L4-UPSTREAM-硅片,硅片,中国大陆半导体硅片代表企业。,E3-307;E3-308;E3-309;E3-311;E3-312;E3-313;E3-314;E3-315;E3-316;E3-317;E3-895,medium,false,hardcoded,stage6::沪硅产业::PRODUCES::外延片,2026-07-08,2026-07-08,2026-07-08,,,,unknown,检索快照,2021-09-17;2022-01-12;2022-09-08;2022-10-19;2023-10-11;2026-04-27;2026-05-13;2026-06-09,2026-07-05;2026-07-08,当前支持,事实判断,E3-307,A:1;B:2;B-:8,公开资料检索,2026-10-08,
立昂微,300mm硅片,PRODUCES,L4-UPSTREAM-硅片,硅片,硅片、功率半导体和射频芯片制造布局代表企业。,E3-308;E3-309;E3-311;E3-312;E3-313;E3-314;E3-315;E3-316;E3-317;E3-896,medium,false,hardcoded,stage6::立昂微::PRODUCES::300mm硅片,2026-07-08,2026-07-08,2026-07-08,,,,unknown,检索快照,2021-09-17;2022-01-12;2022-09-08;2022-10-19;2023-10-11;2026-05-13;2026-06-09,2026-07-05;2026-07-08,当前支持,事实判断,E3-308,A:1;B:2;B-:7,公开资料检索,2026-10-08,
立昂微,200mm硅片,PRODUCES,L4-UPSTREAM-硅片,硅片,硅片、功率半导体和射频芯片制造布局代表企业。,E3-308;E3-309;E3-311;E3-312;E3-313;E3-314;E3-315;E3-316;E3-317;E3-896,medium,false,hardcoded,stage6::立昂微::PRODUCES::200mm硅片,2026-07-08,2026-07-08,2026-07-08,,,,unknown,检索快照,2021-09-17;2022-01-12;2022-09-08;2022-10-19;2023-10-11;2026-05-13;2026-06-09,2026-07-05;2026-07-08,当前支持,事实判断,E3-308,A:1;B:2;B-:7,公开资料检索,2026-10-08,
立昂微,外延片,PRODUCES,L4-UPSTREAM-硅片,硅片,硅片、功率半导体和射频芯片制造布局代表企业。,E3-308;E3-309;E3-311;E3-312;E3-313;E3-314;E3-315;E3-316;E3-317;E3-896,medium,false,hardcoded,stage6::立昂微::PRODUCES::外延片,2026-07-08,2026-07-08,2026-07-08,,,,unknown,检索快照,2021-09-17;2022-01-12;2022-09-08;2022-10-19;2023-10-11;2026-05-13;2026-06-09,2026-07-05;2026-07-08,当前支持,事实判断,E3-308,A:1;B:2;B-:7,公开资料检索,2026-10-08,
SUMCO,300mm硅片,PRODUCES,L4-UPSTREAM-硅片,硅片,半导体硅片全球龙头。,E3-321;E3-329;E3-761,medium,false,basis_keyword_match,stage6::SUMCO::PRODUCES::300mm硅片,2026-07-08,2026-07-08,2026-07-06,,,,unknown,检索快照,,2026-07-05;2026-07-06,当前支持,事实判断,E3-321,A:1;B-:2,公开资料检索,2026-10-08,
Shin-Etsu,300mm硅片,PRODUCES,L4-UPSTREAM-硅片,硅片,半导体硅片全球龙头。,E3-318;E3-321;E3-324;E3-329;E3-762,high,false,basis_keyword_match,stage6::Shin-Etsu::PRODUCES::300mm硅片,2026-07-08,2026-07-08,2026-07-06,,,,unknown,检索快照,,2026-07-05;2026-07-06,当前支持,事实判断,E3-318,A:1;B-:4,公开资料检索,2026-10-08,
Siltronic,300mm硅片,PRODUCES,L4-UPSTREAM-硅片,硅片,半导体硅片全球主要供应商。,E3-318;E3-324;E3-763,medium,false,basis_keyword_match,stage6::Siltronic::PRODUCES::300mm硅片,2026-07-08,2026-07-08,2026-07-06,,,,unknown,检索快照,,2026-07-05;2026-07-06,当前支持,事实判断,E3-318,A:1;B-:2,公开资料检索,2026-10-08,
南大光电,光刻胶,PRODUCES,L4-UPSTREAM-光刻胶-配套材料,光刻胶/配套材料,ArF光刻胶、电子特气和MO源材料代表企业。,E3-330;E3-331;E3-332;E3-333;E3-334;E3-335;E3-336;E3-337;E3-338;E3-339;E3-340;E3-341;E3-354;E3-355;E3-356;E3-357;E3-359;E3-798;E3-897,high,false,hardcoded,stage6::南大光电::PRODUCES::光刻胶,2026-07-08,2026-07-08,2026-07-08,,,,unknown,检索快照,2021-09-30;2022-03-15;2024-04-23;2024-06-13;2024-06-17;2025-08-21;2026-01-07;2026-01-08;2026-01-09;2026-01-15;2026-05-01;2026-06-27;2026-06-29,2026-07-05;2026-07-06;2026-07-08,当前支持,事实判断,E3-330,A:2;B:2;B-:15,公开资料检索,2026-10-08,
彤程新材,光刻胶,PRODUCES,L4-UPSTREAM-光刻胶-配套材料,光刻胶/配套材料,半导体光刻胶和电子材料国产代表企业。,E3-330;E3-331;E3-332;E3-333;E3-334;E3-336;E3-337;E3-338;E3-339;E3-340;E3-341;E3-898,medium,false,hardcoded,stage6::彤程新材::PRODUCES::光刻胶,2026-07-08,2026-07-08,2026-07-08,,,,unknown,检索快照,2021-09-30;2022-03-15;2024-04-23;2024-06-13;2024-06-17;2025-08-21;2026-01-07;2026-01-09;2026-01-15;2026-06-27,2026-07-05;2026-07-08,当前支持,事实判断,E3-330,A:1;B:2;B-:9,公开资料检索,2026-10-08,
晶瑞电材,光刻胶,PRODUCES,L4-UPSTREAM-光刻胶-配套材料,光刻胶/配套材料,光刻胶和湿电子化学品国产代表企业。,E3-330;E3-332;E3-333;E3-334;E3-336;E3-337;E3-338;E3-339;E3-340;E3-341;E3-899,medium,false,hardcoded,stage6::晶瑞电材::PRODUCES::光刻胶,2026-07-08,2026-07-08,2026-07-08,,,,unknown,检索快照,2021-09-30;2022-03-15;2024-04-23;2024-06-13;2024-06-17;2025-08-21;2026-01-07;2026-01-09;2026-06-27,2026-07-05;2026-07-08,当前支持,事实判断,E3-330,A:1;B:2;B-:8,公开资料检索,2026-10-08,
晶瑞电材,湿电子化学品,PRODUCES,L4-UPSTREAM-电子气体-湿电子化学品,电子气体/湿电子化学品,光刻胶和湿电子化学品国产代表企业。,E3-330;E3-332;E3-333;E3-334;E3-336;E3-337;E3-338;E3-339;E3-340;E3-341;E3-899,medium,false,hardcoded,stage6::晶瑞电材::PRODUCES::湿电子化学品,2026-07-08,2026-07-08,2026-07-08,,,,unknown,检索快照,2021-09-30;2022-03-15;2024-04-23;2024-06-13;2024-06-17;2025-08-21;2026-01-07;2026-01-09;2026-06-27,2026-07-05;2026-07-08,当前支持,事实判断,E3-330,A:1;B:2;B-:8,公开资料检索,2026-10-08,
DuPont,CMP抛光液,PRODUCES,L4-UPSTREAM-CMP材料,CMP材料,CMP垫、光刻胶和电子材料全球主要供应商。,E3-342;E3-347;E3-403;E3-404;E3-414;E3-418;E3-421;E3-764,high,false,hardcoded,stage6::DuPont::PRODUCES::CMP抛光液,2026-07-08,2026-07-08,2026-07-06,,,,unknown,检索快照,2026-03-11;2026-03-19,2026-07-05;2026-07-06,当前支持,事实判断,E3-342,A:1;B-:7,公开资料检索,2026-10-08,
DuPont,光刻胶,PRODUCES,L4-UPSTREAM-光刻胶-配套材料,光刻胶/配套材料,光刻胶、CMP和电子材料全球主要供应商。,E3-342;E3-347;E3-764,medium,false,basis_keyword_match,stage6::DuPont::PRODUCES::光刻胶,2026-07-08,2026-07-08,2026-07-06,,,,unknown,检索快照,,2026-07-05;2026-07-06,当前支持,事实判断,E3-342,A:1;B-:2,公开资料检索,2026-10-08,
JSR,光刻胶,PRODUCES,L4-UPSTREAM-光刻胶-配套材料,光刻胶/配套材料,半导体光刻胶全球核心供应商。,E3-330;E3-342;E3-346;E3-347;E3-353;E3-901,medium,false,hardcoded,stage6::JSR::PRODUCES::光刻胶,2026-07-08,2026-07-08,2026-07-08,,,,unknown,检索快照,2026-06-27,2026-07-05;2026-07-08,当前支持,事实判断,E3-330,A:1;B:1;B-:4,公开资料检索,2026-10-08,
Shin-Etsu,光刻胶,PRODUCES,L4-UPSTREAM-光刻胶-配套材料,光刻胶/配套材料,光刻胶、硅片和电子材料综合供应商。,E3-330;E3-346;E3-347;E3-353;E3-762,high,false,basis_keyword_match,stage6::Shin-Etsu::PRODUCES::光刻胶,2026-07-08,2026-07-08,2026-07-06,,,,unknown,检索快照,2026-06-27,2026-07-05;2026-07-06,当前支持,事实判断,E3-330,A:1;B:1;B-:3,公开资料检索,2026-10-08,
TOK,光刻胶,PRODUCES,L4-UPSTREAM-光刻胶-配套材料,光刻胶/配套材料,光刻胶和高纯化学品全球核心供应商。,E3-346;E3-347;E3-353;E3-765,medium,false,basis_keyword_match,stage6::TOK::PRODUCES::光刻胶,2026-07-08,2026-07-08,2026-07-06,,,,unknown,检索快照,,2026-07-05;2026-07-06,当前支持,事实判断,E3-346,A:1;B-:3,公开资料检索,2026-10-08,
华特气体,电子特气,PRODUCES,L4-UPSTREAM-电子气体-湿电子化学品,电子气体/湿电子化学品,电子特气国产代表企业。,E3-354;E3-355;E3-356;E3-357;E3-358;E3-359;E3-361;E3-362;E3-363;E3-364;E3-902,medium,false,hardcoded,stage6::华特气体::PRODUCES::电子特气,2026-07-08,2026-07-08,2026-07-08,,,,unknown,检索快照,2020-06-26;2020-06-29;2021-12-01;2024-05-28;2026-01-08;2026-04-27;2026-06-29,2026-07-05;2026-07-08,当前支持,事实判断,E3-354,A:1;B:1;B-:9,公开资料检索,2026-10-08,
南大光电,电子特气,PRODUCES,L4-UPSTREAM-电子气体-湿电子化学品,电子气体/湿电子化学品,电子特气、MO源和光刻胶多材料平台。,E3-354;E3-355;E3-356;E3-357;E3-359;E3-798,high,false,basis_keyword_match,stage6::南大光电::PRODUCES::电子特气,2026-07-08,2026-07-08,2026-07-06,,,,unknown,检索快照,2026-01-08;2026-06-29,2026-07-05;2026-07-06,当前支持,事实判断,E3-354,A:1;B-:5,公开资料检索,2026-10-08,
江化微,湿电子化学品,PRODUCES,L4-UPSTREAM-电子气体-湿电子化学品,电子气体/湿电子化学品,湿电子化学品国产代表企业。,E3-354;E3-355;E3-356;E3-365;E3-903,medium,false,hardcoded,stage6::江化微::PRODUCES::湿电子化学品,2026-07-08,2026-07-08,2026-07-08,,,,unknown,检索快照,2019-04-26;2026-06-29,2026-07-05;2026-07-08,当前支持,事实判断,E3-354,A:1;B:1;B-:3,公开资料检索,2026-10-08,
金宏气体,电子特气,PRODUCES,L4-UPSTREAM-电子气体-湿电子化学品,电子气体/湿电子化学品,电子大宗气体和特种气体国产代表企业。,E3-354;E3-355;E3-356;E3-357;E3-358;E3-359;E3-360;E3-362;E3-363;E3-364;E3-799,high,false,hardcoded,stage6::金宏气体::PRODUCES::电子特气,2026-07-08,2026-07-08,2026-07-06,,,,unknown,检索快照,2020-06-26;2020-06-29;2021-12-01;2022-02-09;2026-01-08;2026-04-27;2026-06-29,2026-07-05;2026-07-06,当前支持,事实判断,E3-354,A:1;B-:10,公开资料检索,2026-10-08,
Air Liquide,电子特气,PRODUCES,L4-UPSTREAM-电子气体-湿电子化学品,电子气体/湿电子化学品,半导体电子气体全球核心供应商。,E3-362;E3-363;E3-368;E3-370;E3-372;E3-375;E3-376;E3-377;E3-767,high,false,basis_keyword_match,stage6::Air Liquide::PRODUCES::电子特气,2026-07-08,2026-07-08,2026-07-06,,,,unknown,检索快照,2020-06-26;2020-06-29,2026-07-05;2026-07-06,当前支持,事实判断,E3-362,A:1;B-:8,公开资料检索,2026-10-08,
Entegris,电子特气,PRODUCES,L4-UPSTREAM-电子气体-湿电子化学品,电子气体/湿电子化学品,电子材料、过滤和高纯化学品全球供应商。,E3-373;E3-414;E3-418;E3-421;E3-766,medium,false,hardcoded,stage6::Entegris::PRODUCES::电子特气,2026-07-08,2026-07-08,2026-07-06,,,,unknown,检索快照,,2026-07-05;2026-07-06,当前支持,事实判断,E3-373,A:1;B-:4,公开资料检索,2026-10-08,
Entegris,CMP抛光液,PRODUCES,L4-UPSTREAM-CMP材料,CMP材料,电子材料、过滤和高纯化学品全球供应商。,E3-373;E3-414;E3-418;E3-421;E3-766,medium,false,hardcoded,stage6::Entegris::PRODUCES::CMP抛光液,2026-07-08,2026-07-08,2026-07-06,,,,unknown,检索快照,,2026-07-05;2026-07-06,当前支持,事实判断,E3-373,A:1;B-:4,公开资料检索,2026-10-08,
Linde,电子特气,PRODUCES,L4-UPSTREAM-电子气体-湿电子化学品,电子气体/湿电子化学品,电子气体和工业气体全球龙头。,E3-362;E3-363;E3-366;E3-368;E3-370;E3-374;E3-375;E3-768,high,false,basis_keyword_match,stage6::Linde::PRODUCES::电子特气,2026-07-08,2026-07-08,2026-07-06,,,,unknown,检索快照,2020-06-26;2020-06-29,2026-07-05;2026-07-06,当前支持,事实判断,E3-362,A:1;B-:7,公开资料检索,2026-10-08,
有研新材,溅射靶材,PRODUCES,L4-UPSTREAM-靶材,靶材,高纯金属材料和靶材国产代表企业。,E3-380;E3-904,medium-low,false,hardcoded,stage6::有研新材::PRODUCES::溅射靶材,2026-07-08,2026-07-08,2026-07-08,,,,unknown,检索快照,2026-06-25,2026-07-05;2026-07-08,当前支持,事实判断,E3-380,A:1;B:1,公开资料检索,2026-10-08,
有研新材,高纯金属材料,PRODUCES,L4-UPSTREAM-靶材,靶材,高纯金属材料和靶材国产代表企业。,E3-380;E3-904,medium-low,false,hardcoded,stage6::有研新材::PRODUCES::高纯金属材料,2026-07-08,2026-07-08,2026-07-08,,,,unknown,检索快照,2026-06-25,2026-07-05;2026-07-08,当前支持,事实判断,E3-380,A:1;B:1,公开资料检索,2026-10-08,
江丰电子,溅射靶材,PRODUCES,L4-UPSTREAM-靶材,靶材,高纯溅射靶材国产代表企业。,E3-378;E3-379;E3-380;E3-381;E3-382;E3-383;E3-384;E3-385;E3-386;E3-387;E3-388;E3-389;E3-905,medium,false,hardcoded,stage6::江丰电子::PRODUCES::溅射靶材,2026-07-08,2026-07-08,2026-07-08,,,,unknown,检索快照,2018-04-26;2018-07-31;2018-08-31;2021-03-30;2023-01-08;2024-11-21;2026-02-09;2026-06-09;2026-06-25;2026-06-29;2026-06-30,2026-07-05;2026-07-08,当前支持,事实判断,E3-378,A:1;B:3;B-:9,公开资料检索,2026-10-08,
江丰电子,高纯金属材料,PRODUCES,L4-UPSTREAM-靶材,靶材,高纯溅射靶材国产代表企业。,E3-378;E3-379;E3-380;E3-381;E3-382;E3-383;E3-384;E3-385;E3-386;E3-387;E3-388;E3-389;E3-905,medium,false,hardcoded,stage6::江丰电子::PRODUCES::高纯金属材料,2026-07-08,2026-07-08,2026-07-08,,,,unknown,检索快照,2018-04-26;2018-07-31;2018-08-31;2021-03-30;2023-01-08;2024-11-21;2026-02-09;2026-06-09;2026-06-25;2026-06-29;2026-06-30,2026-07-05;2026-07-08,当前支持,事实判断,E3-378,A:1;B:3;B-:9,公开资料检索,2026-10-08,
JX Advanced Metals,溅射靶材,PRODUCES,L4-UPSTREAM-靶材,靶材,半导体靶材和高纯金属材料全球核心供应商。,E3-390;E3-393;E3-395;E3-396;E3-800,high,false,basis_keyword_match,stage6::JX Advanced Metals::PRODUCES::溅射靶材,2026-07-08,2026-07-08,2026-07-06,,,,unknown,检索快照,,2026-07-05;2026-07-06,当前支持,事实判断,E3-390,A:1;B-:4,公开资料检索,2026-10-08,
JX Advanced Metals,高纯金属材料,PRODUCES,L4-UPSTREAM-靶材,靶材,半导体靶材和高纯金属材料全球核心供应商。,E3-390;E3-393;E3-395;E3-396;E3-800,high,false,basis_keyword_match,stage6::JX Advanced Metals::PRODUCES::高纯金属材料,2026-07-08,2026-07-08,2026-07-06,,,,unknown,检索快照,,2026-07-05;2026-07-06,当前支持,事实判断,E3-390,A:1;B-:4,公开资料检索,2026-10-08,
Materion,溅射靶材,PRODUCES,L4-UPSTREAM-靶材,靶材,高性能材料和靶材全球供应商。,E3-393;E3-400;E3-801,medium,false,basis_keyword_match,stage6::Materion::PRODUCES::溅射靶材,2026-07-08,2026-07-08,2026-07-06,,,,unknown,检索快照,,2026-07-05;2026-07-06,当前支持,事实判断,E3-393,A:1;B-:2,公开资料检索,2026-10-08,
Tosoh,溅射靶材,PRODUCES,L4-UPSTREAM-靶材,靶材,溅射靶材和电子材料全球主要供应商。,E3-393;E3-396;E3-401;E3-802,medium,false,basis_keyword_match,stage6::Tosoh::PRODUCES::溅射靶材,2026-07-08,2026-07-08,2026-07-06,,,,unknown,检索快照,,2026-07-05;2026-07-06,当前支持,事实判断,E3-393,A:1;B-:3,公开资料检索,2026-10-08,
安集科技,CMP抛光液,PRODUCES,L4-UPSTREAM-CMP材料,CMP材料,CMP抛光液和湿电子化学品国产代表企业。,E3-402;E3-403;E3-404;E3-405;E3-406;E3-407;E3-409;E3-410;E3-411;E3-412;E3-413;E3-803,high,false,basis_keyword_match,stage6::安集科技::PRODUCES::CMP抛光液,2026-07-08,2026-07-08,2026-07-06,,,,unknown,检索快照,2019-07-09;2020-10-29;2021-06-29;2022-06-28;2022-07-01;2026-03-10;2026-03-11;2026-03-19;2026-03-20;2026-06-09,2026-07-05;2026-07-06,当前支持,事实判断,E3-402,A:1;B-:11,公开资料检索,2026-10-08,
鼎龙股份,CMP抛光垫,PRODUCES,L4-UPSTREAM-CMP材料,CMP材料,CMP抛光垫和半导体材料国产代表企业。,E3-402;E3-403;E3-404;E3-405;E3-406;E3-408;E3-412;E3-907,medium,false,hardcoded,stage6::鼎龙股份::PRODUCES::CMP抛光垫,2026-07-08,2026-07-08,2026-07-08,,,,unknown,检索快照,2019-06-27;2022-06-28;2026-03-10;2026-03-11;2026-03-19;2026-03-20,2026-07-05;2026-07-08,当前支持,事实判断,E3-402,A:1;B:1;B-:6,公开资料检索,2026-10-08,
Fujimi,CMP抛光液,PRODUCES,L4-UPSTREAM-CMP材料,CMP材料,CMP抛光材料全球代表供应商。,E3-418;E3-804,medium-low,false,hardcoded,stage6::Fujimi::PRODUCES::CMP抛光液,2026-07-08,2026-07-08,2026-07-06,,,,unknown,检索快照,,2026-07-05;2026-07-06,当前支持,事实判断,E3-418,A:1;B-:1,公开资料检索,2026-10-08,
Nan Ya PCB,ABF载板,PRODUCES,L4-UPSTREAM-封装材料-IC载板,封装材料/IC载板,IC载板全球主要供应商。,E3-438;E3-439;E3-445;E3-448;E3-917,medium,false,hardcoded,stage6::Nan Ya PCB::PRODUCES::ABF载板,2026-07-08,2026-07-08,2026-07-08,,,,unknown,检索快照,,2026-07-05;2026-07-08,当前支持,事实判断,E3-438,A:1;B-:4,公开资料检索,2026-10-08,
Unimicron,ABF载板,PRODUCES,L4-UPSTREAM-封装材料-IC载板,封装材料/IC载板,IC载板和PCB全球主要供应商。,E3-438;E3-439;E3-442;E3-443;E3-444;E3-445;E3-446;E3-448;E3-449;E3-918,medium,false,hardcoded,stage6::Unimicron::PRODUCES::ABF载板,2026-07-08,2026-07-08,2026-07-08,,,,unknown,检索快照,,2026-07-05;2026-07-08,当前支持,事实判断,E3-438,A:1;B-:9,公开资料检索,2026-10-08,
兴森科技,封装基板,PRODUCES,L4-UPSTREAM-封装材料-IC载板,封装材料/IC载板,IC载板和封装基板国产代表企业。,E3-426;E3-428;E3-433;E3-434;E3-436;E3-437;E3-807,high,false,basis_keyword_match,stage6::兴森科技::PRODUCES::封装基板,2026-07-08,2026-07-08,2026-07-06,,,,unknown,检索快照,2022-04-23;2023-11-12;2024-02-22;2024-10-12;2026-03-25;2026-05-21,2026-07-05;2026-07-06,当前支持,事实判断,E3-426,A:1;B-:6,公开资料检索,2026-10-08,
深南电路,封装基板,PRODUCES,L4-UPSTREAM-封装材料-IC载板,封装材料/IC载板,封装基板和PCB制造国产代表企业。,E3-426;E3-427;E3-428;E3-432;E3-434;E3-435;E3-437;E3-808,high,false,basis_keyword_match,stage6::深南电路::PRODUCES::封装基板,2026-07-08,2026-07-08,2026-07-06,,,,unknown,检索快照,2021-07-09;2022-04-23;2023-08-23;2024-10-12;2026-01-19;2026-03-25;2026-05-21,2026-07-05;2026-07-06,当前支持,事实判断,E3-426,A:1;B-:7,公开资料检索,2026-10-08,
生益科技,ABF载板,PRODUCES,L4-UPSTREAM-封装材料-IC载板,封装材料/IC载板,覆铜板和电子材料国产代表企业。,E3-428;E3-429;E3-431;E3-908,medium,false,hardcoded,stage6::生益科技::PRODUCES::ABF载板,2026-07-08,2026-07-08,2026-07-08,,,,unknown,检索快照,2026-05-21;2026-06-15,2026-07-05;2026-07-08,当前支持,事实判断,E3-428,A:1;B-:3,公开资料检索,2026-10-08,
生益科技,封装基板,PRODUCES,L4-UPSTREAM-封装材料-IC载板,封装材料/IC载板,覆铜板和电子材料国产代表企业。,E3-428;E3-429;E3-431;E3-908,medium,false,hardcoded,stage6::生益科技::PRODUCES::封装基板,2026-07-08,2026-07-08,2026-07-08,,,,unknown,检索快照,2026-05-21;2026-06-15,2026-07-05;2026-07-08,当前支持,事实判断,E3-428,A:1;B-:3,公开资料检索,2026-10-08,
Ibiden,ABF载板,PRODUCES,L4-UPSTREAM-封装材料-IC载板,封装材料/IC载板,ABF载板全球核心供应商。,E3-438;E3-439;E3-442;E3-444;E3-445;E3-446;E3-448;E3-449;E3-805,high,false,basis_keyword_match,stage6::Ibiden::PRODUCES::ABF载板,2026-07-08,2026-07-08,2026-07-06,,,,unknown,检索快照,,2026-07-05;2026-07-06,当前支持,事实判断,E3-438,A:1;B-:8,公开资料检索,2026-10-08,
Shinko Electric,封装基板,PRODUCES,L4-UPSTREAM-封装材料-IC载板,封装材料/IC载板,高端封装基板全球主要供应商。,E3-438;E3-442;E3-446;E3-806,medium,false,basis_keyword_match,stage6::Shinko Electric::PRODUCES::封装基板,2026-07-08,2026-07-08,2026-07-06,,,,unknown,检索快照,,2026-07-05;2026-07-06,当前支持,事实判断,E3-438,A:1;B-:3,公开资料检索,2026-10-08,
ASE,封装测试服务,PRODUCES,L4-MIDSTREAM-OSAT,传统OSAT封装测试,全球OSAT和先进封装龙头。,E3-452;E3-466;E3-470;E3-471;E3-477;E3-485;E3-486;E3-488;E3-489;E3-491;E3-493;E3-494;E3-495;E3-769,high,false,hardcoded,stage6::ASE::PRODUCES::封装测试服务,2026-07-08,2026-07-08,2026-07-06,,,,unknown,检索快照,2023-10-16;2026-05-29,2026-07-05;2026-07-06,当前支持,事实判断,E3-452,A:1;A-:1;B-:12,公开资料检索,2026-10-08,
ASE,先进封装服务,PRODUCES,L4-MIDSTREAM-ADVANCED-PACKAGING,2.5D/3D/Chiplet先进封装,全球OSAT和先进封装龙头。,E3-452;E3-466;E3-470;E3-471;E3-477;E3-485;E3-486;E3-488;E3-489;E3-491;E3-493;E3-494;E3-495;E3-769,high,false,hardcoded,stage6::ASE::PRODUCES::先进封装服务,2026-07-08,2026-07-08,2026-07-06,,,,unknown,检索快照,2023-10-16;2026-05-29,2026-07-05;2026-07-06,当前支持,事实判断,E3-452,A:1;A-:1;B-:12,公开资料检索,2026-10-08,
华天科技,封装测试服务,PRODUCES,L4-MIDSTREAM-OSAT,传统OSAT封装测试,国内封测和先进封装能力代表企业。,E3-450;E3-451;E3-452;E3-453;E3-455;E3-456;E3-457;E3-458;E3-459;E3-460;E3-461;E3-475;E3-476;E3-480;E3-482;E3-483;E3-484;E3-871;E3-872,medium,false,hardcoded,stage6::华天科技::PRODUCES::封装测试服务,2026-07-08,2026-07-08,2026-07-08,,,,unknown,检索快照,2021-04-20;2021-12-15;2022-01-01;2023-05-17;2023-07-19;2023-11-04;2024-05-02;2024-05-15;2024-06-21;2024-09-20;2024-11-10;2026-05-06;2026-05-25;2026-05-29;2026-06-19;2026-06-21,2026-07-05;2026-07-08,当前支持,事实判断,E3-450,A:2;B:4;B-:13,公开资料检索,2026-10-08,
华天科技,先进封装服务,PRODUCES,L4-MIDSTREAM-ADVANCED-PACKAGING,2.5D/3D/Chiplet先进封装,国内封测和先进封装能力代表企业。,E3-450;E3-451;E3-452;E3-453;E3-455;E3-456;E3-457;E3-458;E3-459;E3-460;E3-461;E3-475;E3-476;E3-480;E3-482;E3-483;E3-484;E3-871;E3-872,medium,false,hardcoded,stage6::华天科技::PRODUCES::先进封装服务,2026-07-08,2026-07-08,2026-07-08,,,,unknown,检索快照,2021-04-20;2021-12-15;2022-01-01;2023-05-17;2023-07-19;2023-11-04;2024-05-02;2024-05-15;2024-06-21;2024-09-20;2024-11-10;2026-05-06;2026-05-25;2026-05-29;2026-06-19;2026-06-21,2026-07-05;2026-07-08,当前支持,事实判断,E3-450,A:2;B:4;B-:13,公开资料检索,2026-10-08,
甬矽电子,先进封装服务,PRODUCES,L4-MIDSTREAM-ADVANCED-PACKAGING,2.5D/3D/Chiplet先进封装,先进封装和系统级封装代表企业。,E3-450;E3-451;E3-453;E3-458;E3-459;E3-909,medium,false,hardcoded,stage6::甬矽电子::PRODUCES::先进封装服务,2026-07-08,2026-07-08,2026-07-08,,,,unknown,检索快照,2023-11-04;2024-05-15;2026-05-06;2026-05-25;2026-06-21,2026-07-05;2026-07-08,当前支持,事实判断,E3-450,A:1;B:2;B-:3,公开资料检索,2026-10-08,
通富微电,封装测试服务,PRODUCES,L4-MIDSTREAM-OSAT,传统OSAT封装测试,中国大陆封测龙头之一，覆盖CPU/GPU等封装测试。,E3-450;E3-451;E3-452;E3-453;E3-455;E3-456;E3-457;E3-458;E3-459;E3-460;E3-461;E3-475;E3-476;E3-480;E3-481;E3-482;E3-483;E3-484;E3-811;E3-910,high,false,hardcoded,stage6::通富微电::PRODUCES::封装测试服务,2026-07-08,2026-07-08,2026-07-08,,,,unknown,检索快照,2021-04-20;2021-12-15;2022-01-01;2023-03-27;2023-05-17;2023-07-19;2023-11-04;2024-05-02;2024-05-15;2024-06-21;2024-09-20;2024-11-10;2026-05-06;2026-05-25;2026-05-29;2026-06-19;2026-06-21,2026-07-05;2026-07-06;2026-07-08,当前支持,事实判断,E3-450,A:1;A-:1;B:4;B-:14,公开资料检索,2026-10-08,
通富微电,先进封装服务,PRODUCES,L4-MIDSTREAM-ADVANCED-PACKAGING,2.5D/3D/Chiplet先进封装,中国大陆封测龙头之一，覆盖CPU/GPU等封装测试。,E3-450;E3-451;E3-452;E3-453;E3-455;E3-456;E3-457;E3-458;E3-459;E3-460;E3-461;E3-475;E3-476;E3-480;E3-481;E3-482;E3-483;E3-484;E3-811;E3-910,high,false,hardcoded,stage6::通富微电::PRODUCES::先进封装服务,2026-07-08,2026-07-08,2026-07-08,,,,unknown,检索快照,2021-04-20;2021-12-15;2022-01-01;2023-03-27;2023-05-17;2023-07-19;2023-11-04;2024-05-02;2024-05-15;2024-06-21;2024-09-20;2024-11-10;2026-05-06;2026-05-25;2026-05-29;2026-06-19;2026-06-21,2026-07-05;2026-07-06;2026-07-08,当前支持,事实判断,E3-450,A:1;A-:1;B:4;B-:14,公开资料检索,2026-10-08,
长电科技,封装测试服务,PRODUCES,L4-MIDSTREAM-OSAT,传统OSAT封装测试,中国大陆封测和先进封装代表企业。,E3-450;E3-451;E3-452;E3-453;E3-455;E3-456;E3-457;E3-458;E3-459;E3-460;E3-461;E3-474;E3-475;E3-476;E3-477;E3-478;E3-479;E3-480;E3-481;E3-482;E3-483;E3-484;E3-485;E3-486;E3-489;E3-491;E3-493;E3-494;E3-869;E3-870,medium,false,hardcoded,stage6::长电科技::PRODUCES::封装测试服务,2026-07-08,2026-07-08,2026-07-08,,,,unknown,检索快照,2021-04-20;2021-12-15;2022-01-01;2023-03-27;2023-05-17;2023-07-19;2023-10-16;2023-11-04;2024-05-02;2024-05-15;2024-06-21;2024-06-27;2024-08-26;2024-09-19;2024-09-20;2024-11-10;2026-05-06;2026-05-25;2026-05-29;2026-06-19;2026-06-21,2026-07-05;2026-07-08,当前支持,事实判断,E3-450,A-:3;B:4;B-:23,公开资料检索,2026-10-08,
长电科技,先进封装服务,PRODUCES,L4-MIDSTREAM-ADVANCED-PACKAGING,2.5D/3D/Chiplet先进封装,中国大陆封测和先进封装代表企业。,E3-450;E3-451;E3-452;E3-453;E3-455;E3-456;E3-457;E3-458;E3-459;E3-460;E3-461;E3-474;E3-475;E3-476;E3-477;E3-478;E3-479;E3-480;E3-481;E3-482;E3-483;E3-484;E3-485;E3-486;E3-489;E3-491;E3-493;E3-494;E3-869;E3-870,medium,false,hardcoded,stage6::长电科技::PRODUCES::先进封装服务,2026-07-08,2026-07-08,2026-07-08,,,,unknown,检索快照,2021-04-20;2021-12-15;2022-01-01;2023-03-27;2023-05-17;2023-07-19;2023-10-16;2023-11-04;2024-05-02;2024-05-15;2024-06-21;2024-06-27;2024-08-26;2024-09-19;2024-09-20;2024-11-10;2026-05-06;2026-05-25;2026-05-29;2026-06-19;2026-06-21,2026-07-05;2026-07-08,当前支持,事实判断,E3-450,A-:3;B:4;B-:23,公开资料检索,2026-10-08,
Amkor,封装测试服务,PRODUCES,L4-MIDSTREAM-OSAT,传统OSAT封装测试,全球OSAT和先进封装主要厂商。,E3-452;E3-466;E3-470;E3-471;E3-485;E3-486;E3-488;E3-489;E3-490;E3-491;E3-493;E3-494;E3-495;E3-770,high,false,hardcoded,stage6::Amkor::PRODUCES::封装测试服务,2026-07-08,2026-07-08,2026-07-06,,,,unknown,检索快照,2026-05-29,2026-07-05;2026-07-06,当前支持,事实判断,E3-452,A:1;A-:1;B-:12,公开资料检索,2026-10-08,
Amkor,先进封装服务,PRODUCES,L4-MIDSTREAM-ADVANCED-PACKAGING,2.5D/3D/Chiplet先进封装,全球OSAT和先进封装主要厂商。,E3-452;E3-466;E3-470;E3-471;E3-485;E3-486;E3-488;E3-489;E3-490;E3-491;E3-493;E3-494;E3-495;E3-770,high,false,hardcoded,stage6::Amkor::PRODUCES::先进封装服务,2026-07-08,2026-07-08,2026-07-06,,,,unknown,检索快照,2026-05-29,2026-07-05;2026-07-06,当前支持,事实判断,E3-452,A:1;A-:1;B-:12,公开资料检索,2026-10-08,
Intel,先进封装服务,PRODUCES,L4-MIDSTREAM-ADVANCED-PACKAGING,2.5D/3D/Chiplet先进封装,Foveros、EMIB等先进封装技术代表。,E3-465;E3-466;E3-471;E3-771,medium,false,basis_keyword_match,stage6::Intel::PRODUCES::先进封装服务,2026-07-08,2026-07-08,2026-07-06,,,,unknown,检索快照,,2026-07-05;2026-07-06,当前支持,事实判断,E3-465,A:1;B-:3,公开资料检索,2026-10-08,
SK hynix,先进封装服务,PRODUCES,L4-MIDSTREAM-ADVANCED-PACKAGING,2.5D/3D/Chiplet先进封装,HBM堆叠与先进封装能力服务AI存储。,E3-450;E3-451;E3-453;E3-455;E3-471;E3-498;E3-499;E3-503;E3-504;E3-505;E3-506;E3-508;E3-509;E3-510;E3-511;E3-512;E3-513;E3-514;E3-515;E3-516;E3-517;E3-518;E3-519;E3-520;E3-521;E3-522;E3-523;E3-524;E3-525;E3-527;E3-528;E3-531;E3-532;E3-533;E3-534;E3-541;E3-542;E3-543;E3-816;E3-845;E3-916,high,false,hardcoded,stage6::SK hynix::PRODUCES::先进封装服务,2026-07-08,2026-07-08,2026-07-08,,,,unknown,检索快照,2026-02-01;2026-03-03;2026-04-03;2026-05-06;2026-05-19;2026-05-20;2026-05-25;2026-05-27;2026-05-29;2026-06-03;2026-06-15;2026-06-19;2026-06-21,2026-07-05;2026-07-06;2026-07-07;2026-07-08,当前支持,事实判断,E3-450,A-:4;B:5;B-:32,公开资料检索,2026-10-08,
SK hynix,HBM高带宽存储,PRODUCES,L4-MIDSTREAM-DRAM-HBM,DRAM/HBM,HBM堆叠与先进封装能力服务AI存储。,E3-450;E3-451;E3-453;E3-455;E3-471;E3-498;E3-499;E3-503;E3-504;E3-505;E3-506;E3-508;E3-509;E3-510;E3-511;E3-512;E3-513;E3-514;E3-515;E3-516;E3-517;E3-518;E3-519;E3-520;E3-521;E3-522;E3-523;E3-524;E3-525;E3-527;E3-528;E3-531;E3-532;E3-533;E3-534;E3-541;E3-542;E3-543;E3-816;E3-845;E3-916,high,false,hardcoded,stage6::SK hynix::PRODUCES::HBM高带宽存储,2026-07-08,2026-07-08,2026-07-08,,,,unknown,检索快照,2026-02-01;2026-03-03;2026-04-03;2026-05-06;2026-05-19;2026-05-20;2026-05-25;2026-05-27;2026-05-29;2026-06-03;2026-06-15;2026-06-19;2026-06-21,2026-07-05;2026-07-06;2026-07-07;2026-07-08,当前支持,事实判断,E3-450,A-:4;B:5;B-:32,公开资料检索,2026-10-08,
SK hynix,DRAM芯片,PRODUCES,L4-MIDSTREAM-DRAM-HBM,DRAM/HBM,HBM堆叠与先进封装能力服务AI存储。,E3-450;E3-451;E3-453;E3-455;E3-471;E3-498;E3-499;E3-503;E3-504;E3-505;E3-506;E3-508;E3-509;E3-510;E3-511;E3-512;E3-513;E3-514;E3-515;E3-516;E3-517;E3-518;E3-519;E3-520;E3-521;E3-522;E3-523;E3-524;E3-525;E3-527;E3-528;E3-531;E3-532;E3-533;E3-534;E3-541;E3-542;E3-543;E3-816;E3-845;E3-916,high,false,hardcoded,stage6::SK hynix::PRODUCES::DRAM芯片,2026-07-08,2026-07-08,2026-07-08,,,,unknown,检索快照,2026-02-01;2026-03-03;2026-04-03;2026-05-06;2026-05-19;2026-05-20;2026-05-25;2026-05-27;2026-05-29;2026-06-03;2026-06-15;2026-06-19;2026-06-21,2026-07-05;2026-07-06;2026-07-07;2026-07-08,当前支持,事实判断,E3-450,A-:4;B:5;B-:32,公开资料检索,2026-10-08,
SK hynix,NAND闪存芯片,PRODUCES,L4-MIDSTREAM-NAND-Flash,NAND Flash,HBM堆叠与先进封装能力服务AI存储。,E3-450;E3-451;E3-453;E3-455;E3-471;E3-498;E3-499;E3-503;E3-504;E3-505;E3-506;E3-508;E3-509;E3-510;E3-511;E3-512;E3-513;E3-514;E3-515;E3-516;E3-517;E3-518;E3-519;E3-520;E3-521;E3-522;E3-523;E3-524;E3-525;E3-527;E3-528;E3-531;E3-532;E3-533;E3-534;E3-541;E3-542;E3-543;E3-816;E3-845;E3-916,high,false,hardcoded,stage6::SK hynix::PRODUCES::NAND闪存芯片,2026-07-08,2026-07-08,2026-07-08,,,,unknown,检索快照,2026-02-01;2026-03-03;2026-04-03;2026-05-06;2026-05-19;2026-05-20;2026-05-25;2026-05-27;2026-05-29;2026-06-03;2026-06-15;2026-06-19;2026-06-21,2026-07-05;2026-07-06;2026-07-07;2026-07-08,当前支持,事实判断,E3-450,A-:4;B:5;B-:32,公开资料检索,2026-10-08,
Samsung,先进封装服务,PRODUCES,L4-MIDSTREAM-ADVANCED-PACKAGING,2.5D/3D/Chiplet先进封装,先进封装和存储/逻辑制造协同能力领先。,E3-465;E3-772;E3-775,medium,false,basis_keyword_match,stage6::Samsung::PRODUCES::先进封装服务,2026-07-08,2026-07-08,2026-07-06,,,,unknown,检索快照,,2026-07-05;2026-07-06,当前支持,事实判断,E3-465,A:2;B-:1,公开资料检索,2026-10-08,
Powertech,封装测试服务,PRODUCES,L4-MIDSTREAM-OSAT,传统OSAT封装测试,存储封测和OSAT全球主要厂商。,E3-486;E3-493;E3-494;E3-809,medium,false,basis_keyword_match,stage6::Powertech::PRODUCES::封装测试服务,2026-07-08,2026-07-08,2026-07-06,,,,unknown,检索快照,,2026-07-05;2026-07-06,当前支持,事实判断,E3-486,A:1;B-:3,公开资料检索,2026-10-08,
晶方科技,晶圆级封装,PRODUCES,L4-MIDSTREAM-OSAT,传统OSAT封装测试,CIS晶圆级封装代表企业。,E3-475;E3-476;E3-480;E3-481;E3-482;E3-484;E3-810,high,false,basis_keyword_match,stage6::晶方科技::PRODUCES::晶圆级封装,2026-07-08,2026-07-08,2026-07-06,,,,unknown,检索快照,2021-04-20;2021-12-15;2023-03-27;2023-07-19;2024-05-02;2024-06-21,2026-07-05;2026-07-06,当前支持,事实判断,E3-475,A:1;B-:6,公开资料检索,2026-10-08,
长鑫存储,DRAM芯片,PRODUCES,L4-MIDSTREAM-DRAM-HBM,DRAM/HBM,中国大陆DRAM制造代表企业。,E3-497;E3-507;E3-812,medium,false,basis_keyword_match,stage6::长鑫存储::PRODUCES::DRAM芯片,2026-07-08,2026-07-08,2026-07-06,,,,unknown,检索快照,2026-01-22,2026-07-05;2026-07-06,当前支持,事实判断,E3-497,A:1;B-:2,公开资料检索,2026-10-08,
Micron,DRAM芯片,PRODUCES,L4-MIDSTREAM-DRAM-HBM,DRAM/HBM,DRAM、NAND和HBM全球主要厂商。,E3-499;E3-503;E3-504;E3-505;E3-506;E3-508;E3-511;E3-514;E3-515;E3-516;E3-518;E3-844,high,false,basis_keyword_match,stage6::Micron::PRODUCES::DRAM芯片,2026-07-08,2026-07-08,2026-07-07,,,,unknown,检索快照,2026-05-27;2026-05-29;2026-06-15,2026-07-05;2026-07-07,当前支持,事实判断,E3-499,A:1;B:3;B-:8,公开资料检索,2026-10-08,
Micron,HBM高带宽存储,PRODUCES,L4-MIDSTREAM-DRAM-HBM,DRAM/HBM,DRAM、NAND和HBM全球主要厂商。,E3-499;E3-503;E3-504;E3-505;E3-506;E3-508;E3-511;E3-514;E3-515;E3-516;E3-518;E3-844,high,false,basis_keyword_match,stage6::Micron::PRODUCES::HBM高带宽存储,2026-07-08,2026-07-08,2026-07-07,,,,unknown,检索快照,2026-05-27;2026-05-29;2026-06-15,2026-07-05;2026-07-07,当前支持,事实判断,E3-499,A:1;B:3;B-:8,公开资料检索,2026-10-08,
Samsung,DRAM芯片,PRODUCES,L4-MIDSTREAM-DRAM-HBM,DRAM/HBM,DRAM、NAND和HBM综合存储龙头。,E3-499;E3-503;E3-504;E3-505;E3-506;E3-508;E3-509;E3-510;E3-511;E3-513;E3-514;E3-515;E3-516;E3-517;E3-518;E3-772;E3-775,high,false,basis_keyword_match,stage6::Samsung::PRODUCES::DRAM芯片,2026-07-08,2026-07-08,2026-07-06,,,,unknown,检索快照,2026-05-27;2026-05-29;2026-06-15,2026-07-05;2026-07-06,当前支持,事实判断,E3-499,A:2;A-:1;B:3;B-:11,公开资料检索,2026-10-08,
Samsung,HBM高带宽存储,PRODUCES,L4-MIDSTREAM-DRAM-HBM,DRAM/HBM,DRAM、NAND和HBM综合存储龙头。,E3-499;E3-503;E3-504;E3-505;E3-506;E3-508;E3-509;E3-510;E3-511;E3-513;E3-514;E3-515;E3-516;E3-517;E3-518;E3-772;E3-775,high,false,basis_keyword_match,stage6::Samsung::PRODUCES::HBM高带宽存储,2026-07-08,2026-07-08,2026-07-06,,,,unknown,检索快照,2026-05-27;2026-05-29;2026-06-15,2026-07-05;2026-07-06,当前支持,事实判断,E3-499,A:2;A-:1;B:3;B-:11,公开资料检索,2026-10-08,
长江存储,NAND闪存芯片,PRODUCES,L4-MIDSTREAM-NAND-Flash,NAND Flash,中国大陆3D NAND制造代表企业。,E3-520;E3-521;E3-522;E3-523;E3-524;E3-525;E3-526;E3-527;E3-528;E3-529;E3-530;E3-531;E3-532;E3-813,high,false,basis_keyword_match,stage6::长江存储::PRODUCES::NAND闪存芯片,2026-07-08,2026-07-08,2026-07-06,,,,unknown,检索快照,2026-02-01;2026-04-03;2026-05-19;2026-05-20;2026-05-30;2026-06-03,2026-07-05;2026-07-06,当前支持,事实判断,E3-520,A:1;B-:13,公开资料检索,2026-10-08,
长江存储,3D NAND晶圆,PRODUCES,L4-MIDSTREAM-NAND-Flash,NAND Flash,中国大陆3D NAND制造代表企业。,E3-520;E3-521;E3-522;E3-523;E3-524;E3-525;E3-526;E3-527;E3-528;E3-529;E3-530;E3-531;E3-532;E3-813,high,false,basis_keyword_match,stage6::长江存储::PRODUCES::3D NAND晶圆,2026-07-08,2026-07-08,2026-07-06,,,,unknown,检索快照,2026-02-01;2026-04-03;2026-05-19;2026-05-20;2026-05-30;2026-06-03,2026-07-05;2026-07-06,当前支持,事实判断,E3-520,A:1;B-:13,公开资料检索,2026-10-08,
Kioxia,NAND闪存芯片,PRODUCES,L4-MIDSTREAM-NAND-Flash,NAND Flash,NAND Flash全球主要厂商。,E3-520;E3-521;E3-522;E3-525;E3-527;E3-528;E3-531;E3-532;E3-533;E3-541;E3-542;E3-543;E3-814,high,false,basis_keyword_match,stage6::Kioxia::PRODUCES::NAND闪存芯片,2026-07-08,2026-07-08,2026-07-06,,,,unknown,检索快照,2026-04-03;2026-05-19;2026-05-20;2026-06-03,2026-07-05;2026-07-06,当前支持,事实判断,E3-520,A:1;B-:12,公开资料检索,2026-10-08,
Micron,NAND闪存芯片,PRODUCES,L4-MIDSTREAM-NAND-Flash,NAND Flash,NAND和DRAM全球主要厂商。,E3-520;E3-521;E3-522;E3-525;E3-527;E3-528;E3-531;E3-532;E3-533;E3-534;E3-541;E3-542;E3-543;E3-815,high,false,basis_keyword_match,stage6::Micron::PRODUCES::NAND闪存芯片,2026-07-08,2026-07-08,2026-07-06,,,,unknown,检索快照,2026-04-03;2026-05-19;2026-05-20;2026-06-03,2026-07-05;2026-07-06,当前支持,事实判断,E3-520,A:1;B-:13,公开资料检索,2026-10-08,
Samsung,NAND闪存芯片,PRODUCES,L4-MIDSTREAM-NAND-Flash,NAND Flash,NAND和存储综合龙头。,E3-520;E3-521;E3-522;E3-523;E3-524;E3-525;E3-526;E3-527;E3-528;E3-531;E3-532;E3-533;E3-534;E3-541;E3-542;E3-543;E3-772;E3-775,high,false,basis_keyword_match,stage6::Samsung::PRODUCES::NAND闪存芯片,2026-07-08,2026-07-08,2026-07-06,,,,unknown,检索快照,2026-02-01;2026-04-03;2026-05-19;2026-05-20;2026-05-30;2026-06-03,2026-07-05;2026-07-06,当前支持,事实判断,E3-520,A:2;B-:16,公开资料检索,2026-10-08,
Western Digital,NAND闪存芯片,PRODUCES,L4-MIDSTREAM-NAND-Flash,NAND Flash,NAND和存储产品全球主要厂商。,E3-532;E3-533;E3-541;E3-542;E3-543;E3-827,high,false,basis_keyword_match,stage6::Western Digital::PRODUCES::NAND闪存芯片,2026-07-08,2026-07-08,2026-07-06,,,,unknown,检索快照,,2026-07-05;2026-07-06,当前支持,事实判断,E3-532,A:1;B-:5,公开资料检索,2026-10-08,
Macronix,NOR Flash,PRODUCES,L4-MIDSTREAM-存储控制-模组-NOR,存储控制/模组/NOR,NOR Flash全球主要供应商。,E3-560;E3-564;E3-566;E3-817,medium,false,basis_keyword_match,stage6::Macronix::PRODUCES::NOR Flash,2026-07-08,2026-07-08,2026-07-06,,,,unknown,检索快照,,2026-07-05;2026-07-06,当前支持,事实判断,E3-560,A:1;B-:3,公开资料检索,2026-10-08,
Winbond,NOR Flash,PRODUCES,L4-MIDSTREAM-存储控制-模组-NOR,存储控制/模组/NOR,NOR Flash和利基型DRAM代表厂商。,E3-560;E3-564;E3-566;E3-818,medium,false,basis_keyword_match,stage6::Winbond::PRODUCES::NOR Flash,2026-07-08,2026-07-08,2026-07-06,,,,unknown,检索快照,,2026-07-05;2026-07-06,当前支持,事实判断,E3-560,A:1;B-:3,公开资料检索,2026-10-08,
佰维存储,存储模组,PRODUCES,L4-MIDSTREAM-存储控制-模组-NOR,存储控制/模组/NOR,存储模组和封测一体化代表企业。,E3-544;E3-546;E3-547;E3-548;E3-549;E3-552;E3-554;E3-837,high,false,basis_keyword_match,stage6::佰维存储::PRODUCES::存储模组,2026-07-08,2026-07-08,2026-07-07,,,,unknown,检索快照,2024-06-25;2026-03-15;2026-05-13;2026-05-22;2026-06-04;2026-06-25;2026-06-30,2026-07-05;2026-07-07,当前支持,事实判断,E3-544,A:1;B:3;B-:4,公开资料检索,2026-10-08,
北京君正,NOR Flash,PRODUCES,L4-MIDSTREAM-存储控制-模组-NOR,存储控制/模组/NOR,车规存储、处理器和模拟互补产品代表企业。,E3-544;E3-546;E3-547;E3-548;E3-552;E3-554;E3-849,high,false,hardcoded,stage6::北京君正::PRODUCES::NOR Flash,2026-07-08,2026-07-08,2026-07-07,,,,unknown,检索快照,2024-06-25;2026-03-15;2026-05-13;2026-05-22;2026-06-04;2026-06-30,2026-07-05;2026-07-07,当前支持,事实判断,E3-544,A:1;B:2;B-:4,公开资料检索,2026-10-08,
江波龙,存储模组,PRODUCES,L4-MIDSTREAM-存储控制-模组-NOR,存储控制/模组/NOR,存储模组和嵌入式存储产品代表企业。,E3-544;E3-546;E3-547;E3-548;E3-549;E3-550;E3-552;E3-553;E3-554;E3-838,high,false,basis_keyword_match,stage6::江波龙::PRODUCES::存储模组,2026-07-08,2026-07-08,2026-07-07,,,,unknown,检索快照,2023-03-30;2024-04-01;2024-06-25;2026-03-15;2026-05-13;2026-05-22;2026-06-04;2026-06-25;2026-06-30,2026-07-05;2026-07-07,当前支持,事实判断,E3-544,A:1;B:3;B-:6,公开资料检索,2026-10-08,
斯达半导,IGBT器件/模块,PRODUCES,L4-MIDSTREAM-功率器件-模块,功率器件/模块,IGBT模块和功率模块国内代表企业。,E3-569;E3-570;E3-575;E3-579;E3-617;E3-620;E3-623;E3-624;E3-634;E3-867;E3-868,medium,false,hardcoded,stage6::斯达半导::PRODUCES::IGBT器件/模块,2026-07-08,2026-07-08,2026-07-08,,,,unknown,检索快照,2021-11-05;2024-11-07;2026-06-06;2026-06-17;2026-06-28;2026-06-29,2026-07-05;2026-07-08,当前支持,事实判断,E3-569,A:2;B:4;B-:5,公开资料检索,2026-10-08,
斯达半导,功率模块,PRODUCES,L4-MIDSTREAM-功率器件-模块,功率器件/模块,IGBT模块和功率模块国内代表企业。,E3-569;E3-570;E3-575;E3-579;E3-617;E3-620;E3-623;E3-624;E3-634;E3-867;E3-868,medium,false,hardcoded,stage6::斯达半导::PRODUCES::功率模块,2026-07-08,2026-07-08,2026-07-08,,,,unknown,检索快照,2021-11-05;2024-11-07;2026-06-06;2026-06-17;2026-06-28;2026-06-29,2026-07-05;2026-07-08,当前支持,事实判断,E3-569,A:2;B:4;B-:5,公开资料检索,2026-10-08,
斯达半导,SiC功率模块,PRODUCES,L4-MIDSTREAM-SiC功率器件-模块,SiC功率器件/模块,IGBT模块和功率模块国内代表企业。,E3-569;E3-570;E3-575;E3-579;E3-617;E3-620;E3-623;E3-624;E3-634;E3-867;E3-868,medium,false,hardcoded,stage6::斯达半导::PRODUCES::SiC功率模块,2026-07-08,2026-07-08,2026-07-08,,,,unknown,检索快照,2021-11-05;2024-11-07;2026-06-06;2026-06-17;2026-06-28;2026-06-29,2026-07-05;2026-07-08,当前支持,事实判断,E3-569,A:2;B:4;B-:5,公开资料检索,2026-10-08,
新洁能,MOSFET功率器件,PRODUCES,L4-MIDSTREAM-功率器件-模块,功率器件/模块,MOSFET和功率器件设计代表企业。,E3-569;E3-570;E3-573;E3-575;E3-579;E3-911,medium,false,hardcoded,stage6::新洁能::PRODUCES::MOSFET功率器件,2026-07-08,2026-07-08,2026-07-08,,,,unknown,检索快照,2026-03-02;2026-06-06;2026-06-17;2026-06-29,2026-07-05;2026-07-08,当前支持,事实判断,E3-569,A:1;B:3;B-:2,公开资料检索,2026-10-08,
Mitsubishi Electric,IGBT器件/模块,PRODUCES,L4-MIDSTREAM-功率器件-模块,功率器件/模块,IGBT和功率模块全球代表厂商。,E3-583;E3-584;E3-591;E3-819,medium,false,basis_keyword_match,stage6::Mitsubishi Electric::PRODUCES::IGBT器件/模块,2026-07-08,2026-07-08,2026-07-06,,,,unknown,检索快照,,2026-07-05;2026-07-06,当前支持,事实判断,E3-583,A:1;B-:3,公开资料检索,2026-10-08,
Mitsubishi Electric,功率模块,PRODUCES,L4-MIDSTREAM-功率器件-模块,功率器件/模块,IGBT和功率模块全球代表厂商。,E3-583;E3-584;E3-591;E3-819,medium,false,basis_keyword_match,stage6::Mitsubishi Electric::PRODUCES::功率模块,2026-07-08,2026-07-08,2026-07-06,,,,unknown,检索快照,,2026-07-05;2026-07-06,当前支持,事实判断,E3-583,A:1;B-:3,公开资料检索,2026-10-08,
ROHM,IGBT器件/模块,PRODUCES,L4-MIDSTREAM-功率器件-模块,功率器件/模块,功率器件和SiC解决方案全球主要厂商。,E3-583;E3-627;E3-628;E3-630;E3-634;E3-636;E3-637;E3-820,high,false,hardcoded,stage6::ROHM::PRODUCES::IGBT器件/模块,2026-07-08,2026-07-08,2026-07-06,,,,unknown,检索快照,2024-12-07,2026-07-05;2026-07-06,当前支持,事实判断,E3-583,A:1;B-:7,公开资料检索,2026-10-08,
ROHM,SiC MOSFET,PRODUCES,L4-MIDSTREAM-SiC功率器件-模块,SiC功率器件/模块,功率器件和SiC解决方案全球主要厂商。,E3-583;E3-627;E3-628;E3-630;E3-634;E3-636;E3-637;E3-820,high,false,hardcoded,stage6::ROHM::PRODUCES::SiC MOSFET,2026-07-08,2026-07-08,2026-07-06,,,,unknown,检索快照,2024-12-07,2026-07-05;2026-07-06,当前支持,事实判断,E3-583,A:1;B-:7,公开资料检索,2026-10-08,
STMicroelectronics,IGBT器件/模块,PRODUCES,L4-MIDSTREAM-功率器件-模块,功率器件/模块,SiC功率器件和汽车应用全球主要厂商。,E3-580;E3-584;E3-587;E3-591;E3-620;E3-628;E3-630;E3-634;E3-635;E3-636;E3-637;E3-639;E3-780,high,false,hardcoded,stage6::STMicroelectronics::PRODUCES::IGBT器件/模块,2026-07-08,2026-07-08,2026-07-06,,,,unknown,检索快照,2026-06-28,2026-07-05;2026-07-06,当前支持,事实判断,E3-580,A:1;B-:12,公开资料检索,2026-10-08,
STMicroelectronics,SiC MOSFET,PRODUCES,L4-MIDSTREAM-SiC功率器件-模块,SiC功率器件/模块,SiC功率器件和汽车应用全球主要厂商。,E3-580;E3-584;E3-587;E3-591;E3-620;E3-628;E3-630;E3-634;E3-635;E3-636;E3-637;E3-639;E3-780,high,false,hardcoded,stage6::STMicroelectronics::PRODUCES::SiC MOSFET,2026-07-08,2026-07-08,2026-07-06,,,,unknown,检索快照,2026-06-28,2026-07-05;2026-07-06,当前支持,事实判断,E3-580,A:1;B-:12,公开资料检索,2026-10-08,
三安光电,SiC衬底,PRODUCES,L4-MIDSTREAM-SiC衬底-外延,SiC衬底/外延,SiC/GaN化合物半导体材料和器件布局代表企业。,E3-595;E3-624;E3-646;E3-647;E3-648;E3-649;E3-650;E3-828;E3-857;E3-858;E3-859,medium-low,false,hardcoded,stage6::三安光电::PRODUCES::SiC衬底,2026-07-08,2026-07-08,2026-07-08,,,,unknown,检索快照,2020-11-20;2021-04-12;2021-11-05;2023-07-07;2023-08-06;2025-12-05;2026-05-21,2026-07-05;2026-07-06;2026-07-08,当前支持,事实判断,E3-595,A:4;B:3;B-:4,公开资料检索,2026-10-08,
三安光电,SiC外延片,PRODUCES,L4-MIDSTREAM-SiC衬底-外延,SiC衬底/外延,SiC/GaN化合物半导体材料和器件布局代表企业。,E3-595;E3-624;E3-646;E3-647;E3-648;E3-649;E3-650;E3-828;E3-857;E3-858;E3-859,medium-low,false,hardcoded,stage6::三安光电::PRODUCES::SiC外延片,2026-07-08,2026-07-08,2026-07-08,,,,unknown,检索快照,2020-11-20;2021-04-12;2021-11-05;2023-07-07;2023-08-06;2025-12-05;2026-05-21,2026-07-05;2026-07-06;2026-07-08,当前支持,事实判断,E3-595,A:4;B:3;B-:4,公开资料检索,2026-10-08,
三安光电,SiC MOSFET,PRODUCES,L4-MIDSTREAM-SiC功率器件-模块,SiC功率器件/模块,SiC/GaN化合物半导体材料和器件布局代表企业。,E3-595;E3-624;E3-646;E3-647;E3-648;E3-649;E3-650;E3-828;E3-857;E3-858;E3-859,medium-low,false,hardcoded,stage6::三安光电::PRODUCES::SiC MOSFET,2026-07-08,2026-07-08,2026-07-08,,,,unknown,检索快照,2020-11-20;2021-04-12;2021-11-05;2023-07-07;2023-08-06;2025-12-05;2026-05-21,2026-07-05;2026-07-06;2026-07-08,当前支持,事实判断,E3-595,A:4;B:3;B-:4,公开资料检索,2026-10-08,
三安光电,SiC二极管,PRODUCES,L4-MIDSTREAM-SiC功率器件-模块,SiC功率器件/模块,SiC/GaN化合物半导体材料和器件布局代表企业。,E3-595;E3-624;E3-646;E3-647;E3-648;E3-649;E3-650;E3-828;E3-857;E3-858;E3-859,medium-low,false,hardcoded,stage6::三安光电::PRODUCES::SiC二极管,2026-07-08,2026-07-08,2026-07-08,,,,unknown,检索快照,2020-11-20;2021-04-12;2021-11-05;2023-07-07;2023-08-06;2025-12-05;2026-05-21,2026-07-05;2026-07-06;2026-07-08,当前支持,事实判断,E3-595,A:4;B:3;B-:4,公开资料检索,2026-10-08,
三安光电,GaN功率器件,PRODUCES,L4-MIDSTREAM-GaN功率-RF器件,GaN功率/RF器件,SiC/GaN化合物半导体材料和器件布局代表企业。,E3-595;E3-624;E3-646;E3-647;E3-648;E3-649;E3-650;E3-828;E3-857;E3-858;E3-859,medium-low,false,hardcoded,stage6::三安光电::PRODUCES::GaN功率器件,2026-07-08,2026-07-08,2026-07-08,,,,unknown,检索快照,2020-11-20;2021-04-12;2021-11-05;2023-07-07;2023-08-06;2025-12-05;2026-05-21,2026-07-05;2026-07-06;2026-07-08,当前支持,事实判断,E3-595,A:4;B:3;B-:4,公开资料检索,2026-10-08,
三安光电,GaN射频器件,PRODUCES,L4-MIDSTREAM-GaN功率-RF器件,GaN功率/RF器件,SiC/GaN化合物半导体材料和器件布局代表企业。,E3-595;E3-624;E3-646;E3-647;E3-648;E3-649;E3-650;E3-828;E3-857;E3-858;E3-859,medium-low,false,hardcoded,stage6::三安光电::PRODUCES::GaN射频器件,2026-07-08,2026-07-08,2026-07-08,,,,unknown,检索快照,2020-11-20;2021-04-12;2021-11-05;2023-07-07;2023-08-06;2025-12-05;2026-05-21,2026-07-05;2026-07-06;2026-07-08,当前支持,事实判断,E3-595,A:4;B:3;B-:4,公开资料检索,2026-10-08,
天岳先进,SiC衬底,PRODUCES,L4-MIDSTREAM-SiC衬底-外延,SiC衬底/外延,SiC衬底国产代表企业。,E3-592;E3-593;E3-595;E3-596;E3-597;E3-598;E3-599;E3-600;E3-601;E3-602;E3-603;E3-912,medium,false,hardcoded,stage6::天岳先进::PRODUCES::SiC衬底,2026-07-08,2026-07-08,2026-07-08,,,,unknown,检索快照,2026-03-17;2026-03-27;2026-03-31;2026-04-01;2026-04-06;2026-04-08;2026-05-08;2026-05-15;2026-05-21;2026-07-02;2026-07-03,2026-07-05;2026-07-08,当前支持,事实判断,E3-592,A:1;B:2;B-:9,公开资料检索,2026-10-08,
天岳先进,SiC外延片,PRODUCES,L4-MIDSTREAM-SiC衬底-外延,SiC衬底/外延,SiC衬底国产代表企业。,E3-592;E3-593;E3-595;E3-596;E3-597;E3-598;E3-599;E3-600;E3-601;E3-602;E3-603;E3-912,medium,false,hardcoded,stage6::天岳先进::PRODUCES::SiC外延片,2026-07-08,2026-07-08,2026-07-08,,,,unknown,检索快照,2026-03-17;2026-03-27;2026-03-31;2026-04-01;2026-04-06;2026-04-08;2026-05-08;2026-05-15;2026-05-21;2026-07-02;2026-07-03,2026-07-05;2026-07-08,当前支持,事实判断,E3-592,A:1;B:2;B-:9,公开资料检索,2026-10-08,
天科合达,SiC衬底,PRODUCES,L4-MIDSTREAM-SiC衬底-外延,SiC衬底/外延,SiC衬底国产代表企业。,E3-593;E3-595;E3-602;E3-603;E3-913,medium,false,hardcoded,stage6::天科合达::PRODUCES::SiC衬底,2026-07-08,2026-07-08,2026-07-08,,,,unknown,检索快照,2026-03-31;2026-04-01;2026-05-21;2026-07-02,2026-07-05;2026-07-08,当前支持,事实判断,E3-593,A:1;B:2;B-:2,公开资料检索,2026-10-08,
Coherent,SiC衬底,PRODUCES,L4-MIDSTREAM-SiC衬底-外延,SiC衬底/外延,SiC衬底和化合物材料全球主要供应商。,E3-592;E3-821,medium-low,false,basis_keyword_match,stage6::Coherent::PRODUCES::SiC衬底,2026-07-08,2026-07-08,2026-07-06,,,,unknown,检索快照,2026-03-17,2026-07-05;2026-07-06,当前支持,事实判断,E3-592,A:1;B-:1,公开资料检索,2026-10-08,
Wolfspeed,SiC衬底,PRODUCES,L4-MIDSTREAM-SiC衬底-外延,SiC衬底/外延,SiC材料和器件全球核心厂商。,E3-592;E3-602;E3-603;E3-605;E3-607;E3-608;E3-620;E3-627;E3-628;E3-629;E3-630;E3-634;E3-636;E3-637;E3-639;E3-779,high,false,hardcoded,stage6::Wolfspeed::PRODUCES::SiC衬底,2026-07-08,2026-07-08,2026-07-06,,,,unknown,检索快照,2024-12-07;2026-03-17;2026-04-01;2026-06-28;2026-07-02,2026-07-05;2026-07-06,当前支持,事实判断,E3-592,A:1;B:1;B-:14,公开资料检索,2026-10-08,
Wolfspeed,SiC MOSFET,PRODUCES,L4-MIDSTREAM-SiC功率器件-模块,SiC功率器件/模块,SiC材料和器件全球核心厂商。,E3-592;E3-602;E3-603;E3-605;E3-607;E3-608;E3-620;E3-627;E3-628;E3-629;E3-630;E3-634;E3-636;E3-637;E3-639;E3-779,high,false,hardcoded,stage6::Wolfspeed::PRODUCES::SiC MOSFET,2026-07-08,2026-07-08,2026-07-06,,,,unknown,检索快照,2024-12-07;2026-03-17;2026-04-01;2026-06-28;2026-07-02,2026-07-05;2026-07-06,当前支持,事实判断,E3-592,A:1;B:1;B-:14,公开资料检索,2026-10-08,
onsemi,SiC MOSFET,PRODUCES,L4-MIDSTREAM-SiC功率器件-模块,SiC功率器件/模块,SiC功率器件和汽车应用全球主要厂商。,E3-620;E3-627;E3-628;E3-636;E3-637;E3-639;E3-822,high,false,hardcoded,stage6::onsemi::PRODUCES::SiC MOSFET,2026-07-08,2026-07-08,2026-07-06,,,,unknown,检索快照,2024-12-07;2026-06-28,2026-07-05;2026-07-06,当前支持,事实判断,E3-620,A:1;B-:6,公开资料检索,2026-10-08,
英诺赛科,GaN功率器件,PRODUCES,L4-MIDSTREAM-GaN功率-RF器件,GaN功率/RF器件,GaN功率器件和8英寸GaN-on-Si量产代表企业。,E3-640;E3-643;E3-644;E3-645;E3-646;E3-647;E3-648;E3-651;E3-652;E3-914,medium,false,hardcoded,stage6::英诺赛科::PRODUCES::GaN功率器件,2026-07-08,2026-07-08,2026-07-08,,,,unknown,检索快照,2017-07-21;2023-07-07;2023-08-06;2025-12-05;2026-03-14;2026-03-17;2026-04-23,2026-07-05;2026-07-08,当前支持,事实判断,E3-640,A:1;B:1;B-:8,公开资料检索,2026-10-08,
EPC,GaN功率器件,PRODUCES,L4-MIDSTREAM-GaN功率-RF器件,GaN功率/RF器件,GaN功率器件全球代表企业。,E3-647;E3-653;E3-659;E3-915,medium,false,hardcoded,stage6::EPC::PRODUCES::GaN功率器件,2026-07-08,2026-07-08,2026-07-08,,,,unknown,检索快照,2023-07-07,2026-07-05;2026-07-08,当前支持,事实判断,E3-647,A:1;B:1;B-:2,公开资料检索,2026-10-08,
Infineon,GaN功率器件,PRODUCES,L4-MIDSTREAM-GaN功率-RF器件,GaN功率/RF器件,GaN和功率半导体综合龙头。,E3-652;E3-656;E3-661;E3-778,medium,false,basis_keyword_match,stage6::Infineon::PRODUCES::GaN功率器件,2026-07-08,2026-07-08,2026-07-06,,,,unknown,检索快照,,2026-07-05;2026-07-06,当前支持,事实判断,E3-652,A:1;B-:3,公开资料检索,2026-10-08,
Navitas,GaN功率器件,PRODUCES,L4-MIDSTREAM-GaN功率-RF器件,GaN功率/RF器件,GaN功率芯片全球代表企业。,E3-652;E3-823,medium-low,false,basis_keyword_match,stage6::Navitas::PRODUCES::GaN功率器件,2026-07-08,2026-07-08,2026-07-06,,,,unknown,检索快照,,2026-07-05;2026-07-06,当前支持,事实判断,E3-652,A:1;B-:1,公开资料检索,2026-10-08,
Renesas,GaN功率器件,PRODUCES,L4-MIDSTREAM-GaN功率-RF器件,GaN功率/RF器件,通过收购和产品布局覆盖GaN功率器件。,E3-653;E3-659;E3-824,medium,false,basis_keyword_match,stage6::Renesas::PRODUCES::GaN功率器件,2026-07-08,2026-07-08,2026-07-06,,,,unknown,检索快照,,2026-07-05;2026-07-06,当前支持,事实判断,E3-653,A:1;B-:2,公开资料检索,2026-10-08,
Transphorm,GaN功率器件,PRODUCES,L4-MIDSTREAM-GaN功率-RF器件,GaN功率/RF器件,GaN功率器件代表企业，现属瑞萨体系。,E3-649;E3-825,medium-low,false,basis_keyword_match,stage6::Transphorm::PRODUCES::GaN功率器件,2026-07-08,2026-07-08,2026-07-06,,,,unknown,检索快照,2020-11-20,2026-07-05;2026-07-06,当前支持,事实判断,E3-649,A-:1;B-:1,公开资料检索,2026-10-08,
中科曙光,AI服务器,PRODUCES,L4-DOWNSTREAM-AI-INFRA,AI服务器/云基础设施,高性能计算和服务器国内代表企业。,E3-665;E3-666;E3-667;E3-669;E3-670;E3-671;E3-672;E3-833;E3-834,high,false,hardcoded,stage6::中科曙光::PRODUCES::AI服务器,2026-07-08,2026-07-08,2026-07-07,,,,unknown,检索快照,2024-03-01;2025-01-25;2025-02-19;2026-05-11;2026-05-30;2026-06-17,2026-07-05;2026-07-07,当前支持,事实判断,E3-665,A:2;B:4;B-:3,公开资料检索,2026-10-08,
中科曙光,液冷服务器,PRODUCES,L4-DOWNSTREAM-AI-INFRA,AI服务器/云基础设施,高性能计算和服务器国内代表企业。,E3-665;E3-666;E3-667;E3-669;E3-670;E3-671;E3-672;E3-833;E3-834,high,false,hardcoded,stage6::中科曙光::PRODUCES::液冷服务器,2026-07-08,2026-07-08,2026-07-07,,,,unknown,检索快照,2024-03-01;2025-01-25;2025-02-19;2026-05-11;2026-05-30;2026-06-17,2026-07-05;2026-07-07,当前支持,事实判断,E3-665,A:2;B:4;B-:3,公开资料检索,2026-10-08,
中科曙光,国产算力服务器,PRODUCES,L4-DOWNSTREAM-AI-INFRA,AI服务器/云基础设施,高性能计算和服务器国内代表企业。,E3-665;E3-666;E3-667;E3-669;E3-670;E3-671;E3-672;E3-833;E3-834,high,false,hardcoded,stage6::中科曙光::PRODUCES::国产算力服务器,2026-07-08,2026-07-08,2026-07-07,,,,unknown,检索快照,2024-03-01;2025-01-25;2025-02-19;2026-05-11;2026-05-30;2026-06-17,2026-07-05;2026-07-07,当前支持,事实判断,E3-665,A:2;B:4;B-:3,公开资料检索,2026-10-08,
工业富联,AI服务器,PRODUCES,L4-DOWNSTREAM-AI-INFRA,AI服务器/云基础设施,AI服务器制造和云基础设施制造代表企业。,E3-664;E3-666;E3-667;E3-669;E3-670;E3-671;E3-672;E3-673;E3-674;E3-835,high,false,hardcoded,stage6::工业富联::PRODUCES::AI服务器,2026-07-08,2026-07-08,2026-07-07,,,,unknown,检索快照,2023-03-29;2024-03-01;2025-01-25;2025-02-19;2026-02-11;2026-05-30;2026-06-17,2026-07-05;2026-07-07,当前支持,事实判断,E3-664,A:1;B:6;B-:3,公开资料检索,2026-10-08,
工业富联,GPU服务器,PRODUCES,L4-DOWNSTREAM-AI-INFRA,AI服务器/云基础设施,AI服务器制造和云基础设施制造代表企业。,E3-664;E3-666;E3-667;E3-669;E3-670;E3-671;E3-672;E3-673;E3-674;E3-835,high,false,hardcoded,stage6::工业富联::PRODUCES::GPU服务器,2026-07-08,2026-07-08,2026-07-07,,,,unknown,检索快照,2023-03-29;2024-03-01;2025-01-25;2025-02-19;2026-02-11;2026-05-30;2026-06-17,2026-07-05;2026-07-07,当前支持,事实判断,E3-664,A:1;B:6;B-:3,公开资料检索,2026-10-08,
工业富联,数据中心基础设施服务,INTEGRATES,L4-DOWNSTREAM-AI-INFRA,AI服务器/云基础设施,AI服务器制造和云基础设施制造代表企业。,E3-664;E3-666;E3-667;E3-669;E3-670;E3-671;E3-672;E3-673;E3-674;E3-835,high,false,hardcoded,stage6::工业富联::INTEGRATES::数据中心基础设施服务,2026-07-08,2026-07-08,2026-07-07,,,,unknown,检索快照,2023-03-29;2024-03-01;2025-01-25;2025-02-19;2026-02-11;2026-05-30;2026-06-17,2026-07-05;2026-07-07,当前支持,事实判断,E3-664,A:1;B:6;B-:3,公开资料检索,2026-10-08,
浪潮信息,AI服务器,PRODUCES,L4-DOWNSTREAM-AI-INFRA,AI服务器/云基础设施,AI服务器和数据中心服务器国内代表企业。,E3-664;E3-665;E3-666;E3-667;E3-668;E3-669;E3-670;E3-671;E3-672;E3-673;E3-674;E3-836,high,false,hardcoded,stage6::浪潮信息::PRODUCES::AI服务器,2026-07-08,2026-07-08,2026-07-07,,,,unknown,检索快照,2023-03-29;2024-03-01;2025-01-25;2025-02-19;2026-02-11;2026-03-11;2026-05-11;2026-05-30;2026-06-17,2026-07-05;2026-07-07,当前支持,事实判断,E3-664,A:1;B:7;B-:4,公开资料检索,2026-10-08,
浪潮信息,GPU服务器,PRODUCES,L4-DOWNSTREAM-AI-INFRA,AI服务器/云基础设施,AI服务器和数据中心服务器国内代表企业。,E3-664;E3-665;E3-666;E3-667;E3-668;E3-669;E3-670;E3-671;E3-672;E3-673;E3-674;E3-836,high,false,hardcoded,stage6::浪潮信息::PRODUCES::GPU服务器,2026-07-08,2026-07-08,2026-07-07,,,,unknown,检索快照,2023-03-29;2024-03-01;2025-01-25;2025-02-19;2026-02-11;2026-03-11;2026-05-11;2026-05-30;2026-06-17,2026-07-05;2026-07-07,当前支持,事实判断,E3-664,A:1;B:7;B-:4,公开资料检索,2026-10-08,
浪潮信息,液冷服务器,PRODUCES,L4-DOWNSTREAM-AI-INFRA,AI服务器/云基础设施,AI服务器和数据中心服务器国内代表企业。,E3-664;E3-665;E3-666;E3-667;E3-668;E3-669;E3-670;E3-671;E3-672;E3-673;E3-674;E3-836,high,false,hardcoded,stage6::浪潮信息::PRODUCES::液冷服务器,2026-07-08,2026-07-08,2026-07-07,,,,unknown,检索快照,2023-03-29;2024-03-01;2025-01-25;2025-02-19;2026-02-11;2026-03-11;2026-05-11;2026-05-30;2026-06-17,2026-07-05;2026-07-07,当前支持,事实判断,E3-664,A:1;B:7;B-:4,公开资料检索,2026-10-08,
浪潮信息,存储设备,PRODUCES,L4-DOWNSTREAM-AI-INFRA,AI服务器/云基础设施,AI服务器和数据中心服务器国内代表企业。,E3-664;E3-665;E3-666;E3-667;E3-668;E3-669;E3-670;E3-671;E3-672;E3-673;E3-674;E3-836,high,false,hardcoded,stage6::浪潮信息::PRODUCES::存储设备,2026-07-08,2026-07-08,2026-07-07,,,,unknown,检索快照,2023-03-29;2024-03-01;2025-01-25;2025-02-19;2026-02-11;2026-03-11;2026-05-11;2026-05-30;2026-06-17,2026-07-05;2026-07-07,当前支持,事实判断,E3-664,A:1;B:7;B-:4,公开资料检索,2026-10-08,
浪潮信息,AI GPU,INTEGRATES,L4-MIDSTREAM-AI-COMPUTE-CHIP,AI/GPU/CPU算力芯片,AI服务器和数据中心服务器国内代表企业。,E3-664;E3-665;E3-666;E3-667;E3-668;E3-669;E3-670;E3-671;E3-672;E3-673;E3-674;E3-836,high,false,hardcoded,stage6::浪潮信息::INTEGRATES::AI GPU,2026-07-08,2026-07-08,2026-07-07,,,,unknown,检索快照,2023-03-29;2024-03-01;2025-01-25;2025-02-19;2026-02-11;2026-03-11;2026-05-11;2026-05-30;2026-06-17,2026-07-05;2026-07-07,当前支持,事实判断,E3-664,A:1;B:7;B-:4,公开资料检索,2026-10-08,
联想,AI服务器,PRODUCES,L4-DOWNSTREAM-AI-INFRA,AI服务器/云基础设施,服务器、PC和AI终端系统全球主要厂商。,E3-674;E3-841,medium-low,false,hardcoded,stage6::联想::PRODUCES::AI服务器,2026-07-08,2026-07-08,2026-07-07,,,,unknown,检索快照,2023-03-29,2026-07-05;2026-07-07,当前支持,事实判断,E3-674,A:1;B:1,公开资料检索,2026-10-08,
联想,存储设备,PRODUCES,L4-DOWNSTREAM-AI-INFRA,AI服务器/云基础设施,服务器、PC和AI终端系统全球主要厂商。,E3-674;E3-841,medium-low,false,hardcoded,stage6::联想::PRODUCES::存储设备,2026-07-08,2026-07-08,2026-07-07,,,,unknown,检索快照,2023-03-29,2026-07-05;2026-07-07,当前支持,事实判断,E3-674,A:1;B:1,公开资料检索,2026-10-08,
联想,数据中心基础设施服务,SELLS,L4-DOWNSTREAM-AI-INFRA,AI服务器/云基础设施,服务器、PC和AI终端系统全球主要厂商。,E3-674;E3-841,medium-low,false,hardcoded,stage6::联想::SELLS::数据中心基础设施服务,2026-07-08,2026-07-08,2026-07-07,,,,unknown,检索快照,2023-03-29,2026-07-05;2026-07-07,当前支持,事实判断,E3-674,A:1;B:1,公开资料检索,2026-10-08,
联想,AI GPU,INTEGRATES,L4-MIDSTREAM-AI-COMPUTE-CHIP,AI/GPU/CPU算力芯片,服务器、PC和AI终端系统全球主要厂商。,E3-674;E3-841,medium-low,false,hardcoded,stage6::联想::INTEGRATES::AI GPU,2026-07-08,2026-07-08,2026-07-07,,,,unknown,检索快照,2023-03-29,2026-07-05;2026-07-07,当前支持,事实判断,E3-674,A:1;B:1,公开资料检索,2026-10-08,
Amazon,AI服务器,USES,L4-DOWNSTREAM-AI-INFRA,AI服务器/云基础设施,云计算和自研AI芯片/数据中心需求核心厂商。,E3-675;E3-677;E3-680;E3-683;E3-684;E3-736,high,false,hardcoded,stage6::Amazon::USES::AI服务器,2026-07-08,2026-07-08,2026-07-06,,,,unknown,检索快照,,2026-07-05;2026-07-06,当前支持,事实判断,E3-675,A:1;B-:5,公开资料检索,2026-10-08,
Amazon,GPU服务器,USES,L4-DOWNSTREAM-AI-INFRA,AI服务器/云基础设施,云计算和自研AI芯片/数据中心需求核心厂商。,E3-675;E3-677;E3-680;E3-683;E3-684;E3-736,high,false,hardcoded,stage6::Amazon::USES::GPU服务器,2026-07-08,2026-07-08,2026-07-06,,,,unknown,检索快照,,2026-07-05;2026-07-06,当前支持,事实判断,E3-675,A:1;B-:5,公开资料检索,2026-10-08,
Amazon,云基础设施服务,USES,L4-DOWNSTREAM-AI-INFRA,AI服务器/云基础设施,云计算和自研AI芯片/数据中心需求核心厂商。,E3-675;E3-677;E3-680;E3-683;E3-684;E3-736,high,false,hardcoded,stage6::Amazon::USES::云基础设施服务,2026-07-08,2026-07-08,2026-07-06,,,,unknown,检索快照,,2026-07-05;2026-07-06,当前支持,事实判断,E3-675,A:1;B-:5,公开资料检索,2026-10-08,
Amazon,公有云服务,USES,L4-DOWNSTREAM-CLOUD-INTERNET-PLATFORM,云服务/互联网平台,云计算和自研AI芯片/数据中心需求核心厂商。,E3-675;E3-677;E3-680;E3-683;E3-684;E3-736,high,false,hardcoded,stage6::Amazon::USES::公有云服务,2026-07-08,2026-07-08,2026-07-06,,,,unknown,检索快照,,2026-07-05;2026-07-06,当前支持,事实判断,E3-675,A:1;B-:5,公开资料检索,2026-10-08,
Amazon,AI云平台,USES,L4-DOWNSTREAM-CLOUD-INTERNET-PLATFORM,云服务/互联网平台,云计算和自研AI芯片/数据中心需求核心厂商。,E3-675;E3-677;E3-680;E3-683;E3-684;E3-736,high,false,hardcoded,stage6::Amazon::USES::AI云平台,2026-07-08,2026-07-08,2026-07-06,,,,unknown,检索快照,,2026-07-05;2026-07-06,当前支持,事实判断,E3-675,A:1;B-:5,公开资料检索,2026-10-08,
Amazon,互联网数据中心需求,USES,L4-DOWNSTREAM-CLOUD-INTERNET-PLATFORM,云服务/互联网平台,云计算和自研AI芯片/数据中心需求核心厂商。,E3-675;E3-677;E3-680;E3-683;E3-684;E3-736,high,false,hardcoded,stage6::Amazon::USES::互联网数据中心需求,2026-07-08,2026-07-08,2026-07-06,,,,unknown,检索快照,,2026-07-05;2026-07-06,当前支持,事实判断,E3-675,A:1;B-:5,公开资料检索,2026-10-08,
Dell,AI服务器,PRODUCES,L4-DOWNSTREAM-AI-INFRA,AI服务器/云基础设施,服务器和企业基础设施全球主要厂商。,E3-679;E3-683;E3-686;E3-842,high,false,hardcoded,stage6::Dell::PRODUCES::AI服务器,2026-07-08,2026-07-08,2026-07-07,,,,unknown,检索快照,,2026-07-05;2026-07-07,当前支持,事实判断,E3-679,A:1;A-:1;B-:2,公开资料检索,2026-10-08,
Dell,存储设备,PRODUCES,L4-DOWNSTREAM-AI-INFRA,AI服务器/云基础设施,服务器和企业基础设施全球主要厂商。,E3-679;E3-683;E3-686;E3-842,high,false,hardcoded,stage6::Dell::PRODUCES::存储设备,2026-07-08,2026-07-08,2026-07-07,,,,unknown,检索快照,,2026-07-05;2026-07-07,当前支持,事实判断,E3-679,A:1;A-:1;B-:2,公开资料检索,2026-10-08,
Dell,数据中心基础设施服务,SELLS,L4-DOWNSTREAM-AI-INFRA,AI服务器/云基础设施,服务器和企业基础设施全球主要厂商。,E3-679;E3-683;E3-686;E3-842,high,false,hardcoded,stage6::Dell::SELLS::数据中心基础设施服务,2026-07-08,2026-07-08,2026-07-07,,,,unknown,检索快照,,2026-07-05;2026-07-07,当前支持,事实判断,E3-679,A:1;A-:1;B-:2,公开资料检索,2026-10-08,
Dell,AI GPU,INTEGRATES,L4-MIDSTREAM-AI-COMPUTE-CHIP,AI/GPU/CPU算力芯片,服务器和企业基础设施全球主要厂商。,E3-679;E3-683;E3-686;E3-842,high,false,hardcoded,stage6::Dell::INTEGRATES::AI GPU,2026-07-08,2026-07-08,2026-07-07,,,,unknown,检索快照,,2026-07-05;2026-07-07,当前支持,事实判断,E3-679,A:1;A-:1;B-:2,公开资料检索,2026-10-08,
Google,AI服务器,USES,L4-DOWNSTREAM-AI-INFRA,AI服务器/云基础设施,云计算、TPU和AI基础设施需求核心厂商。,E3-675;E3-677;E3-680;E3-683;E3-684;E3-737,high,false,hardcoded,stage6::Google::USES::AI服务器,2026-07-08,2026-07-08,2026-07-06,,,,unknown,检索快照,,2026-07-05;2026-07-06,当前支持,事实判断,E3-675,A:1;B-:5,公开资料检索,2026-10-08,
Google,GPU服务器,USES,L4-DOWNSTREAM-AI-INFRA,AI服务器/云基础设施,云计算、TPU和AI基础设施需求核心厂商。,E3-675;E3-677;E3-680;E3-683;E3-684;E3-737,high,false,hardcoded,stage6::Google::USES::GPU服务器,2026-07-08,2026-07-08,2026-07-06,,,,unknown,检索快照,,2026-07-05;2026-07-06,当前支持,事实判断,E3-675,A:1;B-:5,公开资料检索,2026-10-08,
Google,云基础设施服务,USES,L4-DOWNSTREAM-AI-INFRA,AI服务器/云基础设施,云计算、TPU和AI基础设施需求核心厂商。,E3-675;E3-677;E3-680;E3-683;E3-684;E3-737,high,false,hardcoded,stage6::Google::USES::云基础设施服务,2026-07-08,2026-07-08,2026-07-06,,,,unknown,检索快照,,2026-07-05;2026-07-06,当前支持,事实判断,E3-675,A:1;B-:5,公开资料检索,2026-10-08,
Google,公有云服务,USES,L4-DOWNSTREAM-CLOUD-INTERNET-PLATFORM,云服务/互联网平台,云计算、TPU和AI基础设施需求核心厂商。,E3-675;E3-677;E3-680;E3-683;E3-684;E3-737,high,false,hardcoded,stage6::Google::USES::公有云服务,2026-07-08,2026-07-08,2026-07-06,,,,unknown,检索快照,,2026-07-05;2026-07-06,当前支持,事实判断,E3-675,A:1;B-:5,公开资料检索,2026-10-08,
Google,AI云平台,USES,L4-DOWNSTREAM-CLOUD-INTERNET-PLATFORM,云服务/互联网平台,云计算、TPU和AI基础设施需求核心厂商。,E3-675;E3-677;E3-680;E3-683;E3-684;E3-737,high,false,hardcoded,stage6::Google::USES::AI云平台,2026-07-08,2026-07-08,2026-07-06,,,,unknown,检索快照,,2026-07-05;2026-07-06,当前支持,事实判断,E3-675,A:1;B-:5,公开资料检索,2026-10-08,
Google,互联网数据中心需求,USES,L4-DOWNSTREAM-CLOUD-INTERNET-PLATFORM,云服务/互联网平台,云计算、TPU和AI基础设施需求核心厂商。,E3-675;E3-677;E3-680;E3-683;E3-684;E3-737,high,false,hardcoded,stage6::Google::USES::互联网数据中心需求,2026-07-08,2026-07-08,2026-07-06,,,,unknown,检索快照,,2026-07-05;2026-07-06,当前支持,事实判断,E3-675,A:1;B-:5,公开资料检索,2026-10-08,
Meta,AI服务器,USES,L4-DOWNSTREAM-AI-INFRA,AI服务器/云基础设施,AI训练集群和数据中心需求核心厂商。,E3-675;E3-739,medium,false,hardcoded,stage6::Meta::USES::AI服务器,2026-07-08,2026-07-08,2026-07-06,,,,unknown,检索快照,2022-01-24,2026-07-05;2026-07-06,当前支持,事实判断,E3-675,A-:1;B-:1,公开资料检索,2026-10-08,
Meta,GPU服务器,USES,L4-DOWNSTREAM-AI-INFRA,AI服务器/云基础设施,AI训练集群和数据中心需求核心厂商。,E3-675;E3-739,medium,false,hardcoded,stage6::Meta::USES::GPU服务器,2026-07-08,2026-07-08,2026-07-06,,,,unknown,检索快照,2022-01-24,2026-07-05;2026-07-06,当前支持,事实判断,E3-675,A-:1;B-:1,公开资料检索,2026-10-08,
Meta,互联网数据中心需求,USES,L4-DOWNSTREAM-CLOUD-INTERNET-PLATFORM,云服务/互联网平台,AI训练集群和数据中心需求核心厂商。,E3-675;E3-739,medium,false,hardcoded,stage6::Meta::USES::互联网数据中心需求,2026-07-08,2026-07-08,2026-07-06,,,,unknown,检索快照,2022-01-24,2026-07-05;2026-07-06,当前支持,事实判断,E3-675,A-:1;B-:1,公开资料检索,2026-10-08,
Microsoft,AI服务器,USES,L4-DOWNSTREAM-AI-INFRA,AI服务器/云基础设施,云计算和AI基础设施需求核心厂商。,E3-672;E3-675;E3-677;E3-680;E3-684;E3-738,high,false,hardcoded,stage6::Microsoft::USES::AI服务器,2026-07-08,2026-07-08,2026-07-06,,,,unknown,检索快照,2024-03-01,2026-07-05;2026-07-06,当前支持,事实判断,E3-672,A:1;B-:5,公开资料检索,2026-10-08,
Microsoft,GPU服务器,USES,L4-DOWNSTREAM-AI-INFRA,AI服务器/云基础设施,云计算和AI基础设施需求核心厂商。,E3-672;E3-675;E3-677;E3-680;E3-684;E3-738,high,false,hardcoded,stage6::Microsoft::USES::GPU服务器,2026-07-08,2026-07-08,2026-07-06,,,,unknown,检索快照,2024-03-01,2026-07-05;2026-07-06,当前支持,事实判断,E3-672,A:1;B-:5,公开资料检索,2026-10-08,
Microsoft,云基础设施服务,USES,L4-DOWNSTREAM-AI-INFRA,AI服务器/云基础设施,云计算和AI基础设施需求核心厂商。,E3-672;E3-675;E3-677;E3-680;E3-684;E3-738,high,false,hardcoded,stage6::Microsoft::USES::云基础设施服务,2026-07-08,2026-07-08,2026-07-06,,,,unknown,检索快照,2024-03-01,2026-07-05;2026-07-06,当前支持,事实判断,E3-672,A:1;B-:5,公开资料检索,2026-10-08,
Microsoft,公有云服务,USES,L4-DOWNSTREAM-CLOUD-INTERNET-PLATFORM,云服务/互联网平台,云计算和AI基础设施需求核心厂商。,E3-672;E3-675;E3-677;E3-680;E3-684;E3-738,high,false,hardcoded,stage6::Microsoft::USES::公有云服务,2026-07-08,2026-07-08,2026-07-06,,,,unknown,检索快照,2024-03-01,2026-07-05;2026-07-06,当前支持,事实判断,E3-672,A:1;B-:5,公开资料检索,2026-10-08,
Microsoft,AI云平台,USES,L4-DOWNSTREAM-CLOUD-INTERNET-PLATFORM,云服务/互联网平台,云计算和AI基础设施需求核心厂商。,E3-672;E3-675;E3-677;E3-680;E3-684;E3-738,high,false,hardcoded,stage6::Microsoft::USES::AI云平台,2026-07-08,2026-07-08,2026-07-06,,,,unknown,检索快照,2024-03-01,2026-07-05;2026-07-06,当前支持,事实判断,E3-672,A:1;B-:5,公开资料检索,2026-10-08,
Microsoft,互联网数据中心需求,USES,L4-DOWNSTREAM-CLOUD-INTERNET-PLATFORM,云服务/互联网平台,云计算和AI基础设施需求核心厂商。,E3-672;E3-675;E3-677;E3-680;E3-684;E3-738,high,false,hardcoded,stage6::Microsoft::USES::互联网数据中心需求,2026-07-08,2026-07-08,2026-07-06,,,,unknown,检索快照,2024-03-01,2026-07-05;2026-07-06,当前支持,事实判断,E3-672,A:1;B-:5,公开资料检索,2026-10-08,
Supermicro,AI服务器,PRODUCES,L4-DOWNSTREAM-AI-INFRA,AI服务器/云基础设施,AI服务器和高密度服务器全球代表企业。,E3-679;E3-683;E3-686;E3-843,high,false,hardcoded,stage6::Supermicro::PRODUCES::AI服务器,2026-07-08,2026-07-08,2026-07-07,,,,unknown,检索快照,,2026-07-05;2026-07-07,当前支持,事实判断,E3-679,A:1;A-:1;B-:2,公开资料检索,2026-10-08,
Supermicro,GPU服务器,PRODUCES,L4-DOWNSTREAM-AI-INFRA,AI服务器/云基础设施,AI服务器和高密度服务器全球代表企业。,E3-679;E3-683;E3-686;E3-843,high,false,hardcoded,stage6::Supermicro::PRODUCES::GPU服务器,2026-07-08,2026-07-08,2026-07-07,,,,unknown,检索快照,,2026-07-05;2026-07-07,当前支持,事实判断,E3-679,A:1;A-:1;B-:2,公开资料检索,2026-10-08,
Supermicro,AI GPU,INTEGRATES,L4-MIDSTREAM-AI-COMPUTE-CHIP,AI/GPU/CPU算力芯片,AI服务器和高密度服务器全球代表企业。,E3-679;E3-683;E3-686;E3-843,high,false,hardcoded,stage6::Supermicro::INTEGRATES::AI GPU,2026-07-08,2026-07-08,2026-07-07,,,,unknown,检索快照,,2026-07-05;2026-07-07,当前支持,事实判断,E3-679,A:1;A-:1;B-:2,公开资料检索,2026-10-08,
华为,通信设备,PRODUCES,L4-DOWNSTREAM-ICT-DEVICE,消费电子/通信设备,智能汽车解决方案、通信和终端生态需求代表。,E3-687;E3-691;E3-693;E3-694;E3-709;E3-710;E3-711;E3-712;E3-713;E3-722;E3-725;E3-829;E3-847,high,false,hardcoded,stage6::华为::PRODUCES::通信设备,2026-07-08,2026-07-08,2026-07-07,,,,unknown,检索快照,2026-01-03;2026-01-15;2026-02-09;2026-03-19;2026-03-26;2026-05-06;2026-05-13;2026-05-28,2026-07-05;2026-07-06;2026-07-07,当前支持,事实判断,E3-687,A:2;B:1;B-:10,公开资料检索,2026-10-08,
华为,智能终端,PRODUCES,L4-DOWNSTREAM-ICT-DEVICE,消费电子/通信设备,智能汽车解决方案、通信和终端生态需求代表。,E3-687;E3-691;E3-693;E3-694;E3-709;E3-710;E3-711;E3-712;E3-713;E3-722;E3-725;E3-829;E3-847,high,false,hardcoded,stage6::华为::PRODUCES::智能终端,2026-07-08,2026-07-08,2026-07-07,,,,unknown,检索快照,2026-01-03;2026-01-15;2026-02-09;2026-03-19;2026-03-26;2026-05-06;2026-05-13;2026-05-28,2026-07-05;2026-07-06;2026-07-07,当前支持,事实判断,E3-687,A:2;B:1;B-:10,公开资料检索,2026-10-08,
华为,国产算力服务器,PRODUCES,L4-DOWNSTREAM-AI-INFRA,AI服务器/云基础设施,智能汽车解决方案、通信和终端生态需求代表。,E3-687;E3-691;E3-693;E3-694;E3-709;E3-710;E3-711;E3-712;E3-713;E3-722;E3-725;E3-829;E3-847,high,false,hardcoded,stage6::华为::PRODUCES::国产算力服务器,2026-07-08,2026-07-08,2026-07-07,,,,unknown,检索快照,2026-01-03;2026-01-15;2026-02-09;2026-03-19;2026-03-26;2026-05-06;2026-05-13;2026-05-28,2026-07-05;2026-07-06;2026-07-07,当前支持,事实判断,E3-687,A:2;B:1;B-:10,公开资料检索,2026-10-08,
华为,运营商网络设备,PRODUCES,L4-DOWNSTREAM-TELECOM-NETWORK-INFRA,通信网络基础设施,智能汽车解决方案、通信和终端生态需求代表。,E3-687;E3-691;E3-693;E3-694;E3-709;E3-710;E3-711;E3-712;E3-713;E3-722;E3-725;E3-829;E3-847,high,false,hardcoded,stage6::华为::PRODUCES::运营商网络设备,2026-07-08,2026-07-08,2026-07-07,,,,unknown,检索快照,2026-01-03;2026-01-15;2026-02-09;2026-03-19;2026-03-26;2026-05-06;2026-05-13;2026-05-28,2026-07-05;2026-07-06;2026-07-07,当前支持,事实判断,E3-687,A:2;B:1;B-:10,公开资料检索,2026-10-08,
华为,基站/核心网设备,PRODUCES,L4-DOWNSTREAM-TELECOM-NETWORK-INFRA,通信网络基础设施,智能汽车解决方案、通信和终端生态需求代表。,E3-687;E3-691;E3-693;E3-694;E3-709;E3-710;E3-711;E3-712;E3-713;E3-722;E3-725;E3-829;E3-847,high,false,hardcoded,stage6::华为::PRODUCES::基站/核心网设备,2026-07-08,2026-07-08,2026-07-07,,,,unknown,检索快照,2026-01-03;2026-01-15;2026-02-09;2026-03-19;2026-03-26;2026-05-06;2026-05-13;2026-05-28,2026-07-05;2026-07-06;2026-07-07,当前支持,事实判断,E3-687,A:2;B:1;B-:10,公开资料检索,2026-10-08,
华为,手机/平板终端,PRODUCES,L4-DOWNSTREAM-SMART-DEVICE-PC,智能终端/PC,智能汽车解决方案、通信和终端生态需求代表。,E3-687;E3-691;E3-693;E3-694;E3-709;E3-710;E3-711;E3-712;E3-713;E3-722;E3-725;E3-829;E3-847,high,false,hardcoded,stage6::华为::PRODUCES::手机/平板终端,2026-07-08,2026-07-08,2026-07-07,,,,unknown,检索快照,2026-01-03;2026-01-15;2026-02-09;2026-03-19;2026-03-26;2026-05-06;2026-05-13;2026-05-28,2026-07-05;2026-07-06;2026-07-07,当前支持,事实判断,E3-687,A:2;B:1;B-:10,公开资料检索,2026-10-08,
华为,企业级ICT解决方案,SELLS,L4-DOWNSTREAM-ICT-DEVICE,消费电子/通信设备,智能汽车解决方案、通信和终端生态需求代表。,E3-687;E3-691;E3-693;E3-694;E3-709;E3-710;E3-711;E3-712;E3-713;E3-722;E3-725;E3-829;E3-847,high,false,hardcoded,stage6::华为::SELLS::企业级ICT解决方案,2026-07-08,2026-07-08,2026-07-07,,,,unknown,检索快照,2026-01-03;2026-01-15;2026-02-09;2026-03-19;2026-03-26;2026-05-06;2026-05-13;2026-05-28,2026-07-05;2026-07-06;2026-07-07,当前支持,事实判断,E3-687,A:2;B:1;B-:10,公开资料检索,2026-10-08,
华为,数据中心网络方案,SELLS,L4-DOWNSTREAM-TELECOM-NETWORK-INFRA,通信网络基础设施,智能汽车解决方案、通信和终端生态需求代表。,E3-687;E3-691;E3-693;E3-694;E3-709;E3-710;E3-711;E3-712;E3-713;E3-722;E3-725;E3-829;E3-847,high,false,hardcoded,stage6::华为::SELLS::数据中心网络方案,2026-07-08,2026-07-08,2026-07-07,,,,unknown,检索快照,2026-01-03;2026-01-15;2026-02-09;2026-03-19;2026-03-26;2026-05-06;2026-05-13;2026-05-28,2026-07-05;2026-07-06;2026-07-07,当前支持,事实判断,E3-687,A:2;B:1;B-:10,公开资料检索,2026-10-08,
比亚迪,智能汽车解决方案,PRODUCES,L4-DOWNSTREAM-AUTO-ELECTRONICS,新能源汽车/汽车电子,新能源汽车和功率半导体/汽车电子需求端代表。,E3-687;E3-688;E3-689;E3-690;E3-691;E3-693;E3-694;E3-696;E3-700;E3-702;E3-839,high,false,hardcoded,stage6::比亚迪::PRODUCES::智能汽车解决方案,2026-07-08,2026-07-08,2026-07-07,,,,unknown,检索快照,2026-02-04;2026-02-09;2026-02-15;2026-03-13;2026-03-19;2026-05-06;2026-05-28,2026-07-05;2026-07-07,当前支持,事实判断,E3-687,A:1;B:2;B-:8,公开资料检索,2026-10-08,
比亚迪,汽车电子系统,USES,L4-DOWNSTREAM-AUTO-ELECTRONICS,新能源汽车/汽车电子,新能源汽车和功率半导体/汽车电子需求端代表。,E3-687;E3-688;E3-689;E3-690;E3-691;E3-693;E3-694;E3-696;E3-700;E3-702;E3-839,high,false,hardcoded,stage6::比亚迪::USES::汽车电子系统,2026-07-08,2026-07-08,2026-07-07,,,,unknown,检索快照,2026-02-04;2026-02-09;2026-02-15;2026-03-13;2026-03-19;2026-05-06;2026-05-28,2026-07-05;2026-07-07,当前支持,事实判断,E3-687,A:1;B:2;B-:8,公开资料检索,2026-10-08,
比亚迪,功率半导体模块,USES,L4-DOWNSTREAM-AUTO-ELECTRONICS,新能源汽车/汽车电子,新能源汽车和功率半导体/汽车电子需求端代表。,E3-687;E3-688;E3-689;E3-690;E3-691;E3-693;E3-694;E3-696;E3-700;E3-702;E3-839,high,false,hardcoded,stage6::比亚迪::USES::功率半导体模块,2026-07-08,2026-07-08,2026-07-07,,,,unknown,检索快照,2026-02-04;2026-02-09;2026-02-15;2026-03-13;2026-03-19;2026-05-06;2026-05-28,2026-07-05;2026-07-07,当前支持,事实判断,E3-687,A:1;B:2;B-:8,公开资料检索,2026-10-08,
比亚迪,SiC功率模块,USES,L4-MIDSTREAM-SiC功率器件-模块,SiC功率器件/模块,新能源汽车和功率半导体/汽车电子需求端代表。,E3-687;E3-688;E3-689;E3-690;E3-691;E3-693;E3-694;E3-696;E3-700;E3-702;E3-839,medium,true,demand_side_presumed,stage6::比亚迪::USES::SiC功率模块,2026-07-08,2026-07-08,2026-07-07,,,,unknown,检索快照,2026-02-04;2026-02-09;2026-02-15;2026-03-13;2026-03-19;2026-05-06;2026-05-28,2026-07-05;2026-07-07,需要内部验证,推断关系,E3-687,A:1;B:2;B-:8,公开资料检索,2026-10-08,公开资料不足以证明内部客户或当前交易关系，需要内部销售/客户数据确认。
Bosch,汽车电子系统,PRODUCES,L4-DOWNSTREAM-AUTO-ELECTRONICS,新能源汽车/汽车电子,汽车电子和功率/传感器系统全球Tier 1。,E3-698;E3-700;E3-706;E3-777,medium,false,hardcoded,stage6::Bosch::PRODUCES::汽车电子系统,2026-07-08,2026-07-08,2026-07-06,,,,unknown,检索快照,,2026-07-05;2026-07-06,当前支持,事实判断,E3-698,A:1;B-:3,公开资料检索,2026-10-08,
Continental,汽车电子系统,PRODUCES,L4-DOWNSTREAM-AUTO-ELECTRONICS,新能源汽车/汽车电子,汽车电子和智能驾驶系统全球Tier 1。,E3-698;E3-700;E3-706;E3-785,medium,false,hardcoded,stage6::Continental::PRODUCES::汽车电子系统,2026-07-08,2026-07-08,2026-07-06,,,,unknown,检索快照,,2026-07-05;2026-07-06,当前支持,事实判断,E3-698,A-:1;B-:3,公开资料检索,2026-10-08,
Denso,汽车电子系统,PRODUCES,L4-DOWNSTREAM-AUTO-ELECTRONICS,新能源汽车/汽车电子,汽车电子和功率模块全球Tier 1。,E3-698;E3-706;E3-786,medium,false,hardcoded,stage6::Denso::PRODUCES::汽车电子系统,2026-07-08,2026-07-08,2026-07-06,,,,unknown,检索快照,,2026-07-05;2026-07-06,当前支持,事实判断,E3-698,A:1;B-:2,公开资料检索,2026-10-08,
Tesla,智能汽车解决方案,PRODUCES,L4-DOWNSTREAM-AUTO-ELECTRONICS,新能源汽车/汽车电子,新能源汽车、智能驾驶和功率/算力芯片需求代表。,E3-687;E3-688;E3-693;E3-696;E3-700;E3-702;E3-846,high,false,hardcoded,stage6::Tesla::PRODUCES::智能汽车解决方案,2026-07-08,2026-07-08,2026-07-07,,,,unknown,检索快照,2026-02-15;2026-03-13;2026-03-19;2026-05-28,2026-07-05;2026-07-07,当前支持,事实判断,E3-687,A:1;B:2;B-:4,公开资料检索,2026-10-08,
Tesla,车载计算平台,USES,L4-DOWNSTREAM-AUTO-ELECTRONICS,新能源汽车/汽车电子,新能源汽车、智能驾驶和功率/算力芯片需求代表。,E3-687;E3-688;E3-693;E3-696;E3-700;E3-702;E3-846,high,false,hardcoded,stage6::Tesla::USES::车载计算平台,2026-07-08,2026-07-08,2026-07-07,,,,unknown,检索快照,2026-02-15;2026-03-13;2026-03-19;2026-05-28,2026-07-05;2026-07-07,当前支持,事实判断,E3-687,A:1;B:2;B-:4,公开资料检索,2026-10-08,
Tesla,功率半导体模块,USES,L4-DOWNSTREAM-AUTO-ELECTRONICS,新能源汽车/汽车电子,新能源汽车、智能驾驶和功率/算力芯片需求代表。,E3-687;E3-688;E3-693;E3-696;E3-700;E3-702;E3-846,high,false,hardcoded,stage6::Tesla::USES::功率半导体模块,2026-07-08,2026-07-08,2026-07-07,,,,unknown,检索快照,2026-02-15;2026-03-13;2026-03-19;2026-05-28,2026-07-05;2026-07-07,当前支持,事实判断,E3-687,A:1;B:2;B-:4,公开资料检索,2026-10-08,
Tesla,SiC功率模块,USES,L4-MIDSTREAM-SiC功率器件-模块,SiC功率器件/模块,新能源汽车、智能驾驶和功率/算力芯片需求代表。,E3-687;E3-688;E3-693;E3-696;E3-700;E3-702;E3-846,medium,true,demand_side_presumed,stage6::Tesla::USES::SiC功率模块,2026-07-08,2026-07-08,2026-07-07,,,,unknown,检索快照,2026-02-15;2026-03-13;2026-03-19;2026-05-28,2026-07-05;2026-07-07,需要内部验证,推断关系,E3-687,A:1;B:2;B-:4,公开资料检索,2026-10-08,公开资料不足以证明内部客户或当前交易关系，需要内部销售/客户数据确认。
中兴通讯,通信设备,PRODUCES,L4-DOWNSTREAM-ICT-DEVICE,消费电子/通信设备,通信设备和算力基础设施需求代表。,E3-709;E3-710;E3-711;E3-712;E3-783,high,false,hardcoded,stage6::中兴通讯::PRODUCES::通信设备,2026-07-08,2026-07-08,2026-07-06,,,,unknown,检索快照,2026-01-03;2026-01-15;2026-03-26,2026-07-05;2026-07-06,当前支持,事实判断,E3-709,A:1;B-:4,公开资料检索,2026-10-08,
中兴通讯,网络设备,PRODUCES,L4-DOWNSTREAM-ICT-DEVICE,消费电子/通信设备,通信设备和算力基础设施需求代表。,E3-709;E3-710;E3-711;E3-712;E3-783,high,false,hardcoded,stage6::中兴通讯::PRODUCES::网络设备,2026-07-08,2026-07-08,2026-07-06,,,,unknown,检索快照,2026-01-03;2026-01-15;2026-03-26,2026-07-05;2026-07-06,当前支持,事实判断,E3-709,A:1;B-:4,公开资料检索,2026-10-08,
中兴通讯,运营商网络设备,PRODUCES,L4-DOWNSTREAM-TELECOM-NETWORK-INFRA,通信网络基础设施,通信设备和算力基础设施需求代表。,E3-709;E3-710;E3-711;E3-712;E3-783,high,false,hardcoded,stage6::中兴通讯::PRODUCES::运营商网络设备,2026-07-08,2026-07-08,2026-07-06,,,,unknown,检索快照,2026-01-03;2026-01-15;2026-03-26,2026-07-05;2026-07-06,当前支持,事实判断,E3-709,A:1;B-:4,公开资料检索,2026-10-08,
中兴通讯,基站/核心网设备,PRODUCES,L4-DOWNSTREAM-TELECOM-NETWORK-INFRA,通信网络基础设施,通信设备和算力基础设施需求代表。,E3-709;E3-710;E3-711;E3-712;E3-783,high,false,hardcoded,stage6::中兴通讯::PRODUCES::基站/核心网设备,2026-07-08,2026-07-08,2026-07-06,,,,unknown,检索快照,2026-01-03;2026-01-15;2026-03-26,2026-07-05;2026-07-06,当前支持,事实判断,E3-709,A:1;B-:4,公开资料检索,2026-10-08,
中兴通讯,企业级ICT解决方案,SELLS,L4-DOWNSTREAM-ICT-DEVICE,消费电子/通信设备,通信设备和算力基础设施需求代表。,E3-709;E3-710;E3-711;E3-712;E3-783,high,false,hardcoded,stage6::中兴通讯::SELLS::企业级ICT解决方案,2026-07-08,2026-07-08,2026-07-06,,,,unknown,检索快照,2026-01-03;2026-01-15;2026-03-26,2026-07-05;2026-07-06,当前支持,事实判断,E3-709,A:1;B-:4,公开资料检索,2026-10-08,
中兴通讯,数据中心网络方案,SELLS,L4-DOWNSTREAM-TELECOM-NETWORK-INFRA,通信网络基础设施,通信设备和算力基础设施需求代表。,E3-709;E3-710;E3-711;E3-712;E3-783,high,false,hardcoded,stage6::中兴通讯::SELLS::数据中心网络方案,2026-07-08,2026-07-08,2026-07-06,,,,unknown,检索快照,2026-01-03;2026-01-15;2026-03-26,2026-07-05;2026-07-06,当前支持,事实判断,E3-709,A:1;B-:4,公开资料检索,2026-10-08,
Cisco,网络设备,PRODUCES,L4-DOWNSTREAM-ICT-DEVICE,消费电子/通信设备,网络设备和数据中心通信需求代表。,E3-710;E3-711;E3-712;E3-724;E3-725;E3-740,high,false,hardcoded,stage6::Cisco::PRODUCES::网络设备,2026-07-08,2026-07-08,2026-07-06,,,,unknown,检索快照,2026-01-03;2026-01-15,2026-07-05;2026-07-06,当前支持,事实判断,E3-710,A:1;B-:5,公开资料检索,2026-10-08,
Cisco,数据中心交换机,PRODUCES,L4-DOWNSTREAM-AI-INFRA,AI服务器/云基础设施,网络设备和数据中心通信需求代表。,E3-710;E3-711;E3-712;E3-724;E3-725;E3-740,high,false,hardcoded,stage6::Cisco::PRODUCES::数据中心交换机,2026-07-08,2026-07-08,2026-07-06,,,,unknown,检索快照,2026-01-03;2026-01-15,2026-07-05;2026-07-06,当前支持,事实判断,E3-710,A:1;B-:5,公开资料检索,2026-10-08,
Cisco,运营商网络设备,PRODUCES,L4-DOWNSTREAM-TELECOM-NETWORK-INFRA,通信网络基础设施,网络设备和数据中心通信需求代表。,E3-710;E3-711;E3-712;E3-724;E3-725;E3-740,high,false,hardcoded,stage6::Cisco::PRODUCES::运营商网络设备,2026-07-08,2026-07-08,2026-07-06,,,,unknown,检索快照,2026-01-03;2026-01-15,2026-07-05;2026-07-06,当前支持,事实判断,E3-710,A:1;B-:5,公开资料检索,2026-10-08,
Cisco,数据中心网络方案,PRODUCES,L4-DOWNSTREAM-TELECOM-NETWORK-INFRA,通信网络基础设施,网络设备和数据中心通信需求代表。,E3-710;E3-711;E3-712;E3-724;E3-725;E3-740,high,false,hardcoded,stage6::Cisco::PRODUCES::数据中心网络方案,2026-07-08,2026-07-08,2026-07-06,,,,unknown,检索快照,2026-01-03;2026-01-15,2026-07-05;2026-07-06,当前支持,事实判断,E3-710,A:1;B-:5,公开资料检索,2026-10-08,
Ericsson,通信设备,PRODUCES,L4-DOWNSTREAM-ICT-DEVICE,消费电子/通信设备,通信设备和5G基础设施全球主要厂商。,E3-709;E3-710;E3-711;E3-712;E3-722;E3-724;E3-725;E3-784,high,false,hardcoded,stage6::Ericsson::PRODUCES::通信设备,2026-07-08,2026-07-08,2026-07-06,,,,unknown,检索快照,2026-01-03;2026-01-15;2026-03-26,2026-07-05;2026-07-06,当前支持,事实判断,E3-709,A:1;B-:7,公开资料检索,2026-10-08,
Ericsson,运营商网络设备,PRODUCES,L4-DOWNSTREAM-TELECOM-NETWORK-INFRA,通信网络基础设施,通信设备和5G基础设施全球主要厂商。,E3-709;E3-710;E3-711;E3-712;E3-722;E3-724;E3-725;E3-784,high,false,hardcoded,stage6::Ericsson::PRODUCES::运营商网络设备,2026-07-08,2026-07-08,2026-07-06,,,,unknown,检索快照,2026-01-03;2026-01-15;2026-03-26,2026-07-05;2026-07-06,当前支持,事实判断,E3-709,A:1;B-:7,公开资料检索,2026-10-08,
Ericsson,基站/核心网设备,PRODUCES,L4-DOWNSTREAM-TELECOM-NETWORK-INFRA,通信网络基础设施,通信设备和5G基础设施全球主要厂商。,E3-709;E3-710;E3-711;E3-712;E3-722;E3-724;E3-725;E3-784,high,false,hardcoded,stage6::Ericsson::PRODUCES::基站/核心网设备,2026-07-08,2026-07-08,2026-07-06,,,,unknown,检索快照,2026-01-03;2026-01-15;2026-03-26,2026-07-05;2026-07-06,当前支持,事实判断,E3-709,A:1;B-:7,公开资料检索,2026-10-08,
Nokia,通信设备,PRODUCES,L4-DOWNSTREAM-ICT-DEVICE,消费电子/通信设备,通信设备和网络基础设施全球主要厂商。,E3-709;E3-710;E3-711;E3-712;E3-722;E3-724;E3-725;E3-741,high,false,hardcoded,stage6::Nokia::PRODUCES::通信设备,2026-07-08,2026-07-08,2026-07-06,,,,unknown,检索快照,2026-01-03;2026-01-15;2026-03-26,2026-07-05;2026-07-06,当前支持,事实判断,E3-709,A:1;B-:7,公开资料检索,2026-10-08,
Nokia,网络设备,PRODUCES,L4-DOWNSTREAM-ICT-DEVICE,消费电子/通信设备,通信设备和网络基础设施全球主要厂商。,E3-709;E3-710;E3-711;E3-712;E3-722;E3-724;E3-725;E3-741,high,false,hardcoded,stage6::Nokia::PRODUCES::网络设备,2026-07-08,2026-07-08,2026-07-06,,,,unknown,检索快照,2026-01-03;2026-01-15;2026-03-26,2026-07-05;2026-07-06,当前支持,事实判断,E3-709,A:1;B-:7,公开资料检索,2026-10-08,
Nokia,运营商网络设备,PRODUCES,L4-DOWNSTREAM-TELECOM-NETWORK-INFRA,通信网络基础设施,通信设备和网络基础设施全球主要厂商。,E3-709;E3-710;E3-711;E3-712;E3-722;E3-724;E3-725;E3-741,high,false,hardcoded,stage6::Nokia::PRODUCES::运营商网络设备,2026-07-08,2026-07-08,2026-07-06,,,,unknown,检索快照,2026-01-03;2026-01-15;2026-03-26,2026-07-05;2026-07-06,当前支持,事实判断,E3-709,A:1;B-:7,公开资料检索,2026-10-08,
Nokia,基站/核心网设备,PRODUCES,L4-DOWNSTREAM-TELECOM-NETWORK-INFRA,通信网络基础设施,通信设备和网络基础设施全球主要厂商。,E3-709;E3-710;E3-711;E3-712;E3-722;E3-724;E3-725;E3-741,high,false,hardcoded,stage6::Nokia::PRODUCES::基站/核心网设备,2026-07-08,2026-07-08,2026-07-06,,,,unknown,检索快照,2026-01-03;2026-01-15;2026-03-26,2026-07-05;2026-07-06,当前支持,事实判断,E3-709,A:1;B-:7,公开资料检索,2026-10-08,
神州数码,AI服务器,INTEGRATES,L4-DOWNSTREAM-AI-INFRA,AI服务器/云基础设施,神州数码官网新闻披露其与浪潮信息联合发布AI一体机解决方案，支持其在AI服务器/一体机方案集成侧入图。,DC-007,high,true,manual_official_evidence,stage6::神州数码::INTEGRATES::AI服务器,2026-07-12,2026-07-12,2026-07-12,2024-12-18,2024-12-18,,day,公开官网新闻/年报摘要披露,2024-12-18,2026-07-12,公开资料支持；内部项目/客户关系需验证,事实关系,DC-007,A:1,公开官网/公告核验,2026-10-12,只表示公开资料支持神州数码具备相关方案集成或业务布局，不外推为具体客户订单。
神州数码,数据中心基础设施服务,INTEGRATES,L4-DOWNSTREAM-AI-INFRA,AI服务器/云基础设施,神州数码2025年报摘要披露其围绕芯片、主控、存储、模组等品类完善电子元器件业务布局，并为客户提供Design House等增值服务；结合AI一体机公开方案，可支撑其数据中心/AI基础设施方案集成能力入图。,DC-006;DC-007,medium,true,manual_official_evidence,stage6::神州数码::INTEGRATES::数据中心基础设施服务,2026-07-12,2026-07-12,2026-07-12,2025,,,year,公开官网新闻/年报摘要披露,2026-03-31;2024-12-18,2026-07-12,公开资料支持；内部项目/客户关系需验证,事实关系,DC-006,A:1,公开官网/公告核验,2026-10-12,只表示公开资料支持神州数码具备相关方案集成或业务布局，不外推为具体客户订单。
